[2025-12-24T13:18:15.109+0000] {processor.py:157} INFO - Started process (PID=217) to work on /opt/airflow/dags/hello_dag.py
[2025-12-24T13:18:15.110+0000] {processor.py:829} INFO - Processing file /opt/airflow/dags/hello_dag.py for tasks to queue
[2025-12-24T13:18:15.111+0000] {logging_mixin.py:154} INFO - [2025-12-24T13:18:15.110+0000] {dagbag.py:536} INFO - Filling up the DagBag from /opt/airflow/dags/hello_dag.py
[2025-12-24T13:18:15.143+0000] {processor.py:839} INFO - DAG(s) dict_keys(['hello_world_dag']) retrieved from /opt/airflow/dags/hello_dag.py
[2025-12-24T13:18:15.401+0000] {logging_mixin.py:154} INFO - [2025-12-24T13:18:15.401+0000] {manager.py:499} INFO - Created Permission View: %s
[2025-12-24T13:18:15.416+0000] {logging_mixin.py:154} INFO - [2025-12-24T13:18:15.415+0000] {manager.py:499} INFO - Created Permission View: %s
[2025-12-24T13:18:15.428+0000] {logging_mixin.py:154} INFO - [2025-12-24T13:18:15.428+0000] {manager.py:499} INFO - Created Permission View: %s
[2025-12-24T13:18:15.428+0000] {logging_mixin.py:154} INFO - [2025-12-24T13:18:15.428+0000] {dag.py:2941} INFO - Sync 1 DAGs
[2025-12-24T13:18:15.441+0000] {logging_mixin.py:154} INFO - [2025-12-24T13:18:15.441+0000] {dag.py:2963} INFO - Creating ORM DAG for hello_world_dag
[2025-12-24T13:18:15.442+0000] {logging_mixin.py:154} INFO - [2025-12-24T13:18:15.442+0000] {dag.py:3722} INFO - Setting next_dagrun for hello_world_dag to None, run_after=None
[2025-12-24T13:18:15.469+0000] {processor.py:179} INFO - Processing /opt/airflow/dags/hello_dag.py took 0.364 seconds
[2025-12-24T13:18:46.457+0000] {processor.py:157} INFO - Started process (PID=227) to work on /opt/airflow/dags/hello_dag.py
[2025-12-24T13:18:46.458+0000] {processor.py:829} INFO - Processing file /opt/airflow/dags/hello_dag.py for tasks to queue
[2025-12-24T13:18:46.459+0000] {logging_mixin.py:154} INFO - [2025-12-24T13:18:46.458+0000] {dagbag.py:536} INFO - Filling up the DagBag from /opt/airflow/dags/hello_dag.py
[2025-12-24T13:18:46.478+0000] {processor.py:839} INFO - DAG(s) dict_keys(['hello_world_dag']) retrieved from /opt/airflow/dags/hello_dag.py
[2025-12-24T13:18:46.517+0000] {logging_mixin.py:154} INFO - [2025-12-24T13:18:46.517+0000] {dag.py:2941} INFO - Sync 1 DAGs
[2025-12-24T13:18:46.537+0000] {logging_mixin.py:154} INFO - [2025-12-24T13:18:46.537+0000] {dag.py:3722} INFO - Setting next_dagrun for hello_world_dag to None, run_after=None
[2025-12-24T13:18:46.566+0000] {processor.py:179} INFO - Processing /opt/airflow/dags/hello_dag.py took 0.113 seconds
[2025-12-24T14:18:54.449+0000] {processor.py:157} INFO - Started process (PID=168) to work on /opt/airflow/dags/hello_dag.py
[2025-12-24T14:18:54.451+0000] {processor.py:829} INFO - Processing file /opt/airflow/dags/hello_dag.py for tasks to queue
[2025-12-24T14:18:54.452+0000] {logging_mixin.py:154} INFO - [2025-12-24T14:18:54.452+0000] {dagbag.py:536} INFO - Filling up the DagBag from /opt/airflow/dags/hello_dag.py
[2025-12-24T14:18:54.500+0000] {processor.py:839} INFO - DAG(s) dict_keys(['hello_world_dag']) retrieved from /opt/airflow/dags/hello_dag.py
[2025-12-24T14:18:54.758+0000] {logging_mixin.py:154} INFO - [2025-12-24T14:18:54.757+0000] {manager.py:499} INFO - Created Permission View: %s
[2025-12-24T14:18:54.778+0000] {logging_mixin.py:154} INFO - [2025-12-24T14:18:54.778+0000] {manager.py:499} INFO - Created Permission View: %s
[2025-12-24T14:18:54.791+0000] {logging_mixin.py:154} INFO - [2025-12-24T14:18:54.790+0000] {manager.py:499} INFO - Created Permission View: %s
[2025-12-24T14:18:54.792+0000] {logging_mixin.py:154} INFO - [2025-12-24T14:18:54.791+0000] {dag.py:2941} INFO - Sync 1 DAGs
[2025-12-24T14:18:54.812+0000] {logging_mixin.py:154} INFO - [2025-12-24T14:18:54.812+0000] {dag.py:2963} INFO - Creating ORM DAG for hello_world_dag
[2025-12-24T14:18:54.813+0000] {logging_mixin.py:154} INFO - [2025-12-24T14:18:54.813+0000] {dag.py:3722} INFO - Setting next_dagrun for hello_world_dag to None, run_after=None
[2025-12-24T14:18:54.854+0000] {processor.py:179} INFO - Processing /opt/airflow/dags/hello_dag.py took 0.411 seconds
[2025-12-24T14:19:24.997+0000] {processor.py:157} INFO - Started process (PID=183) to work on /opt/airflow/dags/hello_dag.py
[2025-12-24T14:19:24.999+0000] {processor.py:829} INFO - Processing file /opt/airflow/dags/hello_dag.py for tasks to queue
[2025-12-24T14:19:25.002+0000] {logging_mixin.py:154} INFO - [2025-12-24T14:19:25.001+0000] {dagbag.py:536} INFO - Filling up the DagBag from /opt/airflow/dags/hello_dag.py
[2025-12-24T14:19:25.045+0000] {processor.py:839} INFO - DAG(s) dict_keys(['hello_world_dag']) retrieved from /opt/airflow/dags/hello_dag.py
[2025-12-24T14:19:25.092+0000] {logging_mixin.py:154} INFO - [2025-12-24T14:19:25.091+0000] {dag.py:2941} INFO - Sync 1 DAGs
[2025-12-24T14:19:25.133+0000] {logging_mixin.py:154} INFO - [2025-12-24T14:19:25.133+0000] {dag.py:3722} INFO - Setting next_dagrun for hello_world_dag to None, run_after=None
[2025-12-24T14:19:25.171+0000] {processor.py:179} INFO - Processing /opt/airflow/dags/hello_dag.py took 0.179 seconds
[2025-12-24T14:19:55.269+0000] {processor.py:157} INFO - Started process (PID=188) to work on /opt/airflow/dags/hello_dag.py
[2025-12-24T14:19:55.270+0000] {processor.py:829} INFO - Processing file /opt/airflow/dags/hello_dag.py for tasks to queue
[2025-12-24T14:19:55.272+0000] {logging_mixin.py:154} INFO - [2025-12-24T14:19:55.272+0000] {dagbag.py:536} INFO - Filling up the DagBag from /opt/airflow/dags/hello_dag.py
[2025-12-24T14:19:55.302+0000] {processor.py:839} INFO - DAG(s) dict_keys(['hello_world_dag']) retrieved from /opt/airflow/dags/hello_dag.py
[2025-12-24T14:19:55.344+0000] {logging_mixin.py:154} INFO - [2025-12-24T14:19:55.343+0000] {dag.py:2941} INFO - Sync 1 DAGs
[2025-12-24T14:19:55.366+0000] {logging_mixin.py:154} INFO - [2025-12-24T14:19:55.366+0000] {dag.py:3722} INFO - Setting next_dagrun for hello_world_dag to None, run_after=None
[2025-12-24T14:19:55.393+0000] {processor.py:179} INFO - Processing /opt/airflow/dags/hello_dag.py took 0.130 seconds
[2025-12-24T15:02:42.536+0000] {processor.py:157} INFO - Started process (PID=167) to work on /opt/airflow/dags/hello_dag.py
[2025-12-24T15:02:42.538+0000] {processor.py:829} INFO - Processing file /opt/airflow/dags/hello_dag.py for tasks to queue
[2025-12-24T15:02:42.539+0000] {logging_mixin.py:154} INFO - [2025-12-24T15:02:42.539+0000] {dagbag.py:536} INFO - Filling up the DagBag from /opt/airflow/dags/hello_dag.py
[2025-12-24T15:02:42.590+0000] {processor.py:839} INFO - DAG(s) dict_keys(['hello_world_dag']) retrieved from /opt/airflow/dags/hello_dag.py
[2025-12-24T15:02:42.692+0000] {logging_mixin.py:154} INFO - [2025-12-24T15:02:42.692+0000] {dag.py:2941} INFO - Sync 1 DAGs
[2025-12-24T15:02:42.716+0000] {logging_mixin.py:154} INFO - [2025-12-24T15:02:42.716+0000] {dag.py:3722} INFO - Setting next_dagrun for hello_world_dag to None, run_after=None
[2025-12-24T15:02:42.751+0000] {processor.py:179} INFO - Processing /opt/airflow/dags/hello_dag.py took 0.221 seconds
[2025-12-24T15:03:12.936+0000] {processor.py:157} INFO - Started process (PID=177) to work on /opt/airflow/dags/hello_dag.py
[2025-12-24T15:03:12.937+0000] {processor.py:829} INFO - Processing file /opt/airflow/dags/hello_dag.py for tasks to queue
[2025-12-24T15:03:12.938+0000] {logging_mixin.py:154} INFO - [2025-12-24T15:03:12.937+0000] {dagbag.py:536} INFO - Filling up the DagBag from /opt/airflow/dags/hello_dag.py
[2025-12-24T15:03:12.954+0000] {processor.py:839} INFO - DAG(s) dict_keys(['hello_world_dag']) retrieved from /opt/airflow/dags/hello_dag.py
[2025-12-24T15:03:12.979+0000] {logging_mixin.py:154} INFO - [2025-12-24T15:03:12.979+0000] {dag.py:2941} INFO - Sync 1 DAGs
[2025-12-24T15:03:12.994+0000] {logging_mixin.py:154} INFO - [2025-12-24T15:03:12.994+0000] {dag.py:3722} INFO - Setting next_dagrun for hello_world_dag to None, run_after=None
[2025-12-24T15:03:13.017+0000] {processor.py:179} INFO - Processing /opt/airflow/dags/hello_dag.py took 0.084 seconds
[2025-12-24T15:03:43.368+0000] {processor.py:157} INFO - Started process (PID=187) to work on /opt/airflow/dags/hello_dag.py
[2025-12-24T15:03:43.369+0000] {processor.py:829} INFO - Processing file /opt/airflow/dags/hello_dag.py for tasks to queue
[2025-12-24T15:03:43.370+0000] {logging_mixin.py:154} INFO - [2025-12-24T15:03:43.370+0000] {dagbag.py:536} INFO - Filling up the DagBag from /opt/airflow/dags/hello_dag.py
[2025-12-24T15:03:43.395+0000] {processor.py:839} INFO - DAG(s) dict_keys(['hello_world_dag']) retrieved from /opt/airflow/dags/hello_dag.py
[2025-12-24T15:03:43.433+0000] {logging_mixin.py:154} INFO - [2025-12-24T15:03:43.432+0000] {dag.py:2941} INFO - Sync 1 DAGs
[2025-12-24T15:03:43.450+0000] {logging_mixin.py:154} INFO - [2025-12-24T15:03:43.450+0000] {dag.py:3722} INFO - Setting next_dagrun for hello_world_dag to None, run_after=None
[2025-12-24T15:03:43.479+0000] {processor.py:179} INFO - Processing /opt/airflow/dags/hello_dag.py took 0.117 seconds
[2025-12-24T15:04:13.735+0000] {processor.py:157} INFO - Started process (PID=197) to work on /opt/airflow/dags/hello_dag.py
[2025-12-24T15:04:13.736+0000] {processor.py:829} INFO - Processing file /opt/airflow/dags/hello_dag.py for tasks to queue
[2025-12-24T15:04:13.737+0000] {logging_mixin.py:154} INFO - [2025-12-24T15:04:13.737+0000] {dagbag.py:536} INFO - Filling up the DagBag from /opt/airflow/dags/hello_dag.py
[2025-12-24T15:04:13.758+0000] {processor.py:839} INFO - DAG(s) dict_keys(['hello_world_dag']) retrieved from /opt/airflow/dags/hello_dag.py
[2025-12-24T15:04:13.787+0000] {logging_mixin.py:154} INFO - [2025-12-24T15:04:13.787+0000] {dag.py:2941} INFO - Sync 1 DAGs
[2025-12-24T15:04:13.800+0000] {logging_mixin.py:154} INFO - [2025-12-24T15:04:13.800+0000] {dag.py:3722} INFO - Setting next_dagrun for hello_world_dag to None, run_after=None
[2025-12-24T15:04:13.822+0000] {processor.py:179} INFO - Processing /opt/airflow/dags/hello_dag.py took 0.092 seconds
[2025-12-24T15:04:44.158+0000] {processor.py:157} INFO - Started process (PID=207) to work on /opt/airflow/dags/hello_dag.py
[2025-12-24T15:04:44.159+0000] {processor.py:829} INFO - Processing file /opt/airflow/dags/hello_dag.py for tasks to queue
[2025-12-24T15:04:44.160+0000] {logging_mixin.py:154} INFO - [2025-12-24T15:04:44.160+0000] {dagbag.py:536} INFO - Filling up the DagBag from /opt/airflow/dags/hello_dag.py
[2025-12-24T15:04:44.176+0000] {processor.py:839} INFO - DAG(s) dict_keys(['hello_world_dag']) retrieved from /opt/airflow/dags/hello_dag.py
[2025-12-24T15:04:44.203+0000] {logging_mixin.py:154} INFO - [2025-12-24T15:04:44.203+0000] {dag.py:2941} INFO - Sync 1 DAGs
[2025-12-24T15:04:44.215+0000] {logging_mixin.py:154} INFO - [2025-12-24T15:04:44.215+0000] {dag.py:3722} INFO - Setting next_dagrun for hello_world_dag to None, run_after=None
[2025-12-24T15:04:44.237+0000] {processor.py:179} INFO - Processing /opt/airflow/dags/hello_dag.py took 0.082 seconds
[2025-12-24T15:07:30.480+0000] {processor.py:157} INFO - Started process (PID=166) to work on /opt/airflow/dags/hello_dag.py
[2025-12-24T15:07:30.481+0000] {processor.py:829} INFO - Processing file /opt/airflow/dags/hello_dag.py for tasks to queue
[2025-12-24T15:07:30.485+0000] {logging_mixin.py:154} INFO - [2025-12-24T15:07:30.484+0000] {dagbag.py:536} INFO - Filling up the DagBag from /opt/airflow/dags/hello_dag.py
[2025-12-24T15:07:30.544+0000] {processor.py:839} INFO - DAG(s) dict_keys(['hello_world_dag']) retrieved from /opt/airflow/dags/hello_dag.py
[2025-12-24T15:07:30.632+0000] {logging_mixin.py:154} INFO - [2025-12-24T15:07:30.632+0000] {dag.py:2941} INFO - Sync 1 DAGs
[2025-12-24T15:07:30.652+0000] {logging_mixin.py:154} INFO - [2025-12-24T15:07:30.652+0000] {dag.py:3722} INFO - Setting next_dagrun for hello_world_dag to None, run_after=None
[2025-12-24T15:07:30.684+0000] {processor.py:179} INFO - Processing /opt/airflow/dags/hello_dag.py took 0.213 seconds
[2025-12-24T15:08:00.953+0000] {processor.py:157} INFO - Started process (PID=176) to work on /opt/airflow/dags/hello_dag.py
[2025-12-24T15:08:00.954+0000] {processor.py:829} INFO - Processing file /opt/airflow/dags/hello_dag.py for tasks to queue
[2025-12-24T15:08:00.956+0000] {logging_mixin.py:154} INFO - [2025-12-24T15:08:00.955+0000] {dagbag.py:536} INFO - Filling up the DagBag from /opt/airflow/dags/hello_dag.py
[2025-12-24T15:08:00.980+0000] {processor.py:839} INFO - DAG(s) dict_keys(['hello_world_dag']) retrieved from /opt/airflow/dags/hello_dag.py
[2025-12-24T15:08:01.029+0000] {logging_mixin.py:154} INFO - [2025-12-24T15:08:01.028+0000] {dag.py:2941} INFO - Sync 1 DAGs
[2025-12-24T15:08:01.052+0000] {logging_mixin.py:154} INFO - [2025-12-24T15:08:01.052+0000] {dag.py:3722} INFO - Setting next_dagrun for hello_world_dag to None, run_after=None
[2025-12-24T15:08:01.082+0000] {processor.py:179} INFO - Processing /opt/airflow/dags/hello_dag.py took 0.134 seconds
[2025-12-24T15:08:31.413+0000] {processor.py:157} INFO - Started process (PID=186) to work on /opt/airflow/dags/hello_dag.py
[2025-12-24T15:08:31.414+0000] {processor.py:829} INFO - Processing file /opt/airflow/dags/hello_dag.py for tasks to queue
[2025-12-24T15:08:31.415+0000] {logging_mixin.py:154} INFO - [2025-12-24T15:08:31.415+0000] {dagbag.py:536} INFO - Filling up the DagBag from /opt/airflow/dags/hello_dag.py
[2025-12-24T15:08:31.442+0000] {processor.py:839} INFO - DAG(s) dict_keys(['hello_world_dag']) retrieved from /opt/airflow/dags/hello_dag.py
[2025-12-24T15:08:31.474+0000] {logging_mixin.py:154} INFO - [2025-12-24T15:08:31.474+0000] {dag.py:2941} INFO - Sync 1 DAGs
[2025-12-24T15:08:31.486+0000] {logging_mixin.py:154} INFO - [2025-12-24T15:08:31.486+0000] {dag.py:3722} INFO - Setting next_dagrun for hello_world_dag to None, run_after=None
[2025-12-24T15:08:31.510+0000] {processor.py:179} INFO - Processing /opt/airflow/dags/hello_dag.py took 0.102 seconds
[2025-12-24T15:09:01.822+0000] {processor.py:157} INFO - Started process (PID=196) to work on /opt/airflow/dags/hello_dag.py
[2025-12-24T15:09:01.823+0000] {processor.py:829} INFO - Processing file /opt/airflow/dags/hello_dag.py for tasks to queue
[2025-12-24T15:09:01.824+0000] {logging_mixin.py:154} INFO - [2025-12-24T15:09:01.824+0000] {dagbag.py:536} INFO - Filling up the DagBag from /opt/airflow/dags/hello_dag.py
[2025-12-24T15:09:01.842+0000] {processor.py:839} INFO - DAG(s) dict_keys(['hello_world_dag']) retrieved from /opt/airflow/dags/hello_dag.py
[2025-12-24T15:09:01.868+0000] {logging_mixin.py:154} INFO - [2025-12-24T15:09:01.868+0000] {dag.py:2941} INFO - Sync 1 DAGs
[2025-12-24T15:09:01.882+0000] {logging_mixin.py:154} INFO - [2025-12-24T15:09:01.881+0000] {dag.py:3722} INFO - Setting next_dagrun for hello_world_dag to None, run_after=None
[2025-12-24T15:09:01.904+0000] {processor.py:179} INFO - Processing /opt/airflow/dags/hello_dag.py took 0.085 seconds
[2025-12-24T15:09:32.249+0000] {processor.py:157} INFO - Started process (PID=206) to work on /opt/airflow/dags/hello_dag.py
[2025-12-24T15:09:32.250+0000] {processor.py:829} INFO - Processing file /opt/airflow/dags/hello_dag.py for tasks to queue
[2025-12-24T15:09:32.251+0000] {logging_mixin.py:154} INFO - [2025-12-24T15:09:32.251+0000] {dagbag.py:536} INFO - Filling up the DagBag from /opt/airflow/dags/hello_dag.py
[2025-12-24T15:09:32.270+0000] {processor.py:839} INFO - DAG(s) dict_keys(['hello_world_dag']) retrieved from /opt/airflow/dags/hello_dag.py
[2025-12-24T15:09:32.296+0000] {logging_mixin.py:154} INFO - [2025-12-24T15:09:32.296+0000] {dag.py:2941} INFO - Sync 1 DAGs
[2025-12-24T15:09:32.309+0000] {logging_mixin.py:154} INFO - [2025-12-24T15:09:32.308+0000] {dag.py:3722} INFO - Setting next_dagrun for hello_world_dag to None, run_after=None
[2025-12-24T15:09:32.330+0000] {processor.py:179} INFO - Processing /opt/airflow/dags/hello_dag.py took 0.085 seconds
[2025-12-24T15:10:02.595+0000] {processor.py:157} INFO - Started process (PID=216) to work on /opt/airflow/dags/hello_dag.py
[2025-12-24T15:10:02.596+0000] {processor.py:829} INFO - Processing file /opt/airflow/dags/hello_dag.py for tasks to queue
[2025-12-24T15:10:02.599+0000] {logging_mixin.py:154} INFO - [2025-12-24T15:10:02.598+0000] {dagbag.py:536} INFO - Filling up the DagBag from /opt/airflow/dags/hello_dag.py
[2025-12-24T15:10:02.628+0000] {processor.py:839} INFO - DAG(s) dict_keys(['hello_world_dag']) retrieved from /opt/airflow/dags/hello_dag.py
[2025-12-24T15:10:02.670+0000] {logging_mixin.py:154} INFO - [2025-12-24T15:10:02.669+0000] {dag.py:2941} INFO - Sync 1 DAGs
[2025-12-24T15:10:02.687+0000] {logging_mixin.py:154} INFO - [2025-12-24T15:10:02.687+0000] {dag.py:3722} INFO - Setting next_dagrun for hello_world_dag to None, run_after=None
[2025-12-24T15:10:02.711+0000] {processor.py:179} INFO - Processing /opt/airflow/dags/hello_dag.py took 0.122 seconds
[2025-12-24T15:10:33.042+0000] {processor.py:157} INFO - Started process (PID=226) to work on /opt/airflow/dags/hello_dag.py
[2025-12-24T15:10:33.043+0000] {processor.py:829} INFO - Processing file /opt/airflow/dags/hello_dag.py for tasks to queue
[2025-12-24T15:10:33.045+0000] {logging_mixin.py:154} INFO - [2025-12-24T15:10:33.044+0000] {dagbag.py:536} INFO - Filling up the DagBag from /opt/airflow/dags/hello_dag.py
[2025-12-24T15:10:33.064+0000] {processor.py:839} INFO - DAG(s) dict_keys(['hello_world_dag']) retrieved from /opt/airflow/dags/hello_dag.py
[2025-12-24T15:10:33.090+0000] {logging_mixin.py:154} INFO - [2025-12-24T15:10:33.090+0000] {dag.py:2941} INFO - Sync 1 DAGs
[2025-12-24T15:10:33.103+0000] {logging_mixin.py:154} INFO - [2025-12-24T15:10:33.102+0000] {dag.py:3722} INFO - Setting next_dagrun for hello_world_dag to None, run_after=None
[2025-12-24T15:10:33.127+0000] {processor.py:179} INFO - Processing /opt/airflow/dags/hello_dag.py took 0.087 seconds
[2025-12-24T15:11:03.407+0000] {processor.py:157} INFO - Started process (PID=236) to work on /opt/airflow/dags/hello_dag.py
[2025-12-24T15:11:03.408+0000] {processor.py:829} INFO - Processing file /opt/airflow/dags/hello_dag.py for tasks to queue
[2025-12-24T15:11:03.410+0000] {logging_mixin.py:154} INFO - [2025-12-24T15:11:03.410+0000] {dagbag.py:536} INFO - Filling up the DagBag from /opt/airflow/dags/hello_dag.py
[2025-12-24T15:11:03.448+0000] {processor.py:839} INFO - DAG(s) dict_keys(['hello_world_dag']) retrieved from /opt/airflow/dags/hello_dag.py
[2025-12-24T15:11:03.506+0000] {logging_mixin.py:154} INFO - [2025-12-24T15:11:03.505+0000] {dag.py:2941} INFO - Sync 1 DAGs
[2025-12-24T15:11:03.537+0000] {logging_mixin.py:154} INFO - [2025-12-24T15:11:03.537+0000] {dag.py:3722} INFO - Setting next_dagrun for hello_world_dag to None, run_after=None
[2025-12-24T15:11:03.580+0000] {processor.py:179} INFO - Processing /opt/airflow/dags/hello_dag.py took 0.180 seconds
[2025-12-24T15:11:33.848+0000] {processor.py:157} INFO - Started process (PID=249) to work on /opt/airflow/dags/hello_dag.py
[2025-12-24T15:11:33.850+0000] {processor.py:829} INFO - Processing file /opt/airflow/dags/hello_dag.py for tasks to queue
[2025-12-24T15:11:33.851+0000] {logging_mixin.py:154} INFO - [2025-12-24T15:11:33.851+0000] {dagbag.py:536} INFO - Filling up the DagBag from /opt/airflow/dags/hello_dag.py
[2025-12-24T15:11:33.905+0000] {processor.py:839} INFO - DAG(s) dict_keys(['hello_world_dag']) retrieved from /opt/airflow/dags/hello_dag.py
[2025-12-24T15:11:33.981+0000] {logging_mixin.py:154} INFO - [2025-12-24T15:11:33.980+0000] {dag.py:2941} INFO - Sync 1 DAGs
[2025-12-24T15:11:34.009+0000] {logging_mixin.py:154} INFO - [2025-12-24T15:11:34.008+0000] {dag.py:3722} INFO - Setting next_dagrun for hello_world_dag to None, run_after=None
[2025-12-24T15:11:34.047+0000] {processor.py:179} INFO - Processing /opt/airflow/dags/hello_dag.py took 0.210 seconds
[2025-12-24T15:12:04.238+0000] {processor.py:157} INFO - Started process (PID=259) to work on /opt/airflow/dags/hello_dag.py
[2025-12-24T15:12:04.239+0000] {processor.py:829} INFO - Processing file /opt/airflow/dags/hello_dag.py for tasks to queue
[2025-12-24T15:12:04.241+0000] {logging_mixin.py:154} INFO - [2025-12-24T15:12:04.240+0000] {dagbag.py:536} INFO - Filling up the DagBag from /opt/airflow/dags/hello_dag.py
[2025-12-24T15:12:04.266+0000] {processor.py:839} INFO - DAG(s) dict_keys(['hello_world_dag']) retrieved from /opt/airflow/dags/hello_dag.py
[2025-12-24T15:12:04.294+0000] {logging_mixin.py:154} INFO - [2025-12-24T15:12:04.294+0000] {dag.py:2941} INFO - Sync 1 DAGs
[2025-12-24T15:12:04.308+0000] {logging_mixin.py:154} INFO - [2025-12-24T15:12:04.308+0000] {dag.py:3722} INFO - Setting next_dagrun for hello_world_dag to None, run_after=None
[2025-12-24T15:12:04.331+0000] {processor.py:179} INFO - Processing /opt/airflow/dags/hello_dag.py took 0.096 seconds
[2025-12-24T15:12:34.677+0000] {processor.py:157} INFO - Started process (PID=269) to work on /opt/airflow/dags/hello_dag.py
[2025-12-24T15:12:34.678+0000] {processor.py:829} INFO - Processing file /opt/airflow/dags/hello_dag.py for tasks to queue
[2025-12-24T15:12:34.679+0000] {logging_mixin.py:154} INFO - [2025-12-24T15:12:34.678+0000] {dagbag.py:536} INFO - Filling up the DagBag from /opt/airflow/dags/hello_dag.py
[2025-12-24T15:12:34.697+0000] {processor.py:839} INFO - DAG(s) dict_keys(['hello_world_dag']) retrieved from /opt/airflow/dags/hello_dag.py
[2025-12-24T15:12:34.758+0000] {logging_mixin.py:154} INFO - [2025-12-24T15:12:34.758+0000] {dag.py:2941} INFO - Sync 1 DAGs
[2025-12-24T15:12:34.787+0000] {logging_mixin.py:154} INFO - [2025-12-24T15:12:34.787+0000] {dag.py:3722} INFO - Setting next_dagrun for hello_world_dag to None, run_after=None
[2025-12-24T15:12:34.809+0000] {processor.py:179} INFO - Processing /opt/airflow/dags/hello_dag.py took 0.136 seconds
[2025-12-24T15:13:05.094+0000] {processor.py:157} INFO - Started process (PID=279) to work on /opt/airflow/dags/hello_dag.py
[2025-12-24T15:13:05.095+0000] {processor.py:829} INFO - Processing file /opt/airflow/dags/hello_dag.py for tasks to queue
[2025-12-24T15:13:05.096+0000] {logging_mixin.py:154} INFO - [2025-12-24T15:13:05.096+0000] {dagbag.py:536} INFO - Filling up the DagBag from /opt/airflow/dags/hello_dag.py
[2025-12-24T15:13:05.117+0000] {processor.py:839} INFO - DAG(s) dict_keys(['hello_world_dag']) retrieved from /opt/airflow/dags/hello_dag.py
[2025-12-24T15:13:05.147+0000] {logging_mixin.py:154} INFO - [2025-12-24T15:13:05.147+0000] {dag.py:2941} INFO - Sync 1 DAGs
[2025-12-24T15:13:05.159+0000] {logging_mixin.py:154} INFO - [2025-12-24T15:13:05.159+0000] {dag.py:3722} INFO - Setting next_dagrun for hello_world_dag to None, run_after=None
[2025-12-24T15:13:05.184+0000] {processor.py:179} INFO - Processing /opt/airflow/dags/hello_dag.py took 0.095 seconds
[2025-12-24T15:13:35.507+0000] {processor.py:157} INFO - Started process (PID=289) to work on /opt/airflow/dags/hello_dag.py
[2025-12-24T15:13:35.508+0000] {processor.py:829} INFO - Processing file /opt/airflow/dags/hello_dag.py for tasks to queue
[2025-12-24T15:13:35.509+0000] {logging_mixin.py:154} INFO - [2025-12-24T15:13:35.509+0000] {dagbag.py:536} INFO - Filling up the DagBag from /opt/airflow/dags/hello_dag.py
[2025-12-24T15:13:35.526+0000] {processor.py:839} INFO - DAG(s) dict_keys(['hello_world_dag']) retrieved from /opt/airflow/dags/hello_dag.py
[2025-12-24T15:13:35.551+0000] {logging_mixin.py:154} INFO - [2025-12-24T15:13:35.551+0000] {dag.py:2941} INFO - Sync 1 DAGs
[2025-12-24T15:13:35.564+0000] {logging_mixin.py:154} INFO - [2025-12-24T15:13:35.564+0000] {dag.py:3722} INFO - Setting next_dagrun for hello_world_dag to None, run_after=None
[2025-12-24T15:13:35.587+0000] {processor.py:179} INFO - Processing /opt/airflow/dags/hello_dag.py took 0.083 seconds
[2025-12-24T15:14:05.892+0000] {processor.py:157} INFO - Started process (PID=299) to work on /opt/airflow/dags/hello_dag.py
[2025-12-24T15:14:05.893+0000] {processor.py:829} INFO - Processing file /opt/airflow/dags/hello_dag.py for tasks to queue
[2025-12-24T15:14:05.894+0000] {logging_mixin.py:154} INFO - [2025-12-24T15:14:05.894+0000] {dagbag.py:536} INFO - Filling up the DagBag from /opt/airflow/dags/hello_dag.py
[2025-12-24T15:14:05.913+0000] {processor.py:839} INFO - DAG(s) dict_keys(['hello_world_dag']) retrieved from /opt/airflow/dags/hello_dag.py
[2025-12-24T15:14:05.940+0000] {logging_mixin.py:154} INFO - [2025-12-24T15:14:05.940+0000] {dag.py:2941} INFO - Sync 1 DAGs
[2025-12-24T15:14:05.955+0000] {logging_mixin.py:154} INFO - [2025-12-24T15:14:05.955+0000] {dag.py:3722} INFO - Setting next_dagrun for hello_world_dag to None, run_after=None
[2025-12-24T15:14:05.982+0000] {processor.py:179} INFO - Processing /opt/airflow/dags/hello_dag.py took 0.094 seconds
[2025-12-24T15:14:36.261+0000] {processor.py:157} INFO - Started process (PID=309) to work on /opt/airflow/dags/hello_dag.py
[2025-12-24T15:14:36.262+0000] {processor.py:829} INFO - Processing file /opt/airflow/dags/hello_dag.py for tasks to queue
[2025-12-24T15:14:36.263+0000] {logging_mixin.py:154} INFO - [2025-12-24T15:14:36.263+0000] {dagbag.py:536} INFO - Filling up the DagBag from /opt/airflow/dags/hello_dag.py
[2025-12-24T15:14:36.296+0000] {processor.py:839} INFO - DAG(s) dict_keys(['hello_world_dag']) retrieved from /opt/airflow/dags/hello_dag.py
[2025-12-24T15:14:36.346+0000] {logging_mixin.py:154} INFO - [2025-12-24T15:14:36.345+0000] {dag.py:2941} INFO - Sync 1 DAGs
[2025-12-24T15:14:36.369+0000] {logging_mixin.py:154} INFO - [2025-12-24T15:14:36.369+0000] {dag.py:3722} INFO - Setting next_dagrun for hello_world_dag to None, run_after=None
[2025-12-24T15:14:36.395+0000] {processor.py:179} INFO - Processing /opt/airflow/dags/hello_dag.py took 0.139 seconds
[2025-12-24T15:14:50.177+0000] {processor.py:157} INFO - Started process (PID=166) to work on /opt/airflow/dags/hello_dag.py
[2025-12-24T15:14:50.178+0000] {processor.py:829} INFO - Processing file /opt/airflow/dags/hello_dag.py for tasks to queue
[2025-12-24T15:14:50.180+0000] {logging_mixin.py:154} INFO - [2025-12-24T15:14:50.179+0000] {dagbag.py:536} INFO - Filling up the DagBag from /opt/airflow/dags/hello_dag.py
[2025-12-24T15:14:50.205+0000] {processor.py:839} INFO - DAG(s) dict_keys(['hello_world_dag']) retrieved from /opt/airflow/dags/hello_dag.py
[2025-12-24T15:14:50.257+0000] {logging_mixin.py:154} INFO - [2025-12-24T15:14:50.257+0000] {dag.py:2941} INFO - Sync 1 DAGs
[2025-12-24T15:14:50.273+0000] {logging_mixin.py:154} INFO - [2025-12-24T15:14:50.272+0000] {dag.py:3722} INFO - Setting next_dagrun for hello_world_dag to None, run_after=None
[2025-12-24T15:14:50.299+0000] {processor.py:179} INFO - Processing /opt/airflow/dags/hello_dag.py took 0.128 seconds
[2025-12-24T15:15:26.123+0000] {processor.py:157} INFO - Started process (PID=167) to work on /opt/airflow/dags/hello_dag.py
[2025-12-24T15:15:26.125+0000] {processor.py:829} INFO - Processing file /opt/airflow/dags/hello_dag.py for tasks to queue
[2025-12-24T15:15:26.128+0000] {logging_mixin.py:154} INFO - [2025-12-24T15:15:26.127+0000] {dagbag.py:536} INFO - Filling up the DagBag from /opt/airflow/dags/hello_dag.py
[2025-12-24T15:15:26.169+0000] {processor.py:839} INFO - DAG(s) dict_keys(['hello_world_dag']) retrieved from /opt/airflow/dags/hello_dag.py
[2025-12-24T15:15:26.237+0000] {logging_mixin.py:154} INFO - [2025-12-24T15:15:26.237+0000] {dag.py:2941} INFO - Sync 1 DAGs
[2025-12-24T15:15:26.256+0000] {logging_mixin.py:154} INFO - [2025-12-24T15:15:26.255+0000] {dag.py:3722} INFO - Setting next_dagrun for hello_world_dag to None, run_after=None
[2025-12-24T15:15:26.283+0000] {processor.py:179} INFO - Processing /opt/airflow/dags/hello_dag.py took 0.165 seconds
[2025-12-24T15:15:56.568+0000] {processor.py:157} INFO - Started process (PID=177) to work on /opt/airflow/dags/hello_dag.py
[2025-12-24T15:15:56.569+0000] {processor.py:829} INFO - Processing file /opt/airflow/dags/hello_dag.py for tasks to queue
[2025-12-24T15:15:56.570+0000] {logging_mixin.py:154} INFO - [2025-12-24T15:15:56.570+0000] {dagbag.py:536} INFO - Filling up the DagBag from /opt/airflow/dags/hello_dag.py
[2025-12-24T15:15:56.591+0000] {processor.py:839} INFO - DAG(s) dict_keys(['hello_world_dag']) retrieved from /opt/airflow/dags/hello_dag.py
[2025-12-24T15:15:56.620+0000] {logging_mixin.py:154} INFO - [2025-12-24T15:15:56.619+0000] {dag.py:2941} INFO - Sync 1 DAGs
[2025-12-24T15:15:56.634+0000] {logging_mixin.py:154} INFO - [2025-12-24T15:15:56.633+0000] {dag.py:3722} INFO - Setting next_dagrun for hello_world_dag to None, run_after=None
[2025-12-24T15:15:56.655+0000] {processor.py:179} INFO - Processing /opt/airflow/dags/hello_dag.py took 0.092 seconds
[2025-12-24T15:16:26.964+0000] {processor.py:157} INFO - Started process (PID=187) to work on /opt/airflow/dags/hello_dag.py
[2025-12-24T15:16:26.965+0000] {processor.py:829} INFO - Processing file /opt/airflow/dags/hello_dag.py for tasks to queue
[2025-12-24T15:16:26.966+0000] {logging_mixin.py:154} INFO - [2025-12-24T15:16:26.966+0000] {dagbag.py:536} INFO - Filling up the DagBag from /opt/airflow/dags/hello_dag.py
[2025-12-24T15:16:26.984+0000] {processor.py:839} INFO - DAG(s) dict_keys(['hello_world_dag']) retrieved from /opt/airflow/dags/hello_dag.py
[2025-12-24T15:16:27.014+0000] {logging_mixin.py:154} INFO - [2025-12-24T15:16:27.014+0000] {dag.py:2941} INFO - Sync 1 DAGs
[2025-12-24T15:16:27.025+0000] {logging_mixin.py:154} INFO - [2025-12-24T15:16:27.024+0000] {dag.py:3722} INFO - Setting next_dagrun for hello_world_dag to None, run_after=None
[2025-12-24T15:16:27.047+0000] {processor.py:179} INFO - Processing /opt/airflow/dags/hello_dag.py took 0.086 seconds
[2025-12-24T15:16:57.401+0000] {processor.py:157} INFO - Started process (PID=197) to work on /opt/airflow/dags/hello_dag.py
[2025-12-24T15:16:57.402+0000] {processor.py:829} INFO - Processing file /opt/airflow/dags/hello_dag.py for tasks to queue
[2025-12-24T15:16:57.403+0000] {logging_mixin.py:154} INFO - [2025-12-24T15:16:57.402+0000] {dagbag.py:536} INFO - Filling up the DagBag from /opt/airflow/dags/hello_dag.py
[2025-12-24T15:16:57.427+0000] {processor.py:839} INFO - DAG(s) dict_keys(['hello_world_dag']) retrieved from /opt/airflow/dags/hello_dag.py
[2025-12-24T15:16:57.456+0000] {logging_mixin.py:154} INFO - [2025-12-24T15:16:57.455+0000] {dag.py:2941} INFO - Sync 1 DAGs
[2025-12-24T15:16:57.471+0000] {logging_mixin.py:154} INFO - [2025-12-24T15:16:57.471+0000] {dag.py:3722} INFO - Setting next_dagrun for hello_world_dag to None, run_after=None
[2025-12-24T15:16:57.495+0000] {processor.py:179} INFO - Processing /opt/airflow/dags/hello_dag.py took 0.099 seconds
[2025-12-24T15:17:27.828+0000] {processor.py:157} INFO - Started process (PID=207) to work on /opt/airflow/dags/hello_dag.py
[2025-12-24T15:17:27.830+0000] {processor.py:829} INFO - Processing file /opt/airflow/dags/hello_dag.py for tasks to queue
[2025-12-24T15:17:27.831+0000] {logging_mixin.py:154} INFO - [2025-12-24T15:17:27.831+0000] {dagbag.py:536} INFO - Filling up the DagBag from /opt/airflow/dags/hello_dag.py
[2025-12-24T15:17:27.855+0000] {processor.py:839} INFO - DAG(s) dict_keys(['hello_world_dag']) retrieved from /opt/airflow/dags/hello_dag.py
[2025-12-24T15:17:27.892+0000] {logging_mixin.py:154} INFO - [2025-12-24T15:17:27.892+0000] {dag.py:2941} INFO - Sync 1 DAGs
[2025-12-24T15:17:27.925+0000] {logging_mixin.py:154} INFO - [2025-12-24T15:17:27.925+0000] {dag.py:3722} INFO - Setting next_dagrun for hello_world_dag to None, run_after=None
[2025-12-24T15:17:27.987+0000] {processor.py:179} INFO - Processing /opt/airflow/dags/hello_dag.py took 0.162 seconds
[2025-12-24T15:17:58.266+0000] {processor.py:157} INFO - Started process (PID=217) to work on /opt/airflow/dags/hello_dag.py
[2025-12-24T15:17:58.267+0000] {processor.py:829} INFO - Processing file /opt/airflow/dags/hello_dag.py for tasks to queue
[2025-12-24T15:17:58.268+0000] {logging_mixin.py:154} INFO - [2025-12-24T15:17:58.267+0000] {dagbag.py:536} INFO - Filling up the DagBag from /opt/airflow/dags/hello_dag.py
[2025-12-24T15:17:58.289+0000] {processor.py:839} INFO - DAG(s) dict_keys(['hello_world_dag']) retrieved from /opt/airflow/dags/hello_dag.py
[2025-12-24T15:17:58.331+0000] {logging_mixin.py:154} INFO - [2025-12-24T15:17:58.330+0000] {dag.py:2941} INFO - Sync 1 DAGs
[2025-12-24T15:17:58.345+0000] {logging_mixin.py:154} INFO - [2025-12-24T15:17:58.344+0000] {dag.py:3722} INFO - Setting next_dagrun for hello_world_dag to None, run_after=None
[2025-12-24T15:17:58.368+0000] {processor.py:179} INFO - Processing /opt/airflow/dags/hello_dag.py took 0.106 seconds
[2025-12-24T15:18:28.683+0000] {processor.py:157} INFO - Started process (PID=227) to work on /opt/airflow/dags/hello_dag.py
[2025-12-24T15:18:28.683+0000] {processor.py:829} INFO - Processing file /opt/airflow/dags/hello_dag.py for tasks to queue
[2025-12-24T15:18:28.684+0000] {logging_mixin.py:154} INFO - [2025-12-24T15:18:28.684+0000] {dagbag.py:536} INFO - Filling up the DagBag from /opt/airflow/dags/hello_dag.py
[2025-12-24T15:18:28.702+0000] {processor.py:839} INFO - DAG(s) dict_keys(['hello_world_dag']) retrieved from /opt/airflow/dags/hello_dag.py
[2025-12-24T15:18:28.726+0000] {logging_mixin.py:154} INFO - [2025-12-24T15:18:28.726+0000] {dag.py:2941} INFO - Sync 1 DAGs
[2025-12-24T15:18:28.738+0000] {logging_mixin.py:154} INFO - [2025-12-24T15:18:28.738+0000] {dag.py:3722} INFO - Setting next_dagrun for hello_world_dag to None, run_after=None
[2025-12-24T15:18:28.762+0000] {processor.py:179} INFO - Processing /opt/airflow/dags/hello_dag.py took 0.083 seconds
[2025-12-24T15:18:59.071+0000] {processor.py:157} INFO - Started process (PID=237) to work on /opt/airflow/dags/hello_dag.py
[2025-12-24T15:18:59.073+0000] {processor.py:829} INFO - Processing file /opt/airflow/dags/hello_dag.py for tasks to queue
[2025-12-24T15:18:59.074+0000] {logging_mixin.py:154} INFO - [2025-12-24T15:18:59.074+0000] {dagbag.py:536} INFO - Filling up the DagBag from /opt/airflow/dags/hello_dag.py
[2025-12-24T15:18:59.107+0000] {processor.py:839} INFO - DAG(s) dict_keys(['hello_world_dag']) retrieved from /opt/airflow/dags/hello_dag.py
[2025-12-24T15:18:59.133+0000] {logging_mixin.py:154} INFO - [2025-12-24T15:18:59.133+0000] {dag.py:2941} INFO - Sync 1 DAGs
[2025-12-24T15:18:59.147+0000] {logging_mixin.py:154} INFO - [2025-12-24T15:18:59.147+0000] {dag.py:3722} INFO - Setting next_dagrun for hello_world_dag to None, run_after=None
[2025-12-24T15:18:59.168+0000] {processor.py:179} INFO - Processing /opt/airflow/dags/hello_dag.py took 0.104 seconds
[2025-12-24T15:19:29.473+0000] {processor.py:157} INFO - Started process (PID=247) to work on /opt/airflow/dags/hello_dag.py
[2025-12-24T15:19:29.474+0000] {processor.py:829} INFO - Processing file /opt/airflow/dags/hello_dag.py for tasks to queue
[2025-12-24T15:19:29.475+0000] {logging_mixin.py:154} INFO - [2025-12-24T15:19:29.474+0000] {dagbag.py:536} INFO - Filling up the DagBag from /opt/airflow/dags/hello_dag.py
[2025-12-24T15:19:29.502+0000] {processor.py:839} INFO - DAG(s) dict_keys(['hello_world_dag']) retrieved from /opt/airflow/dags/hello_dag.py
[2025-12-24T15:19:29.535+0000] {logging_mixin.py:154} INFO - [2025-12-24T15:19:29.535+0000] {dag.py:2941} INFO - Sync 1 DAGs
[2025-12-24T15:19:29.549+0000] {logging_mixin.py:154} INFO - [2025-12-24T15:19:29.548+0000] {dag.py:3722} INFO - Setting next_dagrun for hello_world_dag to None, run_after=None
[2025-12-24T15:19:29.570+0000] {processor.py:179} INFO - Processing /opt/airflow/dags/hello_dag.py took 0.102 seconds
[2025-12-24T15:19:59.933+0000] {processor.py:157} INFO - Started process (PID=257) to work on /opt/airflow/dags/hello_dag.py
[2025-12-24T15:19:59.934+0000] {processor.py:829} INFO - Processing file /opt/airflow/dags/hello_dag.py for tasks to queue
[2025-12-24T15:19:59.935+0000] {logging_mixin.py:154} INFO - [2025-12-24T15:19:59.935+0000] {dagbag.py:536} INFO - Filling up the DagBag from /opt/airflow/dags/hello_dag.py
[2025-12-24T15:19:59.958+0000] {processor.py:839} INFO - DAG(s) dict_keys(['hello_world_dag']) retrieved from /opt/airflow/dags/hello_dag.py
[2025-12-24T15:19:59.985+0000] {logging_mixin.py:154} INFO - [2025-12-24T15:19:59.985+0000] {dag.py:2941} INFO - Sync 1 DAGs
[2025-12-24T15:19:59.998+0000] {logging_mixin.py:154} INFO - [2025-12-24T15:19:59.998+0000] {dag.py:3722} INFO - Setting next_dagrun for hello_world_dag to None, run_after=None
[2025-12-24T15:20:00.026+0000] {processor.py:179} INFO - Processing /opt/airflow/dags/hello_dag.py took 0.096 seconds
[2025-12-24T15:20:30.411+0000] {processor.py:157} INFO - Started process (PID=267) to work on /opt/airflow/dags/hello_dag.py
[2025-12-24T15:20:30.412+0000] {processor.py:829} INFO - Processing file /opt/airflow/dags/hello_dag.py for tasks to queue
[2025-12-24T15:20:30.413+0000] {logging_mixin.py:154} INFO - [2025-12-24T15:20:30.413+0000] {dagbag.py:536} INFO - Filling up the DagBag from /opt/airflow/dags/hello_dag.py
[2025-12-24T15:20:30.438+0000] {processor.py:839} INFO - DAG(s) dict_keys(['hello_world_dag']) retrieved from /opt/airflow/dags/hello_dag.py
[2025-12-24T15:20:30.464+0000] {logging_mixin.py:154} INFO - [2025-12-24T15:20:30.464+0000] {dag.py:2941} INFO - Sync 1 DAGs
[2025-12-24T15:20:30.481+0000] {logging_mixin.py:154} INFO - [2025-12-24T15:20:30.481+0000] {dag.py:3722} INFO - Setting next_dagrun for hello_world_dag to None, run_after=None
[2025-12-24T15:20:30.504+0000] {processor.py:179} INFO - Processing /opt/airflow/dags/hello_dag.py took 0.097 seconds
[2025-12-24T15:21:00.777+0000] {processor.py:157} INFO - Started process (PID=277) to work on /opt/airflow/dags/hello_dag.py
[2025-12-24T15:21:00.779+0000] {processor.py:829} INFO - Processing file /opt/airflow/dags/hello_dag.py for tasks to queue
[2025-12-24T15:21:00.780+0000] {logging_mixin.py:154} INFO - [2025-12-24T15:21:00.779+0000] {dagbag.py:536} INFO - Filling up the DagBag from /opt/airflow/dags/hello_dag.py
[2025-12-24T15:21:00.803+0000] {processor.py:839} INFO - DAG(s) dict_keys(['hello_world_dag']) retrieved from /opt/airflow/dags/hello_dag.py
[2025-12-24T15:21:00.830+0000] {logging_mixin.py:154} INFO - [2025-12-24T15:21:00.830+0000] {dag.py:2941} INFO - Sync 1 DAGs
[2025-12-24T15:21:00.847+0000] {logging_mixin.py:154} INFO - [2025-12-24T15:21:00.847+0000] {dag.py:3722} INFO - Setting next_dagrun for hello_world_dag to None, run_after=None
[2025-12-24T15:21:00.874+0000] {processor.py:179} INFO - Processing /opt/airflow/dags/hello_dag.py took 0.101 seconds
[2025-12-24T15:21:31.182+0000] {processor.py:157} INFO - Started process (PID=287) to work on /opt/airflow/dags/hello_dag.py
[2025-12-24T15:21:31.182+0000] {processor.py:829} INFO - Processing file /opt/airflow/dags/hello_dag.py for tasks to queue
[2025-12-24T15:21:31.183+0000] {logging_mixin.py:154} INFO - [2025-12-24T15:21:31.183+0000] {dagbag.py:536} INFO - Filling up the DagBag from /opt/airflow/dags/hello_dag.py
[2025-12-24T15:21:31.213+0000] {processor.py:839} INFO - DAG(s) dict_keys(['hello_world_dag']) retrieved from /opt/airflow/dags/hello_dag.py
[2025-12-24T15:21:31.246+0000] {logging_mixin.py:154} INFO - [2025-12-24T15:21:31.246+0000] {dag.py:2941} INFO - Sync 1 DAGs
[2025-12-24T15:21:31.259+0000] {logging_mixin.py:154} INFO - [2025-12-24T15:21:31.259+0000] {dag.py:3722} INFO - Setting next_dagrun for hello_world_dag to None, run_after=None
[2025-12-24T15:21:31.284+0000] {processor.py:179} INFO - Processing /opt/airflow/dags/hello_dag.py took 0.106 seconds
[2025-12-24T15:22:01.623+0000] {processor.py:157} INFO - Started process (PID=297) to work on /opt/airflow/dags/hello_dag.py
[2025-12-24T15:22:01.624+0000] {processor.py:829} INFO - Processing file /opt/airflow/dags/hello_dag.py for tasks to queue
[2025-12-24T15:22:01.625+0000] {logging_mixin.py:154} INFO - [2025-12-24T15:22:01.625+0000] {dagbag.py:536} INFO - Filling up the DagBag from /opt/airflow/dags/hello_dag.py
[2025-12-24T15:22:01.647+0000] {processor.py:839} INFO - DAG(s) dict_keys(['hello_world_dag']) retrieved from /opt/airflow/dags/hello_dag.py
[2025-12-24T15:22:01.672+0000] {logging_mixin.py:154} INFO - [2025-12-24T15:22:01.672+0000] {dag.py:2941} INFO - Sync 1 DAGs
[2025-12-24T15:22:01.694+0000] {logging_mixin.py:154} INFO - [2025-12-24T15:22:01.694+0000] {dag.py:3722} INFO - Setting next_dagrun for hello_world_dag to None, run_after=None
[2025-12-24T15:22:01.726+0000] {processor.py:179} INFO - Processing /opt/airflow/dags/hello_dag.py took 0.106 seconds
[2025-12-24T15:22:32.067+0000] {processor.py:157} INFO - Started process (PID=307) to work on /opt/airflow/dags/hello_dag.py
[2025-12-24T15:22:32.068+0000] {processor.py:829} INFO - Processing file /opt/airflow/dags/hello_dag.py for tasks to queue
[2025-12-24T15:22:32.069+0000] {logging_mixin.py:154} INFO - [2025-12-24T15:22:32.069+0000] {dagbag.py:536} INFO - Filling up the DagBag from /opt/airflow/dags/hello_dag.py
[2025-12-24T15:22:32.092+0000] {processor.py:839} INFO - DAG(s) dict_keys(['hello_world_dag']) retrieved from /opt/airflow/dags/hello_dag.py
[2025-12-24T15:22:32.120+0000] {logging_mixin.py:154} INFO - [2025-12-24T15:22:32.120+0000] {dag.py:2941} INFO - Sync 1 DAGs
[2025-12-24T15:22:32.132+0000] {logging_mixin.py:154} INFO - [2025-12-24T15:22:32.132+0000] {dag.py:3722} INFO - Setting next_dagrun for hello_world_dag to None, run_after=None
[2025-12-24T15:22:32.156+0000] {processor.py:179} INFO - Processing /opt/airflow/dags/hello_dag.py took 0.093 seconds
[2025-12-24T15:23:02.510+0000] {processor.py:157} INFO - Started process (PID=317) to work on /opt/airflow/dags/hello_dag.py
[2025-12-24T15:23:02.511+0000] {processor.py:829} INFO - Processing file /opt/airflow/dags/hello_dag.py for tasks to queue
[2025-12-24T15:23:02.512+0000] {logging_mixin.py:154} INFO - [2025-12-24T15:23:02.512+0000] {dagbag.py:536} INFO - Filling up the DagBag from /opt/airflow/dags/hello_dag.py
[2025-12-24T15:23:02.532+0000] {processor.py:839} INFO - DAG(s) dict_keys(['hello_world_dag']) retrieved from /opt/airflow/dags/hello_dag.py
[2025-12-24T15:23:02.557+0000] {logging_mixin.py:154} INFO - [2025-12-24T15:23:02.557+0000] {dag.py:2941} INFO - Sync 1 DAGs
[2025-12-24T15:23:02.570+0000] {logging_mixin.py:154} INFO - [2025-12-24T15:23:02.570+0000] {dag.py:3722} INFO - Setting next_dagrun for hello_world_dag to None, run_after=None
[2025-12-24T15:23:02.593+0000] {processor.py:179} INFO - Processing /opt/airflow/dags/hello_dag.py took 0.086 seconds
[2025-12-24T15:23:32.938+0000] {processor.py:157} INFO - Started process (PID=327) to work on /opt/airflow/dags/hello_dag.py
[2025-12-24T15:23:32.939+0000] {processor.py:829} INFO - Processing file /opt/airflow/dags/hello_dag.py for tasks to queue
[2025-12-24T15:23:32.940+0000] {logging_mixin.py:154} INFO - [2025-12-24T15:23:32.939+0000] {dagbag.py:536} INFO - Filling up the DagBag from /opt/airflow/dags/hello_dag.py
[2025-12-24T15:23:32.956+0000] {processor.py:839} INFO - DAG(s) dict_keys(['hello_world_dag']) retrieved from /opt/airflow/dags/hello_dag.py
[2025-12-24T15:23:32.980+0000] {logging_mixin.py:154} INFO - [2025-12-24T15:23:32.980+0000] {dag.py:2941} INFO - Sync 1 DAGs
[2025-12-24T15:23:32.993+0000] {logging_mixin.py:154} INFO - [2025-12-24T15:23:32.993+0000] {dag.py:3722} INFO - Setting next_dagrun for hello_world_dag to None, run_after=None
[2025-12-24T15:23:33.016+0000] {processor.py:179} INFO - Processing /opt/airflow/dags/hello_dag.py took 0.081 seconds
[2025-12-24T15:24:03.344+0000] {processor.py:157} INFO - Started process (PID=337) to work on /opt/airflow/dags/hello_dag.py
[2025-12-24T15:24:03.345+0000] {processor.py:829} INFO - Processing file /opt/airflow/dags/hello_dag.py for tasks to queue
[2025-12-24T15:24:03.345+0000] {logging_mixin.py:154} INFO - [2025-12-24T15:24:03.345+0000] {dagbag.py:536} INFO - Filling up the DagBag from /opt/airflow/dags/hello_dag.py
[2025-12-24T15:24:03.364+0000] {processor.py:839} INFO - DAG(s) dict_keys(['hello_world_dag']) retrieved from /opt/airflow/dags/hello_dag.py
[2025-12-24T15:24:03.388+0000] {logging_mixin.py:154} INFO - [2025-12-24T15:24:03.388+0000] {dag.py:2941} INFO - Sync 1 DAGs
[2025-12-24T15:24:03.401+0000] {logging_mixin.py:154} INFO - [2025-12-24T15:24:03.401+0000] {dag.py:3722} INFO - Setting next_dagrun for hello_world_dag to None, run_after=None
[2025-12-24T15:24:03.426+0000] {processor.py:179} INFO - Processing /opt/airflow/dags/hello_dag.py took 0.085 seconds
[2025-12-24T15:24:33.722+0000] {processor.py:157} INFO - Started process (PID=347) to work on /opt/airflow/dags/hello_dag.py
[2025-12-24T15:24:33.723+0000] {processor.py:829} INFO - Processing file /opt/airflow/dags/hello_dag.py for tasks to queue
[2025-12-24T15:24:33.724+0000] {logging_mixin.py:154} INFO - [2025-12-24T15:24:33.723+0000] {dagbag.py:536} INFO - Filling up the DagBag from /opt/airflow/dags/hello_dag.py
[2025-12-24T15:24:33.746+0000] {processor.py:839} INFO - DAG(s) dict_keys(['hello_world_dag']) retrieved from /opt/airflow/dags/hello_dag.py
[2025-12-24T15:24:33.776+0000] {logging_mixin.py:154} INFO - [2025-12-24T15:24:33.776+0000] {dag.py:2941} INFO - Sync 1 DAGs
[2025-12-24T15:24:33.791+0000] {logging_mixin.py:154} INFO - [2025-12-24T15:24:33.791+0000] {dag.py:3722} INFO - Setting next_dagrun for hello_world_dag to None, run_after=None
[2025-12-24T15:24:33.815+0000] {processor.py:179} INFO - Processing /opt/airflow/dags/hello_dag.py took 0.098 seconds
[2025-12-24T15:25:04.151+0000] {processor.py:157} INFO - Started process (PID=357) to work on /opt/airflow/dags/hello_dag.py
[2025-12-24T15:25:04.152+0000] {processor.py:829} INFO - Processing file /opt/airflow/dags/hello_dag.py for tasks to queue
[2025-12-24T15:25:04.153+0000] {logging_mixin.py:154} INFO - [2025-12-24T15:25:04.153+0000] {dagbag.py:536} INFO - Filling up the DagBag from /opt/airflow/dags/hello_dag.py
[2025-12-24T15:25:04.174+0000] {processor.py:839} INFO - DAG(s) dict_keys(['hello_world_dag']) retrieved from /opt/airflow/dags/hello_dag.py
[2025-12-24T15:25:04.202+0000] {logging_mixin.py:154} INFO - [2025-12-24T15:25:04.202+0000] {dag.py:2941} INFO - Sync 1 DAGs
[2025-12-24T15:25:04.214+0000] {logging_mixin.py:154} INFO - [2025-12-24T15:25:04.214+0000] {dag.py:3722} INFO - Setting next_dagrun for hello_world_dag to None, run_after=None
[2025-12-24T15:25:04.237+0000] {processor.py:179} INFO - Processing /opt/airflow/dags/hello_dag.py took 0.091 seconds
[2025-12-24T15:25:34.657+0000] {processor.py:157} INFO - Started process (PID=372) to work on /opt/airflow/dags/hello_dag.py
[2025-12-24T15:25:34.658+0000] {processor.py:829} INFO - Processing file /opt/airflow/dags/hello_dag.py for tasks to queue
[2025-12-24T15:25:34.659+0000] {logging_mixin.py:154} INFO - [2025-12-24T15:25:34.659+0000] {dagbag.py:536} INFO - Filling up the DagBag from /opt/airflow/dags/hello_dag.py
[2025-12-24T15:25:34.680+0000] {processor.py:839} INFO - DAG(s) dict_keys(['hello_world_dag']) retrieved from /opt/airflow/dags/hello_dag.py
[2025-12-24T15:25:34.707+0000] {logging_mixin.py:154} INFO - [2025-12-24T15:25:34.707+0000] {dag.py:2941} INFO - Sync 1 DAGs
[2025-12-24T15:25:34.720+0000] {logging_mixin.py:154} INFO - [2025-12-24T15:25:34.720+0000] {dag.py:3722} INFO - Setting next_dagrun for hello_world_dag to None, run_after=None
[2025-12-24T15:25:34.744+0000] {processor.py:179} INFO - Processing /opt/airflow/dags/hello_dag.py took 0.091 seconds
[2025-12-24T15:26:05.180+0000] {processor.py:157} INFO - Started process (PID=387) to work on /opt/airflow/dags/hello_dag.py
[2025-12-24T15:26:05.181+0000] {processor.py:829} INFO - Processing file /opt/airflow/dags/hello_dag.py for tasks to queue
[2025-12-24T15:26:05.183+0000] {logging_mixin.py:154} INFO - [2025-12-24T15:26:05.182+0000] {dagbag.py:536} INFO - Filling up the DagBag from /opt/airflow/dags/hello_dag.py
[2025-12-24T15:26:05.211+0000] {processor.py:839} INFO - DAG(s) dict_keys(['hello_world_dag']) retrieved from /opt/airflow/dags/hello_dag.py
[2025-12-24T15:26:05.258+0000] {logging_mixin.py:154} INFO - [2025-12-24T15:26:05.257+0000] {dag.py:2941} INFO - Sync 1 DAGs
[2025-12-24T15:26:05.286+0000] {logging_mixin.py:154} INFO - [2025-12-24T15:26:05.285+0000] {dag.py:3722} INFO - Setting next_dagrun for hello_world_dag to None, run_after=None
[2025-12-24T15:26:05.319+0000] {processor.py:179} INFO - Processing /opt/airflow/dags/hello_dag.py took 0.142 seconds
[2025-12-24T15:26:35.737+0000] {processor.py:157} INFO - Started process (PID=402) to work on /opt/airflow/dags/hello_dag.py
[2025-12-24T15:26:35.738+0000] {processor.py:829} INFO - Processing file /opt/airflow/dags/hello_dag.py for tasks to queue
[2025-12-24T15:26:35.739+0000] {logging_mixin.py:154} INFO - [2025-12-24T15:26:35.739+0000] {dagbag.py:536} INFO - Filling up the DagBag from /opt/airflow/dags/hello_dag.py
[2025-12-24T15:26:35.759+0000] {processor.py:839} INFO - DAG(s) dict_keys(['hello_world_dag']) retrieved from /opt/airflow/dags/hello_dag.py
[2025-12-24T15:26:35.783+0000] {logging_mixin.py:154} INFO - [2025-12-24T15:26:35.783+0000] {dag.py:2941} INFO - Sync 1 DAGs
[2025-12-24T15:26:35.800+0000] {logging_mixin.py:154} INFO - [2025-12-24T15:26:35.800+0000] {dag.py:3722} INFO - Setting next_dagrun for hello_world_dag to None, run_after=None
[2025-12-24T15:26:35.826+0000] {processor.py:179} INFO - Processing /opt/airflow/dags/hello_dag.py took 0.091 seconds
[2025-12-24T15:27:06.236+0000] {processor.py:157} INFO - Started process (PID=417) to work on /opt/airflow/dags/hello_dag.py
[2025-12-24T15:27:06.236+0000] {processor.py:829} INFO - Processing file /opt/airflow/dags/hello_dag.py for tasks to queue
[2025-12-24T15:27:06.237+0000] {logging_mixin.py:154} INFO - [2025-12-24T15:27:06.237+0000] {dagbag.py:536} INFO - Filling up the DagBag from /opt/airflow/dags/hello_dag.py
[2025-12-24T15:27:06.253+0000] {processor.py:839} INFO - DAG(s) dict_keys(['hello_world_dag']) retrieved from /opt/airflow/dags/hello_dag.py
[2025-12-24T15:27:06.279+0000] {logging_mixin.py:154} INFO - [2025-12-24T15:27:06.279+0000] {dag.py:2941} INFO - Sync 1 DAGs
[2025-12-24T15:27:06.293+0000] {logging_mixin.py:154} INFO - [2025-12-24T15:27:06.292+0000] {dag.py:3722} INFO - Setting next_dagrun for hello_world_dag to None, run_after=None
[2025-12-24T15:27:06.315+0000] {processor.py:179} INFO - Processing /opt/airflow/dags/hello_dag.py took 0.083 seconds
[2025-12-24T15:27:36.742+0000] {processor.py:157} INFO - Started process (PID=458) to work on /opt/airflow/dags/hello_dag.py
[2025-12-24T15:27:36.742+0000] {processor.py:829} INFO - Processing file /opt/airflow/dags/hello_dag.py for tasks to queue
[2025-12-24T15:27:36.743+0000] {logging_mixin.py:154} INFO - [2025-12-24T15:27:36.743+0000] {dagbag.py:536} INFO - Filling up the DagBag from /opt/airflow/dags/hello_dag.py
[2025-12-24T15:27:36.761+0000] {processor.py:839} INFO - DAG(s) dict_keys(['hello_world_dag']) retrieved from /opt/airflow/dags/hello_dag.py
[2025-12-24T15:27:36.784+0000] {logging_mixin.py:154} INFO - [2025-12-24T15:27:36.783+0000] {dag.py:2941} INFO - Sync 1 DAGs
[2025-12-24T15:27:36.795+0000] {logging_mixin.py:154} INFO - [2025-12-24T15:27:36.795+0000] {dag.py:3722} INFO - Setting next_dagrun for hello_world_dag to None, run_after=None
[2025-12-24T15:27:36.818+0000] {processor.py:179} INFO - Processing /opt/airflow/dags/hello_dag.py took 0.080 seconds
[2025-12-24T15:28:07.253+0000] {processor.py:157} INFO - Started process (PID=473) to work on /opt/airflow/dags/hello_dag.py
[2025-12-24T15:28:07.254+0000] {processor.py:829} INFO - Processing file /opt/airflow/dags/hello_dag.py for tasks to queue
[2025-12-24T15:28:07.255+0000] {logging_mixin.py:154} INFO - [2025-12-24T15:28:07.255+0000] {dagbag.py:536} INFO - Filling up the DagBag from /opt/airflow/dags/hello_dag.py
[2025-12-24T15:28:07.272+0000] {processor.py:839} INFO - DAG(s) dict_keys(['hello_world_dag']) retrieved from /opt/airflow/dags/hello_dag.py
[2025-12-24T15:28:07.298+0000] {logging_mixin.py:154} INFO - [2025-12-24T15:28:07.298+0000] {dag.py:2941} INFO - Sync 1 DAGs
[2025-12-24T15:28:07.312+0000] {logging_mixin.py:154} INFO - [2025-12-24T15:28:07.312+0000] {dag.py:3722} INFO - Setting next_dagrun for hello_world_dag to None, run_after=None
[2025-12-24T15:28:07.337+0000] {processor.py:179} INFO - Processing /opt/airflow/dags/hello_dag.py took 0.087 seconds
[2025-12-24T15:28:37.716+0000] {processor.py:157} INFO - Started process (PID=488) to work on /opt/airflow/dags/hello_dag.py
[2025-12-24T15:28:37.717+0000] {processor.py:829} INFO - Processing file /opt/airflow/dags/hello_dag.py for tasks to queue
[2025-12-24T15:28:37.718+0000] {logging_mixin.py:154} INFO - [2025-12-24T15:28:37.718+0000] {dagbag.py:536} INFO - Filling up the DagBag from /opt/airflow/dags/hello_dag.py
[2025-12-24T15:28:37.740+0000] {processor.py:839} INFO - DAG(s) dict_keys(['hello_world_dag']) retrieved from /opt/airflow/dags/hello_dag.py
[2025-12-24T15:28:37.769+0000] {logging_mixin.py:154} INFO - [2025-12-24T15:28:37.769+0000] {dag.py:2941} INFO - Sync 1 DAGs
[2025-12-24T15:28:37.785+0000] {logging_mixin.py:154} INFO - [2025-12-24T15:28:37.784+0000] {dag.py:3722} INFO - Setting next_dagrun for hello_world_dag to None, run_after=None
[2025-12-24T15:28:37.807+0000] {processor.py:179} INFO - Processing /opt/airflow/dags/hello_dag.py took 0.095 seconds
[2025-12-24T15:29:08.294+0000] {processor.py:157} INFO - Started process (PID=503) to work on /opt/airflow/dags/hello_dag.py
[2025-12-24T15:29:08.295+0000] {processor.py:829} INFO - Processing file /opt/airflow/dags/hello_dag.py for tasks to queue
[2025-12-24T15:29:08.296+0000] {logging_mixin.py:154} INFO - [2025-12-24T15:29:08.296+0000] {dagbag.py:536} INFO - Filling up the DagBag from /opt/airflow/dags/hello_dag.py
[2025-12-24T15:29:08.318+0000] {processor.py:839} INFO - DAG(s) dict_keys(['hello_world_dag']) retrieved from /opt/airflow/dags/hello_dag.py
[2025-12-24T15:29:08.342+0000] {logging_mixin.py:154} INFO - [2025-12-24T15:29:08.342+0000] {dag.py:2941} INFO - Sync 1 DAGs
[2025-12-24T15:29:08.356+0000] {logging_mixin.py:154} INFO - [2025-12-24T15:29:08.356+0000] {dag.py:3722} INFO - Setting next_dagrun for hello_world_dag to None, run_after=None
[2025-12-24T15:29:08.383+0000] {processor.py:179} INFO - Processing /opt/airflow/dags/hello_dag.py took 0.093 seconds
[2025-12-24T15:29:38.812+0000] {processor.py:157} INFO - Started process (PID=518) to work on /opt/airflow/dags/hello_dag.py
[2025-12-24T15:29:38.813+0000] {processor.py:829} INFO - Processing file /opt/airflow/dags/hello_dag.py for tasks to queue
[2025-12-24T15:29:38.814+0000] {logging_mixin.py:154} INFO - [2025-12-24T15:29:38.814+0000] {dagbag.py:536} INFO - Filling up the DagBag from /opt/airflow/dags/hello_dag.py
[2025-12-24T15:29:38.841+0000] {processor.py:839} INFO - DAG(s) dict_keys(['hello_world_dag']) retrieved from /opt/airflow/dags/hello_dag.py
[2025-12-24T15:29:38.870+0000] {logging_mixin.py:154} INFO - [2025-12-24T15:29:38.870+0000] {dag.py:2941} INFO - Sync 1 DAGs
[2025-12-24T15:29:38.884+0000] {logging_mixin.py:154} INFO - [2025-12-24T15:29:38.884+0000] {dag.py:3722} INFO - Setting next_dagrun for hello_world_dag to None, run_after=None
[2025-12-24T15:29:38.906+0000] {processor.py:179} INFO - Processing /opt/airflow/dags/hello_dag.py took 0.097 seconds
[2025-12-24T15:30:09.297+0000] {processor.py:157} INFO - Started process (PID=533) to work on /opt/airflow/dags/hello_dag.py
[2025-12-24T15:30:09.298+0000] {processor.py:829} INFO - Processing file /opt/airflow/dags/hello_dag.py for tasks to queue
[2025-12-24T15:30:09.299+0000] {logging_mixin.py:154} INFO - [2025-12-24T15:30:09.299+0000] {dagbag.py:536} INFO - Filling up the DagBag from /opt/airflow/dags/hello_dag.py
[2025-12-24T15:30:09.316+0000] {processor.py:839} INFO - DAG(s) dict_keys(['hello_world_dag']) retrieved from /opt/airflow/dags/hello_dag.py
[2025-12-24T15:30:09.338+0000] {logging_mixin.py:154} INFO - [2025-12-24T15:30:09.338+0000] {dag.py:2941} INFO - Sync 1 DAGs
[2025-12-24T15:30:09.350+0000] {logging_mixin.py:154} INFO - [2025-12-24T15:30:09.350+0000] {dag.py:3722} INFO - Setting next_dagrun for hello_world_dag to None, run_after=None
[2025-12-24T15:30:09.374+0000] {processor.py:179} INFO - Processing /opt/airflow/dags/hello_dag.py took 0.080 seconds
[2025-12-24T15:30:39.793+0000] {processor.py:157} INFO - Started process (PID=548) to work on /opt/airflow/dags/hello_dag.py
[2025-12-24T15:30:39.794+0000] {processor.py:829} INFO - Processing file /opt/airflow/dags/hello_dag.py for tasks to queue
[2025-12-24T15:30:39.795+0000] {logging_mixin.py:154} INFO - [2025-12-24T15:30:39.795+0000] {dagbag.py:536} INFO - Filling up the DagBag from /opt/airflow/dags/hello_dag.py
[2025-12-24T15:30:39.817+0000] {processor.py:839} INFO - DAG(s) dict_keys(['hello_world_dag']) retrieved from /opt/airflow/dags/hello_dag.py
[2025-12-24T15:30:39.840+0000] {logging_mixin.py:154} INFO - [2025-12-24T15:30:39.840+0000] {dag.py:2941} INFO - Sync 1 DAGs
[2025-12-24T15:30:39.855+0000] {logging_mixin.py:154} INFO - [2025-12-24T15:30:39.855+0000] {dag.py:3722} INFO - Setting next_dagrun for hello_world_dag to None, run_after=None
[2025-12-24T15:30:39.877+0000] {processor.py:179} INFO - Processing /opt/airflow/dags/hello_dag.py took 0.087 seconds
[2025-12-24T15:31:10.264+0000] {processor.py:157} INFO - Started process (PID=563) to work on /opt/airflow/dags/hello_dag.py
[2025-12-24T15:31:10.265+0000] {processor.py:829} INFO - Processing file /opt/airflow/dags/hello_dag.py for tasks to queue
[2025-12-24T15:31:10.266+0000] {logging_mixin.py:154} INFO - [2025-12-24T15:31:10.266+0000] {dagbag.py:536} INFO - Filling up the DagBag from /opt/airflow/dags/hello_dag.py
[2025-12-24T15:31:10.286+0000] {processor.py:839} INFO - DAG(s) dict_keys(['hello_world_dag']) retrieved from /opt/airflow/dags/hello_dag.py
[2025-12-24T15:31:10.314+0000] {logging_mixin.py:154} INFO - [2025-12-24T15:31:10.314+0000] {dag.py:2941} INFO - Sync 1 DAGs
[2025-12-24T15:31:10.329+0000] {logging_mixin.py:154} INFO - [2025-12-24T15:31:10.328+0000] {dag.py:3722} INFO - Setting next_dagrun for hello_world_dag to None, run_after=None
[2025-12-24T15:31:10.356+0000] {processor.py:179} INFO - Processing /opt/airflow/dags/hello_dag.py took 0.096 seconds
[2025-12-24T15:31:40.667+0000] {processor.py:157} INFO - Started process (PID=578) to work on /opt/airflow/dags/hello_dag.py
[2025-12-24T15:31:40.668+0000] {processor.py:829} INFO - Processing file /opt/airflow/dags/hello_dag.py for tasks to queue
[2025-12-24T15:31:40.669+0000] {logging_mixin.py:154} INFO - [2025-12-24T15:31:40.669+0000] {dagbag.py:536} INFO - Filling up the DagBag from /opt/airflow/dags/hello_dag.py
[2025-12-24T15:31:40.699+0000] {processor.py:839} INFO - DAG(s) dict_keys(['hello_world_dag']) retrieved from /opt/airflow/dags/hello_dag.py
[2025-12-24T15:31:40.736+0000] {logging_mixin.py:154} INFO - [2025-12-24T15:31:40.735+0000] {dag.py:2941} INFO - Sync 1 DAGs
[2025-12-24T15:31:40.753+0000] {logging_mixin.py:154} INFO - [2025-12-24T15:31:40.753+0000] {dag.py:3722} INFO - Setting next_dagrun for hello_world_dag to None, run_after=None
[2025-12-24T15:31:40.780+0000] {processor.py:179} INFO - Processing /opt/airflow/dags/hello_dag.py took 0.117 seconds
[2025-12-24T15:32:11.124+0000] {processor.py:157} INFO - Started process (PID=593) to work on /opt/airflow/dags/hello_dag.py
[2025-12-24T15:32:11.125+0000] {processor.py:829} INFO - Processing file /opt/airflow/dags/hello_dag.py for tasks to queue
[2025-12-24T15:32:11.126+0000] {logging_mixin.py:154} INFO - [2025-12-24T15:32:11.126+0000] {dagbag.py:536} INFO - Filling up the DagBag from /opt/airflow/dags/hello_dag.py
[2025-12-24T15:32:11.148+0000] {processor.py:839} INFO - DAG(s) dict_keys(['hello_world_dag']) retrieved from /opt/airflow/dags/hello_dag.py
[2025-12-24T15:32:11.178+0000] {logging_mixin.py:154} INFO - [2025-12-24T15:32:11.178+0000] {dag.py:2941} INFO - Sync 1 DAGs
[2025-12-24T15:32:11.196+0000] {logging_mixin.py:154} INFO - [2025-12-24T15:32:11.196+0000] {dag.py:3722} INFO - Setting next_dagrun for hello_world_dag to None, run_after=None
[2025-12-24T15:32:11.224+0000] {processor.py:179} INFO - Processing /opt/airflow/dags/hello_dag.py took 0.103 seconds
[2025-12-24T15:32:41.550+0000] {processor.py:157} INFO - Started process (PID=608) to work on /opt/airflow/dags/hello_dag.py
[2025-12-24T15:32:41.551+0000] {processor.py:829} INFO - Processing file /opt/airflow/dags/hello_dag.py for tasks to queue
[2025-12-24T15:32:41.552+0000] {logging_mixin.py:154} INFO - [2025-12-24T15:32:41.552+0000] {dagbag.py:536} INFO - Filling up the DagBag from /opt/airflow/dags/hello_dag.py
[2025-12-24T15:32:41.575+0000] {processor.py:839} INFO - DAG(s) dict_keys(['hello_world_dag']) retrieved from /opt/airflow/dags/hello_dag.py
[2025-12-24T15:32:41.619+0000] {logging_mixin.py:154} INFO - [2025-12-24T15:32:41.618+0000] {dag.py:2941} INFO - Sync 1 DAGs
[2025-12-24T15:32:41.662+0000] {logging_mixin.py:154} INFO - [2025-12-24T15:32:41.661+0000] {dag.py:3722} INFO - Setting next_dagrun for hello_world_dag to None, run_after=None
[2025-12-24T15:32:41.732+0000] {processor.py:179} INFO - Processing /opt/airflow/dags/hello_dag.py took 0.186 seconds
[2025-12-24T15:33:12.174+0000] {processor.py:157} INFO - Started process (PID=623) to work on /opt/airflow/dags/hello_dag.py
[2025-12-24T15:33:12.175+0000] {processor.py:829} INFO - Processing file /opt/airflow/dags/hello_dag.py for tasks to queue
[2025-12-24T15:33:12.177+0000] {logging_mixin.py:154} INFO - [2025-12-24T15:33:12.176+0000] {dagbag.py:536} INFO - Filling up the DagBag from /opt/airflow/dags/hello_dag.py
[2025-12-24T15:33:12.213+0000] {processor.py:839} INFO - DAG(s) dict_keys(['hello_world_dag']) retrieved from /opt/airflow/dags/hello_dag.py
[2025-12-24T15:33:12.258+0000] {logging_mixin.py:154} INFO - [2025-12-24T15:33:12.258+0000] {dag.py:2941} INFO - Sync 1 DAGs
[2025-12-24T15:33:12.282+0000] {logging_mixin.py:154} INFO - [2025-12-24T15:33:12.282+0000] {dag.py:3722} INFO - Setting next_dagrun for hello_world_dag to None, run_after=None
[2025-12-24T15:33:12.325+0000] {processor.py:179} INFO - Processing /opt/airflow/dags/hello_dag.py took 0.157 seconds
[2025-12-24T15:33:42.899+0000] {processor.py:157} INFO - Started process (PID=638) to work on /opt/airflow/dags/hello_dag.py
[2025-12-24T15:33:42.900+0000] {processor.py:829} INFO - Processing file /opt/airflow/dags/hello_dag.py for tasks to queue
[2025-12-24T15:33:42.901+0000] {logging_mixin.py:154} INFO - [2025-12-24T15:33:42.901+0000] {dagbag.py:536} INFO - Filling up the DagBag from /opt/airflow/dags/hello_dag.py
[2025-12-24T15:33:42.926+0000] {processor.py:839} INFO - DAG(s) dict_keys(['hello_world_dag']) retrieved from /opt/airflow/dags/hello_dag.py
[2025-12-24T15:33:42.956+0000] {logging_mixin.py:154} INFO - [2025-12-24T15:33:42.956+0000] {dag.py:2941} INFO - Sync 1 DAGs
[2025-12-24T15:33:42.973+0000] {logging_mixin.py:154} INFO - [2025-12-24T15:33:42.972+0000] {dag.py:3722} INFO - Setting next_dagrun for hello_world_dag to None, run_after=None
[2025-12-24T15:33:42.997+0000] {processor.py:179} INFO - Processing /opt/airflow/dags/hello_dag.py took 0.101 seconds
[2025-12-24T15:34:13.311+0000] {processor.py:157} INFO - Started process (PID=653) to work on /opt/airflow/dags/hello_dag.py
[2025-12-24T15:34:13.312+0000] {processor.py:829} INFO - Processing file /opt/airflow/dags/hello_dag.py for tasks to queue
[2025-12-24T15:34:13.313+0000] {logging_mixin.py:154} INFO - [2025-12-24T15:34:13.313+0000] {dagbag.py:536} INFO - Filling up the DagBag from /opt/airflow/dags/hello_dag.py
[2025-12-24T15:34:13.343+0000] {processor.py:839} INFO - DAG(s) dict_keys(['hello_world_dag']) retrieved from /opt/airflow/dags/hello_dag.py
[2025-12-24T15:34:13.380+0000] {logging_mixin.py:154} INFO - [2025-12-24T15:34:13.380+0000] {dag.py:2941} INFO - Sync 1 DAGs
[2025-12-24T15:34:13.398+0000] {logging_mixin.py:154} INFO - [2025-12-24T15:34:13.397+0000] {dag.py:3722} INFO - Setting next_dagrun for hello_world_dag to None, run_after=None
[2025-12-24T15:34:13.424+0000] {processor.py:179} INFO - Processing /opt/airflow/dags/hello_dag.py took 0.118 seconds
[2025-12-24T15:34:43.803+0000] {processor.py:157} INFO - Started process (PID=668) to work on /opt/airflow/dags/hello_dag.py
[2025-12-24T15:34:43.806+0000] {processor.py:829} INFO - Processing file /opt/airflow/dags/hello_dag.py for tasks to queue
[2025-12-24T15:34:43.808+0000] {logging_mixin.py:154} INFO - [2025-12-24T15:34:43.808+0000] {dagbag.py:536} INFO - Filling up the DagBag from /opt/airflow/dags/hello_dag.py
[2025-12-24T15:34:43.886+0000] {processor.py:839} INFO - DAG(s) dict_keys(['hello_world_dag']) retrieved from /opt/airflow/dags/hello_dag.py
[2025-12-24T15:34:43.954+0000] {logging_mixin.py:154} INFO - [2025-12-24T15:34:43.954+0000] {dag.py:2941} INFO - Sync 1 DAGs
[2025-12-24T15:34:44.007+0000] {logging_mixin.py:154} INFO - [2025-12-24T15:34:44.006+0000] {dag.py:3722} INFO - Setting next_dagrun for hello_world_dag to None, run_after=None
[2025-12-24T15:34:44.067+0000] {processor.py:179} INFO - Processing /opt/airflow/dags/hello_dag.py took 0.270 seconds
[2025-12-24T15:35:14.436+0000] {processor.py:157} INFO - Started process (PID=683) to work on /opt/airflow/dags/hello_dag.py
[2025-12-24T15:35:14.437+0000] {processor.py:829} INFO - Processing file /opt/airflow/dags/hello_dag.py for tasks to queue
[2025-12-24T15:35:14.438+0000] {logging_mixin.py:154} INFO - [2025-12-24T15:35:14.438+0000] {dagbag.py:536} INFO - Filling up the DagBag from /opt/airflow/dags/hello_dag.py
[2025-12-24T15:35:14.467+0000] {processor.py:839} INFO - DAG(s) dict_keys(['hello_world_dag']) retrieved from /opt/airflow/dags/hello_dag.py
[2025-12-24T15:35:14.510+0000] {logging_mixin.py:154} INFO - [2025-12-24T15:35:14.509+0000] {dag.py:2941} INFO - Sync 1 DAGs
[2025-12-24T15:35:14.535+0000] {logging_mixin.py:154} INFO - [2025-12-24T15:35:14.535+0000] {dag.py:3722} INFO - Setting next_dagrun for hello_world_dag to None, run_after=None
[2025-12-24T15:35:14.573+0000] {processor.py:179} INFO - Processing /opt/airflow/dags/hello_dag.py took 0.144 seconds
[2025-12-24T15:35:44.935+0000] {processor.py:157} INFO - Started process (PID=698) to work on /opt/airflow/dags/hello_dag.py
[2025-12-24T15:35:44.936+0000] {processor.py:829} INFO - Processing file /opt/airflow/dags/hello_dag.py for tasks to queue
[2025-12-24T15:35:44.938+0000] {logging_mixin.py:154} INFO - [2025-12-24T15:35:44.937+0000] {dagbag.py:536} INFO - Filling up the DagBag from /opt/airflow/dags/hello_dag.py
[2025-12-24T15:35:44.960+0000] {processor.py:839} INFO - DAG(s) dict_keys(['hello_world_dag']) retrieved from /opt/airflow/dags/hello_dag.py
[2025-12-24T15:35:44.990+0000] {logging_mixin.py:154} INFO - [2025-12-24T15:35:44.990+0000] {dag.py:2941} INFO - Sync 1 DAGs
[2025-12-24T15:35:45.005+0000] {logging_mixin.py:154} INFO - [2025-12-24T15:35:45.005+0000] {dag.py:3722} INFO - Setting next_dagrun for hello_world_dag to None, run_after=None
[2025-12-24T15:35:45.031+0000] {processor.py:179} INFO - Processing /opt/airflow/dags/hello_dag.py took 0.100 seconds
[2025-12-24T15:36:15.442+0000] {processor.py:157} INFO - Started process (PID=713) to work on /opt/airflow/dags/hello_dag.py
[2025-12-24T15:36:15.443+0000] {processor.py:829} INFO - Processing file /opt/airflow/dags/hello_dag.py for tasks to queue
[2025-12-24T15:36:15.444+0000] {logging_mixin.py:154} INFO - [2025-12-24T15:36:15.444+0000] {dagbag.py:536} INFO - Filling up the DagBag from /opt/airflow/dags/hello_dag.py
[2025-12-24T15:36:15.465+0000] {processor.py:839} INFO - DAG(s) dict_keys(['hello_world_dag']) retrieved from /opt/airflow/dags/hello_dag.py
[2025-12-24T15:36:15.491+0000] {logging_mixin.py:154} INFO - [2025-12-24T15:36:15.490+0000] {dag.py:2941} INFO - Sync 1 DAGs
[2025-12-24T15:36:15.504+0000] {logging_mixin.py:154} INFO - [2025-12-24T15:36:15.504+0000] {dag.py:3722} INFO - Setting next_dagrun for hello_world_dag to None, run_after=None
[2025-12-24T15:36:15.529+0000] {processor.py:179} INFO - Processing /opt/airflow/dags/hello_dag.py took 0.090 seconds
[2025-12-24T15:36:45.923+0000] {processor.py:157} INFO - Started process (PID=728) to work on /opt/airflow/dags/hello_dag.py
[2025-12-24T15:36:45.924+0000] {processor.py:829} INFO - Processing file /opt/airflow/dags/hello_dag.py for tasks to queue
[2025-12-24T15:36:45.925+0000] {logging_mixin.py:154} INFO - [2025-12-24T15:36:45.925+0000] {dagbag.py:536} INFO - Filling up the DagBag from /opt/airflow/dags/hello_dag.py
[2025-12-24T15:36:45.947+0000] {processor.py:839} INFO - DAG(s) dict_keys(['hello_world_dag']) retrieved from /opt/airflow/dags/hello_dag.py
[2025-12-24T15:36:45.975+0000] {logging_mixin.py:154} INFO - [2025-12-24T15:36:45.975+0000] {dag.py:2941} INFO - Sync 1 DAGs
[2025-12-24T15:36:45.989+0000] {logging_mixin.py:154} INFO - [2025-12-24T15:36:45.989+0000] {dag.py:3722} INFO - Setting next_dagrun for hello_world_dag to None, run_after=None
[2025-12-24T15:36:46.010+0000] {processor.py:179} INFO - Processing /opt/airflow/dags/hello_dag.py took 0.090 seconds
[2025-12-24T15:37:16.345+0000] {processor.py:157} INFO - Started process (PID=743) to work on /opt/airflow/dags/hello_dag.py
[2025-12-24T15:37:16.346+0000] {processor.py:829} INFO - Processing file /opt/airflow/dags/hello_dag.py for tasks to queue
[2025-12-24T15:37:16.347+0000] {logging_mixin.py:154} INFO - [2025-12-24T15:37:16.347+0000] {dagbag.py:536} INFO - Filling up the DagBag from /opt/airflow/dags/hello_dag.py
[2025-12-24T15:37:16.415+0000] {processor.py:839} INFO - DAG(s) dict_keys(['hello_world_dag']) retrieved from /opt/airflow/dags/hello_dag.py
[2025-12-24T15:37:16.445+0000] {logging_mixin.py:154} INFO - [2025-12-24T15:37:16.444+0000] {dag.py:2941} INFO - Sync 1 DAGs
[2025-12-24T15:37:16.461+0000] {logging_mixin.py:154} INFO - [2025-12-24T15:37:16.461+0000] {dag.py:3722} INFO - Setting next_dagrun for hello_world_dag to None, run_after=None
[2025-12-24T15:37:16.485+0000] {processor.py:179} INFO - Processing /opt/airflow/dags/hello_dag.py took 0.144 seconds
[2025-12-24T15:37:46.884+0000] {processor.py:157} INFO - Started process (PID=758) to work on /opt/airflow/dags/hello_dag.py
[2025-12-24T15:37:46.886+0000] {processor.py:829} INFO - Processing file /opt/airflow/dags/hello_dag.py for tasks to queue
[2025-12-24T15:37:46.889+0000] {logging_mixin.py:154} INFO - [2025-12-24T15:37:46.888+0000] {dagbag.py:536} INFO - Filling up the DagBag from /opt/airflow/dags/hello_dag.py
[2025-12-24T15:37:46.914+0000] {processor.py:839} INFO - DAG(s) dict_keys(['hello_world_dag']) retrieved from /opt/airflow/dags/hello_dag.py
[2025-12-24T15:37:46.948+0000] {logging_mixin.py:154} INFO - [2025-12-24T15:37:46.948+0000] {dag.py:2941} INFO - Sync 1 DAGs
[2025-12-24T15:37:46.967+0000] {logging_mixin.py:154} INFO - [2025-12-24T15:37:46.967+0000] {dag.py:3722} INFO - Setting next_dagrun for hello_world_dag to None, run_after=None
[2025-12-24T15:37:46.995+0000] {processor.py:179} INFO - Processing /opt/airflow/dags/hello_dag.py took 0.115 seconds
[2025-12-24T15:38:17.331+0000] {processor.py:157} INFO - Started process (PID=773) to work on /opt/airflow/dags/hello_dag.py
[2025-12-24T15:38:17.332+0000] {processor.py:829} INFO - Processing file /opt/airflow/dags/hello_dag.py for tasks to queue
[2025-12-24T15:38:17.333+0000] {logging_mixin.py:154} INFO - [2025-12-24T15:38:17.332+0000] {dagbag.py:536} INFO - Filling up the DagBag from /opt/airflow/dags/hello_dag.py
[2025-12-24T15:38:17.365+0000] {processor.py:839} INFO - DAG(s) dict_keys(['hello_world_dag']) retrieved from /opt/airflow/dags/hello_dag.py
[2025-12-24T15:38:17.394+0000] {logging_mixin.py:154} INFO - [2025-12-24T15:38:17.393+0000] {dag.py:2941} INFO - Sync 1 DAGs
[2025-12-24T15:38:17.409+0000] {logging_mixin.py:154} INFO - [2025-12-24T15:38:17.408+0000] {dag.py:3722} INFO - Setting next_dagrun for hello_world_dag to None, run_after=None
[2025-12-24T15:38:17.433+0000] {processor.py:179} INFO - Processing /opt/airflow/dags/hello_dag.py took 0.106 seconds
[2025-12-24T15:38:47.789+0000] {processor.py:157} INFO - Started process (PID=788) to work on /opt/airflow/dags/hello_dag.py
[2025-12-24T15:38:47.790+0000] {processor.py:829} INFO - Processing file /opt/airflow/dags/hello_dag.py for tasks to queue
[2025-12-24T15:38:47.791+0000] {logging_mixin.py:154} INFO - [2025-12-24T15:38:47.791+0000] {dagbag.py:536} INFO - Filling up the DagBag from /opt/airflow/dags/hello_dag.py
[2025-12-24T15:38:47.810+0000] {processor.py:839} INFO - DAG(s) dict_keys(['hello_world_dag']) retrieved from /opt/airflow/dags/hello_dag.py
[2025-12-24T15:38:47.837+0000] {logging_mixin.py:154} INFO - [2025-12-24T15:38:47.837+0000] {dag.py:2941} INFO - Sync 1 DAGs
[2025-12-24T15:38:47.850+0000] {logging_mixin.py:154} INFO - [2025-12-24T15:38:47.850+0000] {dag.py:3722} INFO - Setting next_dagrun for hello_world_dag to None, run_after=None
[2025-12-24T15:38:47.876+0000] {processor.py:179} INFO - Processing /opt/airflow/dags/hello_dag.py took 0.090 seconds
[2025-12-24T15:39:18.249+0000] {processor.py:157} INFO - Started process (PID=803) to work on /opt/airflow/dags/hello_dag.py
[2025-12-24T15:39:18.250+0000] {processor.py:829} INFO - Processing file /opt/airflow/dags/hello_dag.py for tasks to queue
[2025-12-24T15:39:18.251+0000] {logging_mixin.py:154} INFO - [2025-12-24T15:39:18.251+0000] {dagbag.py:536} INFO - Filling up the DagBag from /opt/airflow/dags/hello_dag.py
[2025-12-24T15:39:18.272+0000] {processor.py:839} INFO - DAG(s) dict_keys(['hello_world_dag']) retrieved from /opt/airflow/dags/hello_dag.py
[2025-12-24T15:39:18.301+0000] {logging_mixin.py:154} INFO - [2025-12-24T15:39:18.301+0000] {dag.py:2941} INFO - Sync 1 DAGs
[2025-12-24T15:39:18.320+0000] {logging_mixin.py:154} INFO - [2025-12-24T15:39:18.320+0000] {dag.py:3722} INFO - Setting next_dagrun for hello_world_dag to None, run_after=None
[2025-12-24T15:39:18.342+0000] {processor.py:179} INFO - Processing /opt/airflow/dags/hello_dag.py took 0.096 seconds
[2025-12-24T15:39:43.635+0000] {processor.py:157} INFO - Started process (PID=813) to work on /opt/airflow/dags/hello_dag.py
[2025-12-24T15:39:43.636+0000] {processor.py:829} INFO - Processing file /opt/airflow/dags/hello_dag.py for tasks to queue
[2025-12-24T15:39:43.637+0000] {logging_mixin.py:154} INFO - [2025-12-24T15:39:43.637+0000] {dagbag.py:536} INFO - Filling up the DagBag from /opt/airflow/dags/hello_dag.py
[2025-12-24T15:39:43.674+0000] {processor.py:839} INFO - DAG(s) dict_keys(['hello_world_dag_1min']) retrieved from /opt/airflow/dags/hello_dag.py
[2025-12-24T15:39:43.896+0000] {logging_mixin.py:154} INFO - [2025-12-24T15:39:43.895+0000] {manager.py:499} INFO - Created Permission View: %s
[2025-12-24T15:39:43.910+0000] {logging_mixin.py:154} INFO - [2025-12-24T15:39:43.910+0000] {manager.py:499} INFO - Created Permission View: %s
[2025-12-24T15:39:43.923+0000] {logging_mixin.py:154} INFO - [2025-12-24T15:39:43.922+0000] {manager.py:499} INFO - Created Permission View: %s
[2025-12-24T15:39:43.923+0000] {logging_mixin.py:154} INFO - [2025-12-24T15:39:43.923+0000] {dag.py:2941} INFO - Sync 1 DAGs
[2025-12-24T15:39:43.941+0000] {logging_mixin.py:154} INFO - [2025-12-24T15:39:43.940+0000] {dag.py:2963} INFO - Creating ORM DAG for hello_world_dag_1min
[2025-12-24T15:39:43.953+0000] {logging_mixin.py:154} INFO - [2025-12-24T15:39:43.953+0000] {dag.py:3722} INFO - Setting next_dagrun for hello_world_dag_1min to 2025-12-24T15:38:43.953077+00:00, run_after=2025-12-24T15:39:43.953077+00:00
[2025-12-24T15:39:43.982+0000] {processor.py:179} INFO - Processing /opt/airflow/dags/hello_dag.py took 0.350 seconds
[2025-12-24T15:40:14.066+0000] {processor.py:157} INFO - Started process (PID=834) to work on /opt/airflow/dags/hello_dag.py
[2025-12-24T15:40:14.067+0000] {processor.py:829} INFO - Processing file /opt/airflow/dags/hello_dag.py for tasks to queue
[2025-12-24T15:40:14.069+0000] {logging_mixin.py:154} INFO - [2025-12-24T15:40:14.068+0000] {dagbag.py:536} INFO - Filling up the DagBag from /opt/airflow/dags/hello_dag.py
[2025-12-24T15:40:14.100+0000] {processor.py:839} INFO - DAG(s) dict_keys(['hello_world_dag_1min']) retrieved from /opt/airflow/dags/hello_dag.py
[2025-12-24T15:40:14.133+0000] {logging_mixin.py:154} INFO - [2025-12-24T15:40:14.133+0000] {dag.py:2941} INFO - Sync 1 DAGs
[2025-12-24T15:40:14.161+0000] {logging_mixin.py:154} INFO - [2025-12-24T15:40:14.161+0000] {dag.py:3722} INFO - Setting next_dagrun for hello_world_dag_1min to 2025-12-24T15:39:43.953077+00:00, run_after=2025-12-24T15:40:43.953077+00:00
[2025-12-24T15:40:14.187+0000] {processor.py:179} INFO - Processing /opt/airflow/dags/hello_dag.py took 0.125 seconds
[2025-12-24T15:40:44.538+0000] {processor.py:157} INFO - Started process (PID=850) to work on /opt/airflow/dags/hello_dag.py
[2025-12-24T15:40:44.540+0000] {processor.py:829} INFO - Processing file /opt/airflow/dags/hello_dag.py for tasks to queue
[2025-12-24T15:40:44.541+0000] {logging_mixin.py:154} INFO - [2025-12-24T15:40:44.540+0000] {dagbag.py:536} INFO - Filling up the DagBag from /opt/airflow/dags/hello_dag.py
[2025-12-24T15:40:44.568+0000] {processor.py:839} INFO - DAG(s) dict_keys(['hello_world_dag_1min']) retrieved from /opt/airflow/dags/hello_dag.py
[2025-12-24T15:40:44.599+0000] {logging_mixin.py:154} INFO - [2025-12-24T15:40:44.599+0000] {dag.py:2941} INFO - Sync 1 DAGs
[2025-12-24T15:40:44.624+0000] {logging_mixin.py:154} INFO - [2025-12-24T15:40:44.624+0000] {dag.py:3722} INFO - Setting next_dagrun for hello_world_dag_1min to 2025-12-24T15:40:43.953077+00:00, run_after=2025-12-24T15:41:43.953077+00:00
[2025-12-24T15:40:44.651+0000] {processor.py:179} INFO - Processing /opt/airflow/dags/hello_dag.py took 0.116 seconds
[2025-12-24T15:41:14.986+0000] {processor.py:157} INFO - Started process (PID=867) to work on /opt/airflow/dags/hello_dag.py
[2025-12-24T15:41:14.987+0000] {processor.py:829} INFO - Processing file /opt/airflow/dags/hello_dag.py for tasks to queue
[2025-12-24T15:41:14.988+0000] {logging_mixin.py:154} INFO - [2025-12-24T15:41:14.988+0000] {dagbag.py:536} INFO - Filling up the DagBag from /opt/airflow/dags/hello_dag.py
[2025-12-24T15:41:15.012+0000] {processor.py:839} INFO - DAG(s) dict_keys(['hello_world_dag_1min']) retrieved from /opt/airflow/dags/hello_dag.py
[2025-12-24T15:41:15.041+0000] {logging_mixin.py:154} INFO - [2025-12-24T15:41:15.040+0000] {dag.py:2941} INFO - Sync 1 DAGs
[2025-12-24T15:41:15.067+0000] {logging_mixin.py:154} INFO - [2025-12-24T15:41:15.067+0000] {dag.py:3722} INFO - Setting next_dagrun for hello_world_dag_1min to 2025-12-24T15:40:43.953077+00:00, run_after=2025-12-24T15:41:43.953077+00:00
[2025-12-24T15:41:15.103+0000] {processor.py:179} INFO - Processing /opt/airflow/dags/hello_dag.py took 0.120 seconds
[2025-12-24T15:41:45.382+0000] {processor.py:157} INFO - Started process (PID=885) to work on /opt/airflow/dags/hello_dag.py
[2025-12-24T15:41:45.384+0000] {processor.py:829} INFO - Processing file /opt/airflow/dags/hello_dag.py for tasks to queue
[2025-12-24T15:41:45.385+0000] {logging_mixin.py:154} INFO - [2025-12-24T15:41:45.385+0000] {dagbag.py:536} INFO - Filling up the DagBag from /opt/airflow/dags/hello_dag.py
[2025-12-24T15:41:45.411+0000] {processor.py:839} INFO - DAG(s) dict_keys(['hello_world_dag_1min']) retrieved from /opt/airflow/dags/hello_dag.py
[2025-12-24T15:41:45.439+0000] {logging_mixin.py:154} INFO - [2025-12-24T15:41:45.439+0000] {dag.py:2941} INFO - Sync 1 DAGs
[2025-12-24T15:41:45.463+0000] {logging_mixin.py:154} INFO - [2025-12-24T15:41:45.463+0000] {dag.py:3722} INFO - Setting next_dagrun for hello_world_dag_1min to 2025-12-24T15:41:43.953077+00:00, run_after=2025-12-24T15:42:43.953077+00:00
[2025-12-24T15:41:45.497+0000] {processor.py:179} INFO - Processing /opt/airflow/dags/hello_dag.py took 0.118 seconds
[2025-12-24T15:42:15.875+0000] {processor.py:157} INFO - Started process (PID=900) to work on /opt/airflow/dags/hello_dag.py
[2025-12-24T15:42:15.876+0000] {processor.py:829} INFO - Processing file /opt/airflow/dags/hello_dag.py for tasks to queue
[2025-12-24T15:42:15.877+0000] {logging_mixin.py:154} INFO - [2025-12-24T15:42:15.877+0000] {dagbag.py:536} INFO - Filling up the DagBag from /opt/airflow/dags/hello_dag.py
[2025-12-24T15:42:15.903+0000] {processor.py:839} INFO - DAG(s) dict_keys(['hello_world_dag_1min']) retrieved from /opt/airflow/dags/hello_dag.py
[2025-12-24T15:42:15.938+0000] {logging_mixin.py:154} INFO - [2025-12-24T15:42:15.937+0000] {dag.py:2941} INFO - Sync 1 DAGs
[2025-12-24T15:42:15.966+0000] {logging_mixin.py:154} INFO - [2025-12-24T15:42:15.966+0000] {dag.py:3722} INFO - Setting next_dagrun for hello_world_dag_1min to 2025-12-24T15:41:43.953077+00:00, run_after=2025-12-24T15:42:43.953077+00:00
[2025-12-24T15:42:16.009+0000] {processor.py:179} INFO - Processing /opt/airflow/dags/hello_dag.py took 0.137 seconds
[2025-12-24T15:42:46.468+0000] {processor.py:157} INFO - Started process (PID=915) to work on /opt/airflow/dags/hello_dag.py
[2025-12-24T15:42:46.469+0000] {processor.py:829} INFO - Processing file /opt/airflow/dags/hello_dag.py for tasks to queue
[2025-12-24T15:42:46.470+0000] {logging_mixin.py:154} INFO - [2025-12-24T15:42:46.470+0000] {dagbag.py:536} INFO - Filling up the DagBag from /opt/airflow/dags/hello_dag.py
[2025-12-24T15:42:46.487+0000] {processor.py:839} INFO - DAG(s) dict_keys(['hello_world_dag_1min']) retrieved from /opt/airflow/dags/hello_dag.py
[2025-12-24T15:42:46.512+0000] {logging_mixin.py:154} INFO - [2025-12-24T15:42:46.512+0000] {dag.py:2941} INFO - Sync 1 DAGs
[2025-12-24T15:42:46.534+0000] {logging_mixin.py:154} INFO - [2025-12-24T15:42:46.534+0000] {dag.py:3722} INFO - Setting next_dagrun for hello_world_dag_1min to 2025-12-24T15:41:46.534262+00:00, run_after=2025-12-24T15:42:46.534262+00:00
[2025-12-24T15:42:46.559+0000] {processor.py:179} INFO - Processing /opt/airflow/dags/hello_dag.py took 0.094 seconds
[2025-12-24T15:43:16.897+0000] {processor.py:157} INFO - Started process (PID=930) to work on /opt/airflow/dags/hello_dag.py
[2025-12-24T15:43:16.898+0000] {processor.py:829} INFO - Processing file /opt/airflow/dags/hello_dag.py for tasks to queue
[2025-12-24T15:43:16.900+0000] {logging_mixin.py:154} INFO - [2025-12-24T15:43:16.899+0000] {dagbag.py:536} INFO - Filling up the DagBag from /opt/airflow/dags/hello_dag.py
[2025-12-24T15:43:16.931+0000] {processor.py:839} INFO - DAG(s) dict_keys(['hello_world_dag_1min']) retrieved from /opt/airflow/dags/hello_dag.py
[2025-12-24T15:43:16.962+0000] {logging_mixin.py:154} INFO - [2025-12-24T15:43:16.962+0000] {dag.py:2941} INFO - Sync 1 DAGs
[2025-12-24T15:43:16.988+0000] {logging_mixin.py:154} INFO - [2025-12-24T15:43:16.988+0000] {dag.py:3722} INFO - Setting next_dagrun for hello_world_dag_1min to 2025-12-24T15:42:16.988338+00:00, run_after=2025-12-24T15:43:16.988338+00:00
[2025-12-24T15:43:17.016+0000] {processor.py:179} INFO - Processing /opt/airflow/dags/hello_dag.py took 0.122 seconds
[2025-12-24T15:43:47.315+0000] {processor.py:157} INFO - Started process (PID=945) to work on /opt/airflow/dags/hello_dag.py
[2025-12-24T15:43:47.316+0000] {processor.py:829} INFO - Processing file /opt/airflow/dags/hello_dag.py for tasks to queue
[2025-12-24T15:43:47.318+0000] {logging_mixin.py:154} INFO - [2025-12-24T15:43:47.317+0000] {dagbag.py:536} INFO - Filling up the DagBag from /opt/airflow/dags/hello_dag.py
[2025-12-24T15:43:47.339+0000] {processor.py:839} INFO - DAG(s) dict_keys(['hello_world_dag_1min']) retrieved from /opt/airflow/dags/hello_dag.py
[2025-12-24T15:43:47.364+0000] {logging_mixin.py:154} INFO - [2025-12-24T15:43:47.364+0000] {dag.py:2941} INFO - Sync 1 DAGs
[2025-12-24T15:43:47.385+0000] {logging_mixin.py:154} INFO - [2025-12-24T15:43:47.385+0000] {dag.py:3722} INFO - Setting next_dagrun for hello_world_dag_1min to 2025-12-24T15:42:47.385346+00:00, run_after=2025-12-24T15:43:47.385346+00:00
[2025-12-24T15:43:47.409+0000] {processor.py:179} INFO - Processing /opt/airflow/dags/hello_dag.py took 0.096 seconds
[2025-12-24T15:44:17.775+0000] {processor.py:157} INFO - Started process (PID=961) to work on /opt/airflow/dags/hello_dag.py
[2025-12-24T15:44:17.777+0000] {processor.py:829} INFO - Processing file /opt/airflow/dags/hello_dag.py for tasks to queue
[2025-12-24T15:44:17.778+0000] {logging_mixin.py:154} INFO - [2025-12-24T15:44:17.777+0000] {dagbag.py:536} INFO - Filling up the DagBag from /opt/airflow/dags/hello_dag.py
[2025-12-24T15:44:17.798+0000] {processor.py:839} INFO - DAG(s) dict_keys(['hello_world_dag_1min']) retrieved from /opt/airflow/dags/hello_dag.py
[2025-12-24T15:44:17.821+0000] {logging_mixin.py:154} INFO - [2025-12-24T15:44:17.821+0000] {dag.py:2941} INFO - Sync 1 DAGs
[2025-12-24T15:44:17.841+0000] {logging_mixin.py:154} INFO - [2025-12-24T15:44:17.841+0000] {dag.py:3722} INFO - Setting next_dagrun for hello_world_dag_1min to 2025-12-24T15:43:17.841325+00:00, run_after=2025-12-24T15:44:17.841325+00:00
[2025-12-24T15:44:17.874+0000] {processor.py:179} INFO - Processing /opt/airflow/dags/hello_dag.py took 0.103 seconds
[2025-12-24T15:44:48.232+0000] {processor.py:157} INFO - Started process (PID=977) to work on /opt/airflow/dags/hello_dag.py
[2025-12-24T15:44:48.233+0000] {processor.py:829} INFO - Processing file /opt/airflow/dags/hello_dag.py for tasks to queue
[2025-12-24T15:44:48.234+0000] {logging_mixin.py:154} INFO - [2025-12-24T15:44:48.234+0000] {dagbag.py:536} INFO - Filling up the DagBag from /opt/airflow/dags/hello_dag.py
[2025-12-24T15:44:48.265+0000] {processor.py:839} INFO - DAG(s) dict_keys(['hello_world_dag_1min']) retrieved from /opt/airflow/dags/hello_dag.py
[2025-12-24T15:44:48.291+0000] {logging_mixin.py:154} INFO - [2025-12-24T15:44:48.291+0000] {dag.py:2941} INFO - Sync 1 DAGs
[2025-12-24T15:44:48.317+0000] {logging_mixin.py:154} INFO - [2025-12-24T15:44:48.316+0000] {dag.py:3722} INFO - Setting next_dagrun for hello_world_dag_1min to 2025-12-24T15:43:48.316604+00:00, run_after=2025-12-24T15:44:48.316604+00:00
[2025-12-24T15:44:48.338+0000] {processor.py:179} INFO - Processing /opt/airflow/dags/hello_dag.py took 0.109 seconds
[2025-12-24T15:45:18.554+0000] {processor.py:157} INFO - Started process (PID=1002) to work on /opt/airflow/dags/hello_dag.py
[2025-12-24T15:45:18.555+0000] {processor.py:829} INFO - Processing file /opt/airflow/dags/hello_dag.py for tasks to queue
[2025-12-24T15:45:18.556+0000] {logging_mixin.py:154} INFO - [2025-12-24T15:45:18.556+0000] {dagbag.py:536} INFO - Filling up the DagBag from /opt/airflow/dags/hello_dag.py
[2025-12-24T15:45:18.578+0000] {processor.py:839} INFO - DAG(s) dict_keys(['hello_world_dag_1min']) retrieved from /opt/airflow/dags/hello_dag.py
[2025-12-24T15:45:18.604+0000] {logging_mixin.py:154} INFO - [2025-12-24T15:45:18.604+0000] {dag.py:2941} INFO - Sync 1 DAGs
[2025-12-24T15:45:18.627+0000] {logging_mixin.py:154} INFO - [2025-12-24T15:45:18.627+0000] {dag.py:3722} INFO - Setting next_dagrun for hello_world_dag_1min to 2025-12-24T15:44:18.627255+00:00, run_after=2025-12-24T15:45:18.627255+00:00
[2025-12-24T15:45:18.654+0000] {processor.py:179} INFO - Processing /opt/airflow/dags/hello_dag.py took 0.103 seconds
[2025-12-24T15:45:48.739+0000] {processor.py:157} INFO - Started process (PID=1021) to work on /opt/airflow/dags/hello_dag.py
[2025-12-24T15:45:48.741+0000] {processor.py:829} INFO - Processing file /opt/airflow/dags/hello_dag.py for tasks to queue
[2025-12-24T15:45:48.742+0000] {logging_mixin.py:154} INFO - [2025-12-24T15:45:48.742+0000] {dagbag.py:536} INFO - Filling up the DagBag from /opt/airflow/dags/hello_dag.py
[2025-12-24T15:45:48.764+0000] {processor.py:839} INFO - DAG(s) dict_keys(['hello_world_dag_1min']) retrieved from /opt/airflow/dags/hello_dag.py
[2025-12-24T15:45:48.793+0000] {logging_mixin.py:154} INFO - [2025-12-24T15:45:48.793+0000] {dag.py:2941} INFO - Sync 1 DAGs
[2025-12-24T15:45:48.820+0000] {logging_mixin.py:154} INFO - [2025-12-24T15:45:48.820+0000] {dag.py:3722} INFO - Setting next_dagrun for hello_world_dag_1min to 2025-12-24T15:44:48.820491+00:00, run_after=2025-12-24T15:45:48.820491+00:00
[2025-12-24T15:45:48.859+0000] {processor.py:179} INFO - Processing /opt/airflow/dags/hello_dag.py took 0.123 seconds
[2025-12-24T15:46:19.332+0000] {processor.py:157} INFO - Started process (PID=1037) to work on /opt/airflow/dags/hello_dag.py
[2025-12-24T15:46:19.340+0000] {processor.py:829} INFO - Processing file /opt/airflow/dags/hello_dag.py for tasks to queue
[2025-12-24T15:46:19.341+0000] {logging_mixin.py:154} INFO - [2025-12-24T15:46:19.341+0000] {dagbag.py:536} INFO - Filling up the DagBag from /opt/airflow/dags/hello_dag.py
[2025-12-24T15:46:19.365+0000] {processor.py:839} INFO - DAG(s) dict_keys(['hello_world_dag_1min']) retrieved from /opt/airflow/dags/hello_dag.py
[2025-12-24T15:46:19.390+0000] {logging_mixin.py:154} INFO - [2025-12-24T15:46:19.390+0000] {dag.py:2941} INFO - Sync 1 DAGs
[2025-12-24T15:46:19.412+0000] {logging_mixin.py:154} INFO - [2025-12-24T15:46:19.412+0000] {dag.py:3722} INFO - Setting next_dagrun for hello_world_dag_1min to 2025-12-24T15:45:19.412453+00:00, run_after=2025-12-24T15:46:19.412453+00:00
[2025-12-24T15:46:19.434+0000] {processor.py:179} INFO - Processing /opt/airflow/dags/hello_dag.py took 0.107 seconds
[2025-12-24T15:46:49.878+0000] {processor.py:157} INFO - Started process (PID=1053) to work on /opt/airflow/dags/hello_dag.py
[2025-12-24T15:46:49.879+0000] {processor.py:829} INFO - Processing file /opt/airflow/dags/hello_dag.py for tasks to queue
[2025-12-24T15:46:49.880+0000] {logging_mixin.py:154} INFO - [2025-12-24T15:46:49.880+0000] {dagbag.py:536} INFO - Filling up the DagBag from /opt/airflow/dags/hello_dag.py
[2025-12-24T15:46:49.900+0000] {processor.py:839} INFO - DAG(s) dict_keys(['hello_world_dag_1min']) retrieved from /opt/airflow/dags/hello_dag.py
[2025-12-24T15:46:49.923+0000] {logging_mixin.py:154} INFO - [2025-12-24T15:46:49.923+0000] {dag.py:2941} INFO - Sync 1 DAGs
[2025-12-24T15:46:49.950+0000] {logging_mixin.py:154} INFO - [2025-12-24T15:46:49.950+0000] {dag.py:3722} INFO - Setting next_dagrun for hello_world_dag_1min to 2025-12-24T15:45:49.949944+00:00, run_after=2025-12-24T15:46:49.949944+00:00
[2025-12-24T15:46:49.981+0000] {processor.py:179} INFO - Processing /opt/airflow/dags/hello_dag.py took 0.105 seconds
[2025-12-24T15:47:20.377+0000] {processor.py:157} INFO - Started process (PID=1069) to work on /opt/airflow/dags/hello_dag.py
[2025-12-24T15:47:20.378+0000] {processor.py:829} INFO - Processing file /opt/airflow/dags/hello_dag.py for tasks to queue
[2025-12-24T15:47:20.379+0000] {logging_mixin.py:154} INFO - [2025-12-24T15:47:20.378+0000] {dagbag.py:536} INFO - Filling up the DagBag from /opt/airflow/dags/hello_dag.py
[2025-12-24T15:47:20.394+0000] {processor.py:839} INFO - DAG(s) dict_keys(['hello_world_dag_1min']) retrieved from /opt/airflow/dags/hello_dag.py
[2025-12-24T15:47:20.417+0000] {logging_mixin.py:154} INFO - [2025-12-24T15:47:20.417+0000] {dag.py:2941} INFO - Sync 1 DAGs
[2025-12-24T15:47:20.436+0000] {logging_mixin.py:154} INFO - [2025-12-24T15:47:20.436+0000] {dag.py:3722} INFO - Setting next_dagrun for hello_world_dag_1min to 2025-12-24T15:46:20.436308+00:00, run_after=2025-12-24T15:47:20.436308+00:00
[2025-12-24T15:47:20.460+0000] {processor.py:179} INFO - Processing /opt/airflow/dags/hello_dag.py took 0.086 seconds
[2025-12-24T15:47:50.947+0000] {processor.py:157} INFO - Started process (PID=1085) to work on /opt/airflow/dags/hello_dag.py
[2025-12-24T15:47:50.949+0000] {processor.py:829} INFO - Processing file /opt/airflow/dags/hello_dag.py for tasks to queue
[2025-12-24T15:47:50.950+0000] {logging_mixin.py:154} INFO - [2025-12-24T15:47:50.949+0000] {dagbag.py:536} INFO - Filling up the DagBag from /opt/airflow/dags/hello_dag.py
[2025-12-24T15:47:50.966+0000] {processor.py:839} INFO - DAG(s) dict_keys(['hello_world_dag_1min']) retrieved from /opt/airflow/dags/hello_dag.py
[2025-12-24T15:47:50.989+0000] {logging_mixin.py:154} INFO - [2025-12-24T15:47:50.989+0000] {dag.py:2941} INFO - Sync 1 DAGs
[2025-12-24T15:47:51.008+0000] {logging_mixin.py:154} INFO - [2025-12-24T15:47:51.008+0000] {dag.py:3722} INFO - Setting next_dagrun for hello_world_dag_1min to 2025-12-24T15:46:51.008093+00:00, run_after=2025-12-24T15:47:51.008093+00:00
[2025-12-24T15:47:51.033+0000] {processor.py:179} INFO - Processing /opt/airflow/dags/hello_dag.py took 0.089 seconds
[2025-12-24T15:48:21.400+0000] {processor.py:157} INFO - Started process (PID=1101) to work on /opt/airflow/dags/hello_dag.py
[2025-12-24T15:48:21.401+0000] {processor.py:829} INFO - Processing file /opt/airflow/dags/hello_dag.py for tasks to queue
[2025-12-24T15:48:21.402+0000] {logging_mixin.py:154} INFO - [2025-12-24T15:48:21.402+0000] {dagbag.py:536} INFO - Filling up the DagBag from /opt/airflow/dags/hello_dag.py
[2025-12-24T15:48:21.418+0000] {processor.py:839} INFO - DAG(s) dict_keys(['hello_world_dag_1min']) retrieved from /opt/airflow/dags/hello_dag.py
[2025-12-24T15:48:21.440+0000] {logging_mixin.py:154} INFO - [2025-12-24T15:48:21.440+0000] {dag.py:2941} INFO - Sync 1 DAGs
[2025-12-24T15:48:21.458+0000] {logging_mixin.py:154} INFO - [2025-12-24T15:48:21.458+0000] {dag.py:3722} INFO - Setting next_dagrun for hello_world_dag_1min to 2025-12-24T15:47:21.458527+00:00, run_after=2025-12-24T15:48:21.458527+00:00
[2025-12-24T15:48:21.491+0000] {processor.py:179} INFO - Processing /opt/airflow/dags/hello_dag.py took 0.094 seconds
[2025-12-24T15:48:52.022+0000] {processor.py:157} INFO - Started process (PID=1117) to work on /opt/airflow/dags/hello_dag.py
[2025-12-24T15:48:52.023+0000] {processor.py:829} INFO - Processing file /opt/airflow/dags/hello_dag.py for tasks to queue
[2025-12-24T15:48:52.024+0000] {logging_mixin.py:154} INFO - [2025-12-24T15:48:52.024+0000] {dagbag.py:536} INFO - Filling up the DagBag from /opt/airflow/dags/hello_dag.py
[2025-12-24T15:48:52.042+0000] {processor.py:839} INFO - DAG(s) dict_keys(['hello_world_dag_1min']) retrieved from /opt/airflow/dags/hello_dag.py
[2025-12-24T15:48:52.065+0000] {logging_mixin.py:154} INFO - [2025-12-24T15:48:52.064+0000] {dag.py:2941} INFO - Sync 1 DAGs
[2025-12-24T15:48:52.083+0000] {logging_mixin.py:154} INFO - [2025-12-24T15:48:52.083+0000] {dag.py:3722} INFO - Setting next_dagrun for hello_world_dag_1min to 2025-12-24T15:47:52.082926+00:00, run_after=2025-12-24T15:48:52.082926+00:00
[2025-12-24T15:48:52.108+0000] {processor.py:179} INFO - Processing /opt/airflow/dags/hello_dag.py took 0.089 seconds
[2025-12-24T15:49:22.566+0000] {processor.py:157} INFO - Started process (PID=1133) to work on /opt/airflow/dags/hello_dag.py
[2025-12-24T15:49:22.567+0000] {processor.py:829} INFO - Processing file /opt/airflow/dags/hello_dag.py for tasks to queue
[2025-12-24T15:49:22.568+0000] {logging_mixin.py:154} INFO - [2025-12-24T15:49:22.568+0000] {dagbag.py:536} INFO - Filling up the DagBag from /opt/airflow/dags/hello_dag.py
[2025-12-24T15:49:22.599+0000] {processor.py:839} INFO - DAG(s) dict_keys(['hello_world_dag_1min']) retrieved from /opt/airflow/dags/hello_dag.py
[2025-12-24T15:49:22.626+0000] {logging_mixin.py:154} INFO - [2025-12-24T15:49:22.625+0000] {dag.py:2941} INFO - Sync 1 DAGs
[2025-12-24T15:49:22.646+0000] {logging_mixin.py:154} INFO - [2025-12-24T15:49:22.646+0000] {dag.py:3722} INFO - Setting next_dagrun for hello_world_dag_1min to 2025-12-24T15:48:22.645867+00:00, run_after=2025-12-24T15:49:22.645867+00:00
[2025-12-24T15:49:22.676+0000] {processor.py:179} INFO - Processing /opt/airflow/dags/hello_dag.py took 0.114 seconds
[2025-12-24T15:49:53.080+0000] {processor.py:157} INFO - Started process (PID=1149) to work on /opt/airflow/dags/hello_dag.py
[2025-12-24T15:49:53.082+0000] {processor.py:829} INFO - Processing file /opt/airflow/dags/hello_dag.py for tasks to queue
[2025-12-24T15:49:53.083+0000] {logging_mixin.py:154} INFO - [2025-12-24T15:49:53.082+0000] {dagbag.py:536} INFO - Filling up the DagBag from /opt/airflow/dags/hello_dag.py
[2025-12-24T15:49:53.104+0000] {processor.py:839} INFO - DAG(s) dict_keys(['hello_world_dag_1min']) retrieved from /opt/airflow/dags/hello_dag.py
[2025-12-24T15:49:53.130+0000] {logging_mixin.py:154} INFO - [2025-12-24T15:49:53.130+0000] {dag.py:2941} INFO - Sync 1 DAGs
[2025-12-24T15:49:53.153+0000] {logging_mixin.py:154} INFO - [2025-12-24T15:49:53.153+0000] {dag.py:3722} INFO - Setting next_dagrun for hello_world_dag_1min to 2025-12-24T15:48:53.153509+00:00, run_after=2025-12-24T15:49:53.153509+00:00
[2025-12-24T15:49:53.177+0000] {processor.py:179} INFO - Processing /opt/airflow/dags/hello_dag.py took 0.100 seconds
[2025-12-24T15:50:23.486+0000] {processor.py:157} INFO - Started process (PID=1165) to work on /opt/airflow/dags/hello_dag.py
[2025-12-24T15:50:23.487+0000] {processor.py:829} INFO - Processing file /opt/airflow/dags/hello_dag.py for tasks to queue
[2025-12-24T15:50:23.488+0000] {logging_mixin.py:154} INFO - [2025-12-24T15:50:23.487+0000] {dagbag.py:536} INFO - Filling up the DagBag from /opt/airflow/dags/hello_dag.py
[2025-12-24T15:50:23.504+0000] {processor.py:839} INFO - DAG(s) dict_keys(['hello_world_dag_1min']) retrieved from /opt/airflow/dags/hello_dag.py
[2025-12-24T15:50:23.529+0000] {logging_mixin.py:154} INFO - [2025-12-24T15:50:23.529+0000] {dag.py:2941} INFO - Sync 1 DAGs
[2025-12-24T15:50:23.549+0000] {logging_mixin.py:154} INFO - [2025-12-24T15:50:23.548+0000] {dag.py:3722} INFO - Setting next_dagrun for hello_world_dag_1min to 2025-12-24T15:49:23.548772+00:00, run_after=2025-12-24T15:50:23.548772+00:00
[2025-12-24T15:50:23.574+0000] {processor.py:179} INFO - Processing /opt/airflow/dags/hello_dag.py took 0.092 seconds
[2025-12-24T15:50:53.846+0000] {processor.py:157} INFO - Started process (PID=1181) to work on /opt/airflow/dags/hello_dag.py
[2025-12-24T15:50:53.847+0000] {processor.py:829} INFO - Processing file /opt/airflow/dags/hello_dag.py for tasks to queue
[2025-12-24T15:50:53.849+0000] {logging_mixin.py:154} INFO - [2025-12-24T15:50:53.848+0000] {dagbag.py:536} INFO - Filling up the DagBag from /opt/airflow/dags/hello_dag.py
[2025-12-24T15:50:53.871+0000] {processor.py:839} INFO - DAG(s) dict_keys(['hello_world_dag_1min']) retrieved from /opt/airflow/dags/hello_dag.py
[2025-12-24T15:50:53.897+0000] {logging_mixin.py:154} INFO - [2025-12-24T15:50:53.897+0000] {dag.py:2941} INFO - Sync 1 DAGs
[2025-12-24T15:50:53.928+0000] {logging_mixin.py:154} INFO - [2025-12-24T15:50:53.928+0000] {dag.py:3722} INFO - Setting next_dagrun for hello_world_dag_1min to 2025-12-24T15:49:53.928295+00:00, run_after=2025-12-24T15:50:53.928295+00:00
[2025-12-24T15:50:53.966+0000] {processor.py:179} INFO - Processing /opt/airflow/dags/hello_dag.py took 0.123 seconds
[2025-12-24T15:51:24.244+0000] {processor.py:157} INFO - Started process (PID=1197) to work on /opt/airflow/dags/hello_dag.py
[2025-12-24T15:51:24.245+0000] {processor.py:829} INFO - Processing file /opt/airflow/dags/hello_dag.py for tasks to queue
[2025-12-24T15:51:24.246+0000] {logging_mixin.py:154} INFO - [2025-12-24T15:51:24.246+0000] {dagbag.py:536} INFO - Filling up the DagBag from /opt/airflow/dags/hello_dag.py
[2025-12-24T15:51:24.263+0000] {processor.py:839} INFO - DAG(s) dict_keys(['hello_world_dag_1min']) retrieved from /opt/airflow/dags/hello_dag.py
[2025-12-24T15:51:24.287+0000] {logging_mixin.py:154} INFO - [2025-12-24T15:51:24.287+0000] {dag.py:2941} INFO - Sync 1 DAGs
[2025-12-24T15:51:24.307+0000] {logging_mixin.py:154} INFO - [2025-12-24T15:51:24.307+0000] {dag.py:3722} INFO - Setting next_dagrun for hello_world_dag_1min to 2025-12-24T15:50:24.307227+00:00, run_after=2025-12-24T15:51:24.307227+00:00
[2025-12-24T15:51:24.333+0000] {processor.py:179} INFO - Processing /opt/airflow/dags/hello_dag.py took 0.093 seconds
[2025-12-24T15:51:54.844+0000] {processor.py:157} INFO - Started process (PID=1213) to work on /opt/airflow/dags/hello_dag.py
[2025-12-24T15:51:54.845+0000] {processor.py:829} INFO - Processing file /opt/airflow/dags/hello_dag.py for tasks to queue
[2025-12-24T15:51:54.846+0000] {logging_mixin.py:154} INFO - [2025-12-24T15:51:54.846+0000] {dagbag.py:536} INFO - Filling up the DagBag from /opt/airflow/dags/hello_dag.py
[2025-12-24T15:51:54.863+0000] {processor.py:839} INFO - DAG(s) dict_keys(['hello_world_dag_1min']) retrieved from /opt/airflow/dags/hello_dag.py
[2025-12-24T15:51:54.887+0000] {logging_mixin.py:154} INFO - [2025-12-24T15:51:54.886+0000] {dag.py:2941} INFO - Sync 1 DAGs
[2025-12-24T15:51:54.907+0000] {logging_mixin.py:154} INFO - [2025-12-24T15:51:54.907+0000] {dag.py:3722} INFO - Setting next_dagrun for hello_world_dag_1min to 2025-12-24T15:50:54.907397+00:00, run_after=2025-12-24T15:51:54.907397+00:00
[2025-12-24T15:51:54.940+0000] {processor.py:179} INFO - Processing /opt/airflow/dags/hello_dag.py took 0.100 seconds
[2025-12-24T15:52:25.374+0000] {processor.py:157} INFO - Started process (PID=1229) to work on /opt/airflow/dags/hello_dag.py
[2025-12-24T15:52:25.375+0000] {processor.py:829} INFO - Processing file /opt/airflow/dags/hello_dag.py for tasks to queue
[2025-12-24T15:52:25.376+0000] {logging_mixin.py:154} INFO - [2025-12-24T15:52:25.375+0000] {dagbag.py:536} INFO - Filling up the DagBag from /opt/airflow/dags/hello_dag.py
[2025-12-24T15:52:25.392+0000] {processor.py:839} INFO - DAG(s) dict_keys(['hello_world_dag_1min']) retrieved from /opt/airflow/dags/hello_dag.py
[2025-12-24T15:52:25.415+0000] {logging_mixin.py:154} INFO - [2025-12-24T15:52:25.415+0000] {dag.py:2941} INFO - Sync 1 DAGs
[2025-12-24T15:52:25.435+0000] {logging_mixin.py:154} INFO - [2025-12-24T15:52:25.435+0000] {dag.py:3722} INFO - Setting next_dagrun for hello_world_dag_1min to 2025-12-24T15:51:25.434734+00:00, run_after=2025-12-24T15:52:25.434734+00:00
[2025-12-24T15:52:25.467+0000] {processor.py:179} INFO - Processing /opt/airflow/dags/hello_dag.py took 0.096 seconds
[2025-12-24T15:52:55.909+0000] {processor.py:157} INFO - Started process (PID=1245) to work on /opt/airflow/dags/hello_dag.py
[2025-12-24T15:52:55.911+0000] {processor.py:829} INFO - Processing file /opt/airflow/dags/hello_dag.py for tasks to queue
[2025-12-24T15:52:55.912+0000] {logging_mixin.py:154} INFO - [2025-12-24T15:52:55.911+0000] {dagbag.py:536} INFO - Filling up the DagBag from /opt/airflow/dags/hello_dag.py
[2025-12-24T15:52:55.929+0000] {processor.py:839} INFO - DAG(s) dict_keys(['hello_world_dag_1min']) retrieved from /opt/airflow/dags/hello_dag.py
[2025-12-24T15:52:55.959+0000] {logging_mixin.py:154} INFO - [2025-12-24T15:52:55.959+0000] {dag.py:2941} INFO - Sync 1 DAGs
[2025-12-24T15:52:55.977+0000] {logging_mixin.py:154} INFO - [2025-12-24T15:52:55.977+0000] {dag.py:3722} INFO - Setting next_dagrun for hello_world_dag_1min to 2025-12-24T15:51:55.977142+00:00, run_after=2025-12-24T15:52:55.977142+00:00
[2025-12-24T15:52:56.000+0000] {processor.py:179} INFO - Processing /opt/airflow/dags/hello_dag.py took 0.094 seconds
[2025-12-24T15:53:26.403+0000] {processor.py:157} INFO - Started process (PID=1261) to work on /opt/airflow/dags/hello_dag.py
[2025-12-24T15:53:26.404+0000] {processor.py:829} INFO - Processing file /opt/airflow/dags/hello_dag.py for tasks to queue
[2025-12-24T15:53:26.405+0000] {logging_mixin.py:154} INFO - [2025-12-24T15:53:26.404+0000] {dagbag.py:536} INFO - Filling up the DagBag from /opt/airflow/dags/hello_dag.py
[2025-12-24T15:53:26.420+0000] {processor.py:839} INFO - DAG(s) dict_keys(['hello_world_dag_1min']) retrieved from /opt/airflow/dags/hello_dag.py
[2025-12-24T15:53:26.451+0000] {logging_mixin.py:154} INFO - [2025-12-24T15:53:26.451+0000] {dag.py:2941} INFO - Sync 1 DAGs
[2025-12-24T15:53:26.473+0000] {logging_mixin.py:154} INFO - [2025-12-24T15:53:26.473+0000] {dag.py:3722} INFO - Setting next_dagrun for hello_world_dag_1min to 2025-12-24T15:52:26.473313+00:00, run_after=2025-12-24T15:53:26.473313+00:00
[2025-12-24T15:53:26.499+0000] {processor.py:179} INFO - Processing /opt/airflow/dags/hello_dag.py took 0.099 seconds
[2025-12-24T15:53:56.845+0000] {processor.py:157} INFO - Started process (PID=1277) to work on /opt/airflow/dags/hello_dag.py
[2025-12-24T15:53:56.846+0000] {processor.py:829} INFO - Processing file /opt/airflow/dags/hello_dag.py for tasks to queue
[2025-12-24T15:53:56.847+0000] {logging_mixin.py:154} INFO - [2025-12-24T15:53:56.846+0000] {dagbag.py:536} INFO - Filling up the DagBag from /opt/airflow/dags/hello_dag.py
[2025-12-24T15:53:56.864+0000] {processor.py:839} INFO - DAG(s) dict_keys(['hello_world_dag_1min']) retrieved from /opt/airflow/dags/hello_dag.py
[2025-12-24T15:53:56.890+0000] {logging_mixin.py:154} INFO - [2025-12-24T15:53:56.889+0000] {dag.py:2941} INFO - Sync 1 DAGs
[2025-12-24T15:53:56.911+0000] {logging_mixin.py:154} INFO - [2025-12-24T15:53:56.911+0000] {dag.py:3722} INFO - Setting next_dagrun for hello_world_dag_1min to 2025-12-24T15:52:56.911290+00:00, run_after=2025-12-24T15:53:56.911290+00:00
[2025-12-24T15:53:56.941+0000] {processor.py:179} INFO - Processing /opt/airflow/dags/hello_dag.py took 0.100 seconds
[2025-12-24T15:54:27.318+0000] {processor.py:157} INFO - Started process (PID=1293) to work on /opt/airflow/dags/hello_dag.py
[2025-12-24T15:54:27.319+0000] {processor.py:829} INFO - Processing file /opt/airflow/dags/hello_dag.py for tasks to queue
[2025-12-24T15:54:27.320+0000] {logging_mixin.py:154} INFO - [2025-12-24T15:54:27.320+0000] {dagbag.py:536} INFO - Filling up the DagBag from /opt/airflow/dags/hello_dag.py
[2025-12-24T15:54:27.340+0000] {processor.py:839} INFO - DAG(s) dict_keys(['hello_world_dag_1min']) retrieved from /opt/airflow/dags/hello_dag.py
[2025-12-24T15:54:27.366+0000] {logging_mixin.py:154} INFO - [2025-12-24T15:54:27.366+0000] {dag.py:2941} INFO - Sync 1 DAGs
[2025-12-24T15:54:27.388+0000] {logging_mixin.py:154} INFO - [2025-12-24T15:54:27.388+0000] {dag.py:3722} INFO - Setting next_dagrun for hello_world_dag_1min to 2025-12-24T15:53:27.387836+00:00, run_after=2025-12-24T15:54:27.387836+00:00
[2025-12-24T15:54:27.415+0000] {processor.py:179} INFO - Processing /opt/airflow/dags/hello_dag.py took 0.101 seconds
[2025-12-24T15:54:57.733+0000] {processor.py:157} INFO - Started process (PID=1309) to work on /opt/airflow/dags/hello_dag.py
[2025-12-24T15:54:57.734+0000] {processor.py:829} INFO - Processing file /opt/airflow/dags/hello_dag.py for tasks to queue
[2025-12-24T15:54:57.735+0000] {logging_mixin.py:154} INFO - [2025-12-24T15:54:57.735+0000] {dagbag.py:536} INFO - Filling up the DagBag from /opt/airflow/dags/hello_dag.py
[2025-12-24T15:54:57.753+0000] {processor.py:839} INFO - DAG(s) dict_keys(['hello_world_dag_1min']) retrieved from /opt/airflow/dags/hello_dag.py
[2025-12-24T15:54:57.780+0000] {logging_mixin.py:154} INFO - [2025-12-24T15:54:57.779+0000] {dag.py:2941} INFO - Sync 1 DAGs
[2025-12-24T15:54:57.800+0000] {logging_mixin.py:154} INFO - [2025-12-24T15:54:57.800+0000] {dag.py:3722} INFO - Setting next_dagrun for hello_world_dag_1min to 2025-12-24T15:53:57.800237+00:00, run_after=2025-12-24T15:54:57.800237+00:00
[2025-12-24T15:54:57.832+0000] {processor.py:179} INFO - Processing /opt/airflow/dags/hello_dag.py took 0.103 seconds
[2025-12-24T15:55:28.099+0000] {processor.py:157} INFO - Started process (PID=1325) to work on /opt/airflow/dags/hello_dag.py
[2025-12-24T15:55:28.100+0000] {processor.py:829} INFO - Processing file /opt/airflow/dags/hello_dag.py for tasks to queue
[2025-12-24T15:55:28.101+0000] {logging_mixin.py:154} INFO - [2025-12-24T15:55:28.101+0000] {dagbag.py:536} INFO - Filling up the DagBag from /opt/airflow/dags/hello_dag.py
[2025-12-24T15:55:28.123+0000] {processor.py:839} INFO - DAG(s) dict_keys(['hello_world_dag_1min']) retrieved from /opt/airflow/dags/hello_dag.py
[2025-12-24T15:55:28.149+0000] {logging_mixin.py:154} INFO - [2025-12-24T15:55:28.149+0000] {dag.py:2941} INFO - Sync 1 DAGs
[2025-12-24T15:55:28.173+0000] {logging_mixin.py:154} INFO - [2025-12-24T15:55:28.173+0000] {dag.py:3722} INFO - Setting next_dagrun for hello_world_dag_1min to 2025-12-24T15:54:28.172912+00:00, run_after=2025-12-24T15:55:28.172912+00:00
[2025-12-24T15:55:28.207+0000] {processor.py:179} INFO - Processing /opt/airflow/dags/hello_dag.py took 0.112 seconds
[2025-12-24T15:55:58.331+0000] {processor.py:157} INFO - Started process (PID=1341) to work on /opt/airflow/dags/hello_dag.py
[2025-12-24T15:55:58.336+0000] {processor.py:829} INFO - Processing file /opt/airflow/dags/hello_dag.py for tasks to queue
[2025-12-24T15:55:58.339+0000] {logging_mixin.py:154} INFO - [2025-12-24T15:55:58.338+0000] {dagbag.py:536} INFO - Filling up the DagBag from /opt/airflow/dags/hello_dag.py
[2025-12-24T15:55:58.427+0000] {processor.py:839} INFO - DAG(s) dict_keys(['hello_world_dag_1min']) retrieved from /opt/airflow/dags/hello_dag.py
[2025-12-24T15:55:58.579+0000] {logging_mixin.py:154} INFO - [2025-12-24T15:55:58.578+0000] {dag.py:2941} INFO - Sync 1 DAGs
[2025-12-24T15:55:58.629+0000] {logging_mixin.py:154} INFO - [2025-12-24T15:55:58.629+0000] {dag.py:3722} INFO - Setting next_dagrun for hello_world_dag_1min to 2025-12-24T15:54:58.628863+00:00, run_after=2025-12-24T15:55:58.628863+00:00
[2025-12-24T15:55:58.655+0000] {processor.py:179} INFO - Processing /opt/airflow/dags/hello_dag.py took 0.345 seconds
[2025-12-24T15:56:29.077+0000] {processor.py:157} INFO - Started process (PID=1357) to work on /opt/airflow/dags/hello_dag.py
[2025-12-24T15:56:29.078+0000] {processor.py:829} INFO - Processing file /opt/airflow/dags/hello_dag.py for tasks to queue
[2025-12-24T15:56:29.079+0000] {logging_mixin.py:154} INFO - [2025-12-24T15:56:29.079+0000] {dagbag.py:536} INFO - Filling up the DagBag from /opt/airflow/dags/hello_dag.py
[2025-12-24T15:56:29.094+0000] {processor.py:839} INFO - DAG(s) dict_keys(['hello_world_dag_1min']) retrieved from /opt/airflow/dags/hello_dag.py
[2025-12-24T15:56:29.118+0000] {logging_mixin.py:154} INFO - [2025-12-24T15:56:29.117+0000] {dag.py:2941} INFO - Sync 1 DAGs
[2025-12-24T15:56:29.139+0000] {logging_mixin.py:154} INFO - [2025-12-24T15:56:29.139+0000] {dag.py:3722} INFO - Setting next_dagrun for hello_world_dag_1min to 2025-12-24T15:55:29.139310+00:00, run_after=2025-12-24T15:56:29.139310+00:00
[2025-12-24T15:56:29.171+0000] {processor.py:179} INFO - Processing /opt/airflow/dags/hello_dag.py took 0.096 seconds
[2025-12-24T15:56:59.493+0000] {processor.py:157} INFO - Started process (PID=1373) to work on /opt/airflow/dags/hello_dag.py
[2025-12-24T15:56:59.494+0000] {processor.py:829} INFO - Processing file /opt/airflow/dags/hello_dag.py for tasks to queue
[2025-12-24T15:56:59.495+0000] {logging_mixin.py:154} INFO - [2025-12-24T15:56:59.495+0000] {dagbag.py:536} INFO - Filling up the DagBag from /opt/airflow/dags/hello_dag.py
[2025-12-24T15:56:59.528+0000] {processor.py:839} INFO - DAG(s) dict_keys(['hello_world_dag_1min']) retrieved from /opt/airflow/dags/hello_dag.py
[2025-12-24T15:56:59.558+0000] {logging_mixin.py:154} INFO - [2025-12-24T15:56:59.558+0000] {dag.py:2941} INFO - Sync 1 DAGs
[2025-12-24T15:56:59.580+0000] {logging_mixin.py:154} INFO - [2025-12-24T15:56:59.580+0000] {dag.py:3722} INFO - Setting next_dagrun for hello_world_dag_1min to 2025-12-24T15:55:59.580510+00:00, run_after=2025-12-24T15:56:59.580510+00:00
[2025-12-24T15:56:59.606+0000] {processor.py:179} INFO - Processing /opt/airflow/dags/hello_dag.py took 0.116 seconds
[2025-12-24T15:57:29.950+0000] {processor.py:157} INFO - Started process (PID=1389) to work on /opt/airflow/dags/hello_dag.py
[2025-12-24T15:57:29.951+0000] {processor.py:829} INFO - Processing file /opt/airflow/dags/hello_dag.py for tasks to queue
[2025-12-24T15:57:29.952+0000] {logging_mixin.py:154} INFO - [2025-12-24T15:57:29.952+0000] {dagbag.py:536} INFO - Filling up the DagBag from /opt/airflow/dags/hello_dag.py
[2025-12-24T15:57:29.970+0000] {processor.py:839} INFO - DAG(s) dict_keys(['hello_world_dag_1min']) retrieved from /opt/airflow/dags/hello_dag.py
[2025-12-24T15:57:29.994+0000] {logging_mixin.py:154} INFO - [2025-12-24T15:57:29.994+0000] {dag.py:2941} INFO - Sync 1 DAGs
[2025-12-24T15:57:30.014+0000] {logging_mixin.py:154} INFO - [2025-12-24T15:57:30.014+0000] {dag.py:3722} INFO - Setting next_dagrun for hello_world_dag_1min to 2025-12-24T15:56:30.014231+00:00, run_after=2025-12-24T15:57:30.014231+00:00
[2025-12-24T15:57:30.037+0000] {processor.py:179} INFO - Processing /opt/airflow/dags/hello_dag.py took 0.090 seconds
[2025-12-24T15:58:00.493+0000] {processor.py:157} INFO - Started process (PID=1405) to work on /opt/airflow/dags/hello_dag.py
[2025-12-24T15:58:00.494+0000] {processor.py:829} INFO - Processing file /opt/airflow/dags/hello_dag.py for tasks to queue
[2025-12-24T15:58:00.495+0000] {logging_mixin.py:154} INFO - [2025-12-24T15:58:00.495+0000] {dagbag.py:536} INFO - Filling up the DagBag from /opt/airflow/dags/hello_dag.py
[2025-12-24T15:58:00.518+0000] {processor.py:839} INFO - DAG(s) dict_keys(['hello_world_dag_1min']) retrieved from /opt/airflow/dags/hello_dag.py
[2025-12-24T15:58:00.544+0000] {logging_mixin.py:154} INFO - [2025-12-24T15:58:00.543+0000] {dag.py:2941} INFO - Sync 1 DAGs
[2025-12-24T15:58:00.564+0000] {logging_mixin.py:154} INFO - [2025-12-24T15:58:00.564+0000] {dag.py:3722} INFO - Setting next_dagrun for hello_world_dag_1min to 2025-12-24T15:57:00.564036+00:00, run_after=2025-12-24T15:58:00.564036+00:00
[2025-12-24T15:58:00.586+0000] {processor.py:179} INFO - Processing /opt/airflow/dags/hello_dag.py took 0.097 seconds
[2025-12-24T15:58:30.884+0000] {processor.py:157} INFO - Started process (PID=1421) to work on /opt/airflow/dags/hello_dag.py
[2025-12-24T15:58:30.888+0000] {processor.py:829} INFO - Processing file /opt/airflow/dags/hello_dag.py for tasks to queue
[2025-12-24T15:58:30.889+0000] {logging_mixin.py:154} INFO - [2025-12-24T15:58:30.889+0000] {dagbag.py:536} INFO - Filling up the DagBag from /opt/airflow/dags/hello_dag.py
[2025-12-24T15:58:30.915+0000] {processor.py:839} INFO - DAG(s) dict_keys(['hello_world_dag_1min']) retrieved from /opt/airflow/dags/hello_dag.py
[2025-12-24T15:58:30.942+0000] {logging_mixin.py:154} INFO - [2025-12-24T15:58:30.941+0000] {dag.py:2941} INFO - Sync 1 DAGs
[2025-12-24T15:58:30.964+0000] {logging_mixin.py:154} INFO - [2025-12-24T15:58:30.964+0000] {dag.py:3722} INFO - Setting next_dagrun for hello_world_dag_1min to 2025-12-24T15:57:30.964104+00:00, run_after=2025-12-24T15:58:30.964104+00:00
[2025-12-24T15:58:30.985+0000] {processor.py:179} INFO - Processing /opt/airflow/dags/hello_dag.py took 0.105 seconds
[2025-12-24T15:59:01.213+0000] {processor.py:157} INFO - Started process (PID=1434) to work on /opt/airflow/dags/hello_dag.py
[2025-12-24T15:59:01.214+0000] {processor.py:829} INFO - Processing file /opt/airflow/dags/hello_dag.py for tasks to queue
[2025-12-24T15:59:01.215+0000] {logging_mixin.py:154} INFO - [2025-12-24T15:59:01.215+0000] {dagbag.py:536} INFO - Filling up the DagBag from /opt/airflow/dags/hello_dag.py
[2025-12-24T15:59:01.237+0000] {processor.py:839} INFO - DAG(s) dict_keys(['hello_world_dag_1min']) retrieved from /opt/airflow/dags/hello_dag.py
[2025-12-24T15:59:01.272+0000] {logging_mixin.py:154} INFO - [2025-12-24T15:59:01.272+0000] {dag.py:2941} INFO - Sync 1 DAGs
[2025-12-24T15:59:01.295+0000] {logging_mixin.py:154} INFO - [2025-12-24T15:59:01.295+0000] {dag.py:3722} INFO - Setting next_dagrun for hello_world_dag_1min to 2025-12-24T15:58:01.295218+00:00, run_after=2025-12-24T15:59:01.295218+00:00
[2025-12-24T15:59:01.323+0000] {processor.py:179} INFO - Processing /opt/airflow/dags/hello_dag.py took 0.115 seconds
[2025-12-24T15:59:31.718+0000] {processor.py:157} INFO - Started process (PID=1450) to work on /opt/airflow/dags/hello_dag.py
[2025-12-24T15:59:31.718+0000] {processor.py:829} INFO - Processing file /opt/airflow/dags/hello_dag.py for tasks to queue
[2025-12-24T15:59:31.719+0000] {logging_mixin.py:154} INFO - [2025-12-24T15:59:31.719+0000] {dagbag.py:536} INFO - Filling up the DagBag from /opt/airflow/dags/hello_dag.py
[2025-12-24T15:59:31.736+0000] {processor.py:839} INFO - DAG(s) dict_keys(['hello_world_dag_1min']) retrieved from /opt/airflow/dags/hello_dag.py
[2025-12-24T15:59:31.762+0000] {logging_mixin.py:154} INFO - [2025-12-24T15:59:31.762+0000] {dag.py:2941} INFO - Sync 1 DAGs
[2025-12-24T15:59:31.787+0000] {logging_mixin.py:154} INFO - [2025-12-24T15:59:31.787+0000] {dag.py:3722} INFO - Setting next_dagrun for hello_world_dag_1min to 2025-12-24T15:58:31.787130+00:00, run_after=2025-12-24T15:59:31.787130+00:00
[2025-12-24T15:59:31.821+0000] {processor.py:179} INFO - Processing /opt/airflow/dags/hello_dag.py took 0.106 seconds
[2025-12-24T16:00:02.282+0000] {processor.py:157} INFO - Started process (PID=1466) to work on /opt/airflow/dags/hello_dag.py
[2025-12-24T16:00:02.283+0000] {processor.py:829} INFO - Processing file /opt/airflow/dags/hello_dag.py for tasks to queue
[2025-12-24T16:00:02.284+0000] {logging_mixin.py:154} INFO - [2025-12-24T16:00:02.284+0000] {dagbag.py:536} INFO - Filling up the DagBag from /opt/airflow/dags/hello_dag.py
[2025-12-24T16:00:02.307+0000] {processor.py:839} INFO - DAG(s) dict_keys(['hello_world_dag_1min']) retrieved from /opt/airflow/dags/hello_dag.py
[2025-12-24T16:00:02.336+0000] {logging_mixin.py:154} INFO - [2025-12-24T16:00:02.336+0000] {dag.py:2941} INFO - Sync 1 DAGs
[2025-12-24T16:00:02.361+0000] {logging_mixin.py:154} INFO - [2025-12-24T16:00:02.361+0000] {dag.py:3722} INFO - Setting next_dagrun for hello_world_dag_1min to 2025-12-24T15:59:02.361485+00:00, run_after=2025-12-24T16:00:02.361485+00:00
[2025-12-24T16:00:02.387+0000] {processor.py:179} INFO - Processing /opt/airflow/dags/hello_dag.py took 0.109 seconds
[2025-12-24T16:00:32.806+0000] {processor.py:157} INFO - Started process (PID=1482) to work on /opt/airflow/dags/hello_dag.py
[2025-12-24T16:00:32.807+0000] {processor.py:829} INFO - Processing file /opt/airflow/dags/hello_dag.py for tasks to queue
[2025-12-24T16:00:32.808+0000] {logging_mixin.py:154} INFO - [2025-12-24T16:00:32.808+0000] {dagbag.py:536} INFO - Filling up the DagBag from /opt/airflow/dags/hello_dag.py
[2025-12-24T16:00:32.831+0000] {processor.py:839} INFO - DAG(s) dict_keys(['hello_world_dag_1min']) retrieved from /opt/airflow/dags/hello_dag.py
[2025-12-24T16:00:32.870+0000] {logging_mixin.py:154} INFO - [2025-12-24T16:00:32.870+0000] {dag.py:2941} INFO - Sync 1 DAGs
[2025-12-24T16:00:32.935+0000] {logging_mixin.py:154} INFO - [2025-12-24T16:00:32.935+0000] {dag.py:3722} INFO - Setting next_dagrun for hello_world_dag_1min to 2025-12-24T15:59:32.934741+00:00, run_after=2025-12-24T16:00:32.934741+00:00
[2025-12-24T16:00:32.970+0000] {processor.py:179} INFO - Processing /opt/airflow/dags/hello_dag.py took 0.169 seconds
[2025-12-24T16:01:03.973+0000] {processor.py:157} INFO - Started process (PID=1498) to work on /opt/airflow/dags/hello_dag.py
[2025-12-24T16:01:03.974+0000] {processor.py:829} INFO - Processing file /opt/airflow/dags/hello_dag.py for tasks to queue
[2025-12-24T16:01:03.975+0000] {logging_mixin.py:154} INFO - [2025-12-24T16:01:03.974+0000] {dagbag.py:536} INFO - Filling up the DagBag from /opt/airflow/dags/hello_dag.py
[2025-12-24T16:01:03.992+0000] {processor.py:839} INFO - DAG(s) dict_keys(['hello_world_dag_1min']) retrieved from /opt/airflow/dags/hello_dag.py
[2025-12-24T16:01:04.018+0000] {logging_mixin.py:154} INFO - [2025-12-24T16:01:04.018+0000] {dag.py:2941} INFO - Sync 1 DAGs
[2025-12-24T16:01:04.040+0000] {logging_mixin.py:154} INFO - [2025-12-24T16:01:04.040+0000] {dag.py:3722} INFO - Setting next_dagrun for hello_world_dag_1min to 2025-12-24T16:00:04.040037+00:00, run_after=2025-12-24T16:01:04.040037+00:00
[2025-12-24T16:01:04.066+0000] {processor.py:179} INFO - Processing /opt/airflow/dags/hello_dag.py took 0.097 seconds
[2025-12-24T16:01:34.516+0000] {processor.py:157} INFO - Started process (PID=1514) to work on /opt/airflow/dags/hello_dag.py
[2025-12-24T16:01:34.517+0000] {processor.py:829} INFO - Processing file /opt/airflow/dags/hello_dag.py for tasks to queue
[2025-12-24T16:01:34.518+0000] {logging_mixin.py:154} INFO - [2025-12-24T16:01:34.518+0000] {dagbag.py:536} INFO - Filling up the DagBag from /opt/airflow/dags/hello_dag.py
[2025-12-24T16:01:34.536+0000] {processor.py:839} INFO - DAG(s) dict_keys(['hello_world_dag_1min']) retrieved from /opt/airflow/dags/hello_dag.py
[2025-12-24T16:01:34.573+0000] {logging_mixin.py:154} INFO - [2025-12-24T16:01:34.573+0000] {dag.py:2941} INFO - Sync 1 DAGs
[2025-12-24T16:01:34.600+0000] {logging_mixin.py:154} INFO - [2025-12-24T16:01:34.600+0000] {dag.py:3722} INFO - Setting next_dagrun for hello_world_dag_1min to 2025-12-24T16:00:34.600369+00:00, run_after=2025-12-24T16:01:34.600369+00:00
[2025-12-24T16:01:34.631+0000] {processor.py:179} INFO - Processing /opt/airflow/dags/hello_dag.py took 0.119 seconds
[2025-12-24T16:02:05.109+0000] {processor.py:157} INFO - Started process (PID=1527) to work on /opt/airflow/dags/hello_dag.py
[2025-12-24T16:02:05.110+0000] {processor.py:829} INFO - Processing file /opt/airflow/dags/hello_dag.py for tasks to queue
[2025-12-24T16:02:05.111+0000] {logging_mixin.py:154} INFO - [2025-12-24T16:02:05.111+0000] {dagbag.py:536} INFO - Filling up the DagBag from /opt/airflow/dags/hello_dag.py
[2025-12-24T16:02:05.128+0000] {processor.py:839} INFO - DAG(s) dict_keys(['hello_world_dag_1min']) retrieved from /opt/airflow/dags/hello_dag.py
[2025-12-24T16:02:05.153+0000] {logging_mixin.py:154} INFO - [2025-12-24T16:02:05.152+0000] {dag.py:2941} INFO - Sync 1 DAGs
[2025-12-24T16:02:05.173+0000] {logging_mixin.py:154} INFO - [2025-12-24T16:02:05.172+0000] {dag.py:3722} INFO - Setting next_dagrun for hello_world_dag_1min to 2025-12-24T16:01:05.172763+00:00, run_after=2025-12-24T16:02:05.172763+00:00
[2025-12-24T16:02:05.204+0000] {processor.py:179} INFO - Processing /opt/airflow/dags/hello_dag.py took 0.099 seconds
[2025-12-24T16:02:35.643+0000] {processor.py:157} INFO - Started process (PID=1543) to work on /opt/airflow/dags/hello_dag.py
[2025-12-24T16:02:35.644+0000] {processor.py:829} INFO - Processing file /opt/airflow/dags/hello_dag.py for tasks to queue
[2025-12-24T16:02:35.645+0000] {logging_mixin.py:154} INFO - [2025-12-24T16:02:35.645+0000] {dagbag.py:536} INFO - Filling up the DagBag from /opt/airflow/dags/hello_dag.py
[2025-12-24T16:02:35.663+0000] {processor.py:839} INFO - DAG(s) dict_keys(['hello_world_dag_1min']) retrieved from /opt/airflow/dags/hello_dag.py
[2025-12-24T16:02:35.685+0000] {logging_mixin.py:154} INFO - [2025-12-24T16:02:35.684+0000] {dag.py:2941} INFO - Sync 1 DAGs
[2025-12-24T16:02:35.704+0000] {logging_mixin.py:154} INFO - [2025-12-24T16:02:35.704+0000] {dag.py:3722} INFO - Setting next_dagrun for hello_world_dag_1min to 2025-12-24T16:01:35.704088+00:00, run_after=2025-12-24T16:02:35.704088+00:00
[2025-12-24T16:02:35.736+0000] {processor.py:179} INFO - Processing /opt/airflow/dags/hello_dag.py took 0.096 seconds
[2025-12-24T16:16:20.673+0000] {processor.py:157} INFO - Started process (PID=171) to work on /opt/airflow/dags/hello_dag.py
[2025-12-24T16:16:20.675+0000] {processor.py:829} INFO - Processing file /opt/airflow/dags/hello_dag.py for tasks to queue
[2025-12-24T16:16:20.677+0000] {logging_mixin.py:154} INFO - [2025-12-24T16:16:20.677+0000] {dagbag.py:536} INFO - Filling up the DagBag from /opt/airflow/dags/hello_dag.py
[2025-12-24T16:16:20.732+0000] {processor.py:839} INFO - DAG(s) dict_keys(['hello_world_dag_1min']) retrieved from /opt/airflow/dags/hello_dag.py
[2025-12-24T16:16:20.843+0000] {logging_mixin.py:154} INFO - [2025-12-24T16:16:20.842+0000] {dag.py:2941} INFO - Sync 1 DAGs
[2025-12-24T16:16:20.901+0000] {logging_mixin.py:154} INFO - [2025-12-24T16:16:20.900+0000] {dag.py:3722} INFO - Setting next_dagrun for hello_world_dag_1min to 2025-12-24T16:15:20.900050+00:00, run_after=2025-12-24T16:16:20.900050+00:00
[2025-12-24T16:16:20.950+0000] {processor.py:179} INFO - Processing /opt/airflow/dags/hello_dag.py took 0.284 seconds
[2025-12-24T16:16:51.202+0000] {processor.py:157} INFO - Started process (PID=184) to work on /opt/airflow/dags/hello_dag.py
[2025-12-24T16:16:51.203+0000] {processor.py:829} INFO - Processing file /opt/airflow/dags/hello_dag.py for tasks to queue
[2025-12-24T16:16:51.204+0000] {logging_mixin.py:154} INFO - [2025-12-24T16:16:51.204+0000] {dagbag.py:536} INFO - Filling up the DagBag from /opt/airflow/dags/hello_dag.py
[2025-12-24T16:16:51.227+0000] {processor.py:839} INFO - DAG(s) dict_keys(['hello_world_dag_1min']) retrieved from /opt/airflow/dags/hello_dag.py
[2025-12-24T16:16:51.271+0000] {logging_mixin.py:154} INFO - [2025-12-24T16:16:51.271+0000] {dag.py:2941} INFO - Sync 1 DAGs
[2025-12-24T16:16:51.318+0000] {logging_mixin.py:154} INFO - [2025-12-24T16:16:51.318+0000] {dag.py:3722} INFO - Setting next_dagrun for hello_world_dag_1min to 2025-12-24T16:15:51.318331+00:00, run_after=2025-12-24T16:16:51.318331+00:00
[2025-12-24T16:16:51.346+0000] {processor.py:179} INFO - Processing /opt/airflow/dags/hello_dag.py took 0.148 seconds
[2025-12-24T16:17:21.801+0000] {processor.py:157} INFO - Started process (PID=200) to work on /opt/airflow/dags/hello_dag.py
[2025-12-24T16:17:21.802+0000] {processor.py:829} INFO - Processing file /opt/airflow/dags/hello_dag.py for tasks to queue
[2025-12-24T16:17:21.804+0000] {logging_mixin.py:154} INFO - [2025-12-24T16:17:21.803+0000] {dagbag.py:536} INFO - Filling up the DagBag from /opt/airflow/dags/hello_dag.py
[2025-12-24T16:17:21.830+0000] {processor.py:839} INFO - DAG(s) dict_keys(['hello_world_dag_1min']) retrieved from /opt/airflow/dags/hello_dag.py
[2025-12-24T16:17:21.857+0000] {logging_mixin.py:154} INFO - [2025-12-24T16:17:21.856+0000] {dag.py:2941} INFO - Sync 1 DAGs
[2025-12-24T16:17:21.883+0000] {logging_mixin.py:154} INFO - [2025-12-24T16:17:21.883+0000] {dag.py:3722} INFO - Setting next_dagrun for hello_world_dag_1min to 2025-12-24T16:16:21.882944+00:00, run_after=2025-12-24T16:17:21.882944+00:00
[2025-12-24T16:17:21.909+0000] {processor.py:179} INFO - Processing /opt/airflow/dags/hello_dag.py took 0.112 seconds
[2025-12-24T16:17:52.251+0000] {processor.py:157} INFO - Started process (PID=216) to work on /opt/airflow/dags/hello_dag.py
[2025-12-24T16:17:52.252+0000] {processor.py:829} INFO - Processing file /opt/airflow/dags/hello_dag.py for tasks to queue
[2025-12-24T16:17:52.253+0000] {logging_mixin.py:154} INFO - [2025-12-24T16:17:52.253+0000] {dagbag.py:536} INFO - Filling up the DagBag from /opt/airflow/dags/hello_dag.py
[2025-12-24T16:17:52.283+0000] {processor.py:839} INFO - DAG(s) dict_keys(['hello_world_dag_1min']) retrieved from /opt/airflow/dags/hello_dag.py
[2025-12-24T16:17:52.318+0000] {logging_mixin.py:154} INFO - [2025-12-24T16:17:52.317+0000] {dag.py:2941} INFO - Sync 1 DAGs
[2025-12-24T16:17:52.352+0000] {logging_mixin.py:154} INFO - [2025-12-24T16:17:52.351+0000] {dag.py:3722} INFO - Setting next_dagrun for hello_world_dag_1min to 2025-12-24T16:16:52.351505+00:00, run_after=2025-12-24T16:17:52.351505+00:00
[2025-12-24T16:17:52.384+0000] {processor.py:179} INFO - Processing /opt/airflow/dags/hello_dag.py took 0.138 seconds
[2025-12-24T16:18:22.612+0000] {processor.py:157} INFO - Started process (PID=232) to work on /opt/airflow/dags/hello_dag.py
[2025-12-24T16:18:22.614+0000] {processor.py:829} INFO - Processing file /opt/airflow/dags/hello_dag.py for tasks to queue
[2025-12-24T16:18:22.615+0000] {logging_mixin.py:154} INFO - [2025-12-24T16:18:22.615+0000] {dagbag.py:536} INFO - Filling up the DagBag from /opt/airflow/dags/hello_dag.py
[2025-12-24T16:18:22.654+0000] {processor.py:839} INFO - DAG(s) dict_keys(['hello_world_dag_1min']) retrieved from /opt/airflow/dags/hello_dag.py
[2025-12-24T16:18:22.691+0000] {logging_mixin.py:154} INFO - [2025-12-24T16:18:22.691+0000] {dag.py:2941} INFO - Sync 1 DAGs
[2025-12-24T16:18:22.723+0000] {logging_mixin.py:154} INFO - [2025-12-24T16:18:22.723+0000] {dag.py:3722} INFO - Setting next_dagrun for hello_world_dag_1min to 2025-12-24T16:17:22.723172+00:00, run_after=2025-12-24T16:18:22.723172+00:00
[2025-12-24T16:18:22.757+0000] {processor.py:179} INFO - Processing /opt/airflow/dags/hello_dag.py took 0.150 seconds
[2025-12-24T16:18:53.164+0000] {processor.py:157} INFO - Started process (PID=248) to work on /opt/airflow/dags/hello_dag.py
[2025-12-24T16:18:53.165+0000] {processor.py:829} INFO - Processing file /opt/airflow/dags/hello_dag.py for tasks to queue
[2025-12-24T16:18:53.166+0000] {logging_mixin.py:154} INFO - [2025-12-24T16:18:53.166+0000] {dagbag.py:536} INFO - Filling up the DagBag from /opt/airflow/dags/hello_dag.py
[2025-12-24T16:18:53.184+0000] {processor.py:839} INFO - DAG(s) dict_keys(['hello_world_dag_1min']) retrieved from /opt/airflow/dags/hello_dag.py
[2025-12-24T16:18:53.209+0000] {logging_mixin.py:154} INFO - [2025-12-24T16:18:53.209+0000] {dag.py:2941} INFO - Sync 1 DAGs
[2025-12-24T16:18:53.231+0000] {logging_mixin.py:154} INFO - [2025-12-24T16:18:53.231+0000] {dag.py:3722} INFO - Setting next_dagrun for hello_world_dag_1min to 2025-12-24T16:17:53.231214+00:00, run_after=2025-12-24T16:18:53.231214+00:00
[2025-12-24T16:18:53.253+0000] {processor.py:179} INFO - Processing /opt/airflow/dags/hello_dag.py took 0.092 seconds
[2025-12-24T16:19:23.684+0000] {processor.py:157} INFO - Started process (PID=264) to work on /opt/airflow/dags/hello_dag.py
[2025-12-24T16:19:23.685+0000] {processor.py:829} INFO - Processing file /opt/airflow/dags/hello_dag.py for tasks to queue
[2025-12-24T16:19:23.686+0000] {logging_mixin.py:154} INFO - [2025-12-24T16:19:23.686+0000] {dagbag.py:536} INFO - Filling up the DagBag from /opt/airflow/dags/hello_dag.py
[2025-12-24T16:19:23.703+0000] {processor.py:839} INFO - DAG(s) dict_keys(['hello_world_dag_1min']) retrieved from /opt/airflow/dags/hello_dag.py
[2025-12-24T16:19:23.736+0000] {logging_mixin.py:154} INFO - [2025-12-24T16:19:23.735+0000] {dag.py:2941} INFO - Sync 1 DAGs
[2025-12-24T16:19:23.758+0000] {logging_mixin.py:154} INFO - [2025-12-24T16:19:23.758+0000] {dag.py:3722} INFO - Setting next_dagrun for hello_world_dag_1min to 2025-12-24T16:18:23.758256+00:00, run_after=2025-12-24T16:19:23.758256+00:00
[2025-12-24T16:19:23.779+0000] {processor.py:179} INFO - Processing /opt/airflow/dags/hello_dag.py took 0.098 seconds
[2025-12-24T16:19:54.188+0000] {processor.py:157} INFO - Started process (PID=280) to work on /opt/airflow/dags/hello_dag.py
[2025-12-24T16:19:54.194+0000] {processor.py:829} INFO - Processing file /opt/airflow/dags/hello_dag.py for tasks to queue
[2025-12-24T16:19:54.195+0000] {logging_mixin.py:154} INFO - [2025-12-24T16:19:54.195+0000] {dagbag.py:536} INFO - Filling up the DagBag from /opt/airflow/dags/hello_dag.py
[2025-12-24T16:19:54.224+0000] {processor.py:839} INFO - DAG(s) dict_keys(['hello_world_dag_1min']) retrieved from /opt/airflow/dags/hello_dag.py
[2025-12-24T16:19:54.261+0000] {logging_mixin.py:154} INFO - [2025-12-24T16:19:54.261+0000] {dag.py:2941} INFO - Sync 1 DAGs
[2025-12-24T16:19:54.292+0000] {logging_mixin.py:154} INFO - [2025-12-24T16:19:54.292+0000] {dag.py:3722} INFO - Setting next_dagrun for hello_world_dag_1min to 2025-12-24T16:18:54.292424+00:00, run_after=2025-12-24T16:19:54.292424+00:00
[2025-12-24T16:19:54.319+0000] {processor.py:179} INFO - Processing /opt/airflow/dags/hello_dag.py took 0.135 seconds
[2025-12-24T16:20:24.705+0000] {processor.py:157} INFO - Started process (PID=296) to work on /opt/airflow/dags/hello_dag.py
[2025-12-24T16:20:24.706+0000] {processor.py:829} INFO - Processing file /opt/airflow/dags/hello_dag.py for tasks to queue
[2025-12-24T16:20:24.707+0000] {logging_mixin.py:154} INFO - [2025-12-24T16:20:24.707+0000] {dagbag.py:536} INFO - Filling up the DagBag from /opt/airflow/dags/hello_dag.py
[2025-12-24T16:20:24.729+0000] {processor.py:839} INFO - DAG(s) dict_keys(['hello_world_dag_1min']) retrieved from /opt/airflow/dags/hello_dag.py
[2025-12-24T16:20:24.756+0000] {logging_mixin.py:154} INFO - [2025-12-24T16:20:24.756+0000] {dag.py:2941} INFO - Sync 1 DAGs
[2025-12-24T16:20:24.780+0000] {logging_mixin.py:154} INFO - [2025-12-24T16:20:24.780+0000] {dag.py:3722} INFO - Setting next_dagrun for hello_world_dag_1min to 2025-12-24T16:19:24.779863+00:00, run_after=2025-12-24T16:20:24.779863+00:00
[2025-12-24T16:20:24.802+0000] {processor.py:179} INFO - Processing /opt/airflow/dags/hello_dag.py took 0.101 seconds
[2025-12-24T16:20:55.199+0000] {processor.py:157} INFO - Started process (PID=312) to work on /opt/airflow/dags/hello_dag.py
[2025-12-24T16:20:55.200+0000] {processor.py:829} INFO - Processing file /opt/airflow/dags/hello_dag.py for tasks to queue
[2025-12-24T16:20:55.201+0000] {logging_mixin.py:154} INFO - [2025-12-24T16:20:55.200+0000] {dagbag.py:536} INFO - Filling up the DagBag from /opt/airflow/dags/hello_dag.py
[2025-12-24T16:20:55.217+0000] {processor.py:839} INFO - DAG(s) dict_keys(['hello_world_dag_1min']) retrieved from /opt/airflow/dags/hello_dag.py
[2025-12-24T16:20:55.241+0000] {logging_mixin.py:154} INFO - [2025-12-24T16:20:55.240+0000] {dag.py:2941} INFO - Sync 1 DAGs
[2025-12-24T16:20:55.262+0000] {logging_mixin.py:154} INFO - [2025-12-24T16:20:55.262+0000] {dag.py:3722} INFO - Setting next_dagrun for hello_world_dag_1min to 2025-12-24T16:19:55.261859+00:00, run_after=2025-12-24T16:20:55.261859+00:00
[2025-12-24T16:20:55.284+0000] {processor.py:179} INFO - Processing /opt/airflow/dags/hello_dag.py took 0.088 seconds
[2025-12-24T16:21:25.732+0000] {processor.py:157} INFO - Started process (PID=328) to work on /opt/airflow/dags/hello_dag.py
[2025-12-24T16:21:25.733+0000] {processor.py:829} INFO - Processing file /opt/airflow/dags/hello_dag.py for tasks to queue
[2025-12-24T16:21:25.734+0000] {logging_mixin.py:154} INFO - [2025-12-24T16:21:25.734+0000] {dagbag.py:536} INFO - Filling up the DagBag from /opt/airflow/dags/hello_dag.py
[2025-12-24T16:21:25.750+0000] {processor.py:839} INFO - DAG(s) dict_keys(['hello_world_dag_1min']) retrieved from /opt/airflow/dags/hello_dag.py
[2025-12-24T16:21:25.773+0000] {logging_mixin.py:154} INFO - [2025-12-24T16:21:25.773+0000] {dag.py:2941} INFO - Sync 1 DAGs
[2025-12-24T16:21:25.795+0000] {logging_mixin.py:154} INFO - [2025-12-24T16:21:25.794+0000] {dag.py:3722} INFO - Setting next_dagrun for hello_world_dag_1min to 2025-12-24T16:20:25.794712+00:00, run_after=2025-12-24T16:21:25.794712+00:00
[2025-12-24T16:21:25.819+0000] {processor.py:179} INFO - Processing /opt/airflow/dags/hello_dag.py took 0.089 seconds
[2025-12-24T16:21:56.232+0000] {processor.py:157} INFO - Started process (PID=344) to work on /opt/airflow/dags/hello_dag.py
[2025-12-24T16:21:56.233+0000] {processor.py:829} INFO - Processing file /opt/airflow/dags/hello_dag.py for tasks to queue
[2025-12-24T16:21:56.233+0000] {logging_mixin.py:154} INFO - [2025-12-24T16:21:56.233+0000] {dagbag.py:536} INFO - Filling up the DagBag from /opt/airflow/dags/hello_dag.py
[2025-12-24T16:21:56.250+0000] {processor.py:839} INFO - DAG(s) dict_keys(['hello_world_dag_1min']) retrieved from /opt/airflow/dags/hello_dag.py
[2025-12-24T16:21:56.274+0000] {logging_mixin.py:154} INFO - [2025-12-24T16:21:56.274+0000] {dag.py:2941} INFO - Sync 1 DAGs
[2025-12-24T16:21:56.301+0000] {logging_mixin.py:154} INFO - [2025-12-24T16:21:56.301+0000] {dag.py:3722} INFO - Setting next_dagrun for hello_world_dag_1min to 2025-12-24T16:20:56.301387+00:00, run_after=2025-12-24T16:21:56.301387+00:00
[2025-12-24T16:21:56.324+0000] {processor.py:179} INFO - Processing /opt/airflow/dags/hello_dag.py took 0.095 seconds
[2025-12-24T16:22:26.746+0000] {processor.py:157} INFO - Started process (PID=360) to work on /opt/airflow/dags/hello_dag.py
[2025-12-24T16:22:26.747+0000] {processor.py:829} INFO - Processing file /opt/airflow/dags/hello_dag.py for tasks to queue
[2025-12-24T16:22:26.749+0000] {logging_mixin.py:154} INFO - [2025-12-24T16:22:26.748+0000] {dagbag.py:536} INFO - Filling up the DagBag from /opt/airflow/dags/hello_dag.py
[2025-12-24T16:22:26.772+0000] {processor.py:839} INFO - DAG(s) dict_keys(['hello_world_dag_1min']) retrieved from /opt/airflow/dags/hello_dag.py
[2025-12-24T16:22:26.799+0000] {logging_mixin.py:154} INFO - [2025-12-24T16:22:26.799+0000] {dag.py:2941} INFO - Sync 1 DAGs
[2025-12-24T16:22:26.831+0000] {logging_mixin.py:154} INFO - [2025-12-24T16:22:26.830+0000] {dag.py:3722} INFO - Setting next_dagrun for hello_world_dag_1min to 2025-12-24T16:21:26.830402+00:00, run_after=2025-12-24T16:22:26.830402+00:00
[2025-12-24T16:22:26.860+0000] {processor.py:179} INFO - Processing /opt/airflow/dags/hello_dag.py took 0.119 seconds
[2025-12-24T16:22:57.191+0000] {processor.py:157} INFO - Started process (PID=376) to work on /opt/airflow/dags/hello_dag.py
[2025-12-24T16:22:57.192+0000] {processor.py:829} INFO - Processing file /opt/airflow/dags/hello_dag.py for tasks to queue
[2025-12-24T16:22:57.193+0000] {logging_mixin.py:154} INFO - [2025-12-24T16:22:57.193+0000] {dagbag.py:536} INFO - Filling up the DagBag from /opt/airflow/dags/hello_dag.py
[2025-12-24T16:22:57.212+0000] {processor.py:839} INFO - DAG(s) dict_keys(['hello_world_dag_1min']) retrieved from /opt/airflow/dags/hello_dag.py
[2025-12-24T16:22:57.239+0000] {logging_mixin.py:154} INFO - [2025-12-24T16:22:57.238+0000] {dag.py:2941} INFO - Sync 1 DAGs
[2025-12-24T16:22:57.265+0000] {logging_mixin.py:154} INFO - [2025-12-24T16:22:57.265+0000] {dag.py:3722} INFO - Setting next_dagrun for hello_world_dag_1min to 2025-12-24T16:21:57.265431+00:00, run_after=2025-12-24T16:22:57.265431+00:00
[2025-12-24T16:22:57.294+0000] {processor.py:179} INFO - Processing /opt/airflow/dags/hello_dag.py took 0.107 seconds
[2025-12-24T16:23:27.626+0000] {processor.py:157} INFO - Started process (PID=392) to work on /opt/airflow/dags/hello_dag.py
[2025-12-24T16:23:27.627+0000] {processor.py:829} INFO - Processing file /opt/airflow/dags/hello_dag.py for tasks to queue
[2025-12-24T16:23:27.629+0000] {logging_mixin.py:154} INFO - [2025-12-24T16:23:27.628+0000] {dagbag.py:536} INFO - Filling up the DagBag from /opt/airflow/dags/hello_dag.py
[2025-12-24T16:23:27.651+0000] {processor.py:839} INFO - DAG(s) dict_keys(['hello_world_dag_1min']) retrieved from /opt/airflow/dags/hello_dag.py
[2025-12-24T16:23:27.680+0000] {logging_mixin.py:154} INFO - [2025-12-24T16:23:27.680+0000] {dag.py:2941} INFO - Sync 1 DAGs
[2025-12-24T16:23:27.710+0000] {logging_mixin.py:154} INFO - [2025-12-24T16:23:27.709+0000] {dag.py:3722} INFO - Setting next_dagrun for hello_world_dag_1min to 2025-12-24T16:22:27.709263+00:00, run_after=2025-12-24T16:23:27.709263+00:00
[2025-12-24T16:23:27.741+0000] {processor.py:179} INFO - Processing /opt/airflow/dags/hello_dag.py took 0.119 seconds
[2025-12-24T16:24:43.838+0000] {processor.py:157} INFO - Started process (PID=170) to work on /opt/airflow/dags/hello_dag.py
[2025-12-24T16:24:43.853+0000] {processor.py:829} INFO - Processing file /opt/airflow/dags/hello_dag.py for tasks to queue
[2025-12-24T16:24:43.871+0000] {logging_mixin.py:154} INFO - [2025-12-24T16:24:43.861+0000] {dagbag.py:536} INFO - Filling up the DagBag from /opt/airflow/dags/hello_dag.py
[2025-12-24T16:24:44.020+0000] {processor.py:839} INFO - DAG(s) dict_keys(['hello_world_dag_1min']) retrieved from /opt/airflow/dags/hello_dag.py
[2025-12-24T16:24:44.200+0000] {logging_mixin.py:154} INFO - [2025-12-24T16:24:44.199+0000] {dag.py:2941} INFO - Sync 1 DAGs
[2025-12-24T16:24:44.292+0000] {logging_mixin.py:154} INFO - [2025-12-24T16:24:44.291+0000] {dag.py:3722} INFO - Setting next_dagrun for hello_world_dag_1min to 2025-12-24T16:23:44.290697+00:00, run_after=2025-12-24T16:24:44.290697+00:00
[2025-12-24T16:24:44.471+0000] {processor.py:179} INFO - Processing /opt/airflow/dags/hello_dag.py took 0.696 seconds
[2025-12-24T16:25:15.098+0000] {processor.py:157} INFO - Started process (PID=183) to work on /opt/airflow/dags/hello_dag.py
[2025-12-24T16:25:15.100+0000] {processor.py:829} INFO - Processing file /opt/airflow/dags/hello_dag.py for tasks to queue
[2025-12-24T16:25:15.101+0000] {logging_mixin.py:154} INFO - [2025-12-24T16:25:15.101+0000] {dagbag.py:536} INFO - Filling up the DagBag from /opt/airflow/dags/hello_dag.py
[2025-12-24T16:25:15.124+0000] {processor.py:839} INFO - DAG(s) dict_keys(['hello_world_dag_1min']) retrieved from /opt/airflow/dags/hello_dag.py
[2025-12-24T16:25:15.156+0000] {logging_mixin.py:154} INFO - [2025-12-24T16:25:15.155+0000] {dag.py:2941} INFO - Sync 1 DAGs
[2025-12-24T16:25:15.184+0000] {logging_mixin.py:154} INFO - [2025-12-24T16:25:15.184+0000] {dag.py:3722} INFO - Setting next_dagrun for hello_world_dag_1min to 2025-12-24T16:24:15.184062+00:00, run_after=2025-12-24T16:25:15.184062+00:00
[2025-12-24T16:25:15.209+0000] {processor.py:179} INFO - Processing /opt/airflow/dags/hello_dag.py took 0.114 seconds
[2025-12-24T16:25:45.557+0000] {processor.py:157} INFO - Started process (PID=199) to work on /opt/airflow/dags/hello_dag.py
[2025-12-24T16:25:45.558+0000] {processor.py:829} INFO - Processing file /opt/airflow/dags/hello_dag.py for tasks to queue
[2025-12-24T16:25:45.559+0000] {logging_mixin.py:154} INFO - [2025-12-24T16:25:45.559+0000] {dagbag.py:536} INFO - Filling up the DagBag from /opt/airflow/dags/hello_dag.py
[2025-12-24T16:25:45.581+0000] {processor.py:839} INFO - DAG(s) dict_keys(['hello_world_dag_1min']) retrieved from /opt/airflow/dags/hello_dag.py
[2025-12-24T16:25:45.610+0000] {logging_mixin.py:154} INFO - [2025-12-24T16:25:45.610+0000] {dag.py:2941} INFO - Sync 1 DAGs
[2025-12-24T16:25:45.654+0000] {logging_mixin.py:154} INFO - [2025-12-24T16:25:45.654+0000] {dag.py:3722} INFO - Setting next_dagrun for hello_world_dag_1min to 2025-12-24T16:24:45.653984+00:00, run_after=2025-12-24T16:25:45.653984+00:00
[2025-12-24T16:25:45.681+0000] {processor.py:179} INFO - Processing /opt/airflow/dags/hello_dag.py took 0.127 seconds
[2025-12-24T16:26:16.061+0000] {processor.py:157} INFO - Started process (PID=215) to work on /opt/airflow/dags/hello_dag.py
[2025-12-24T16:26:16.062+0000] {processor.py:829} INFO - Processing file /opt/airflow/dags/hello_dag.py for tasks to queue
[2025-12-24T16:26:16.063+0000] {logging_mixin.py:154} INFO - [2025-12-24T16:26:16.063+0000] {dagbag.py:536} INFO - Filling up the DagBag from /opt/airflow/dags/hello_dag.py
[2025-12-24T16:26:16.081+0000] {processor.py:839} INFO - DAG(s) dict_keys(['hello_world_dag_1min']) retrieved from /opt/airflow/dags/hello_dag.py
[2025-12-24T16:26:16.105+0000] {logging_mixin.py:154} INFO - [2025-12-24T16:26:16.105+0000] {dag.py:2941} INFO - Sync 1 DAGs
[2025-12-24T16:26:16.129+0000] {logging_mixin.py:154} INFO - [2025-12-24T16:26:16.129+0000] {dag.py:3722} INFO - Setting next_dagrun for hello_world_dag_1min to 2025-12-24T16:25:16.129163+00:00, run_after=2025-12-24T16:26:16.129163+00:00
[2025-12-24T16:26:16.153+0000] {processor.py:179} INFO - Processing /opt/airflow/dags/hello_dag.py took 0.095 seconds
[2025-12-24T16:26:46.610+0000] {processor.py:157} INFO - Started process (PID=231) to work on /opt/airflow/dags/hello_dag.py
[2025-12-24T16:26:46.611+0000] {processor.py:829} INFO - Processing file /opt/airflow/dags/hello_dag.py for tasks to queue
[2025-12-24T16:26:46.613+0000] {logging_mixin.py:154} INFO - [2025-12-24T16:26:46.612+0000] {dagbag.py:536} INFO - Filling up the DagBag from /opt/airflow/dags/hello_dag.py
[2025-12-24T16:26:46.638+0000] {processor.py:839} INFO - DAG(s) dict_keys(['hello_world_dag_1min']) retrieved from /opt/airflow/dags/hello_dag.py
[2025-12-24T16:26:46.670+0000] {logging_mixin.py:154} INFO - [2025-12-24T16:26:46.670+0000] {dag.py:2941} INFO - Sync 1 DAGs
[2025-12-24T16:26:46.699+0000] {logging_mixin.py:154} INFO - [2025-12-24T16:26:46.699+0000] {dag.py:3722} INFO - Setting next_dagrun for hello_world_dag_1min to 2025-12-24T16:25:46.698747+00:00, run_after=2025-12-24T16:26:46.698747+00:00
[2025-12-24T16:26:46.727+0000] {processor.py:179} INFO - Processing /opt/airflow/dags/hello_dag.py took 0.121 seconds
[2025-12-24T16:27:17.151+0000] {processor.py:157} INFO - Started process (PID=247) to work on /opt/airflow/dags/hello_dag.py
[2025-12-24T16:27:17.153+0000] {processor.py:829} INFO - Processing file /opt/airflow/dags/hello_dag.py for tasks to queue
[2025-12-24T16:27:17.155+0000] {logging_mixin.py:154} INFO - [2025-12-24T16:27:17.154+0000] {dagbag.py:536} INFO - Filling up the DagBag from /opt/airflow/dags/hello_dag.py
[2025-12-24T16:27:17.194+0000] {processor.py:839} INFO - DAG(s) dict_keys(['hello_world_dag_1min']) retrieved from /opt/airflow/dags/hello_dag.py
[2025-12-24T16:27:17.244+0000] {logging_mixin.py:154} INFO - [2025-12-24T16:27:17.243+0000] {dag.py:2941} INFO - Sync 1 DAGs
[2025-12-24T16:27:17.300+0000] {logging_mixin.py:154} INFO - [2025-12-24T16:27:17.300+0000] {dag.py:3722} INFO - Setting next_dagrun for hello_world_dag_1min to 2025-12-24T16:26:17.299759+00:00, run_after=2025-12-24T16:27:17.299759+00:00
[2025-12-24T16:27:17.343+0000] {processor.py:179} INFO - Processing /opt/airflow/dags/hello_dag.py took 0.198 seconds
[2025-12-24T16:27:47.697+0000] {processor.py:157} INFO - Started process (PID=263) to work on /opt/airflow/dags/hello_dag.py
[2025-12-24T16:27:47.698+0000] {processor.py:829} INFO - Processing file /opt/airflow/dags/hello_dag.py for tasks to queue
[2025-12-24T16:27:47.699+0000] {logging_mixin.py:154} INFO - [2025-12-24T16:27:47.699+0000] {dagbag.py:536} INFO - Filling up the DagBag from /opt/airflow/dags/hello_dag.py
[2025-12-24T16:27:47.721+0000] {processor.py:839} INFO - DAG(s) dict_keys(['hello_world_dag_1min']) retrieved from /opt/airflow/dags/hello_dag.py
[2025-12-24T16:27:47.747+0000] {logging_mixin.py:154} INFO - [2025-12-24T16:27:47.747+0000] {dag.py:2941} INFO - Sync 1 DAGs
[2025-12-24T16:27:47.774+0000] {logging_mixin.py:154} INFO - [2025-12-24T16:27:47.773+0000] {dag.py:3722} INFO - Setting next_dagrun for hello_world_dag_1min to 2025-12-24T16:26:47.773573+00:00, run_after=2025-12-24T16:27:47.773573+00:00
[2025-12-24T16:27:47.799+0000] {processor.py:179} INFO - Processing /opt/airflow/dags/hello_dag.py took 0.106 seconds
[2025-12-24T16:28:18.268+0000] {processor.py:157} INFO - Started process (PID=279) to work on /opt/airflow/dags/hello_dag.py
[2025-12-24T16:28:18.269+0000] {processor.py:829} INFO - Processing file /opt/airflow/dags/hello_dag.py for tasks to queue
[2025-12-24T16:28:18.270+0000] {logging_mixin.py:154} INFO - [2025-12-24T16:28:18.270+0000] {dagbag.py:536} INFO - Filling up the DagBag from /opt/airflow/dags/hello_dag.py
[2025-12-24T16:28:18.293+0000] {processor.py:839} INFO - DAG(s) dict_keys(['hello_world_dag_1min']) retrieved from /opt/airflow/dags/hello_dag.py
[2025-12-24T16:28:18.331+0000] {logging_mixin.py:154} INFO - [2025-12-24T16:28:18.331+0000] {dag.py:2941} INFO - Sync 1 DAGs
[2025-12-24T16:28:18.359+0000] {logging_mixin.py:154} INFO - [2025-12-24T16:28:18.359+0000] {dag.py:3722} INFO - Setting next_dagrun for hello_world_dag_1min to 2025-12-24T16:27:18.359373+00:00, run_after=2025-12-24T16:28:18.359373+00:00
[2025-12-24T16:28:18.388+0000] {processor.py:179} INFO - Processing /opt/airflow/dags/hello_dag.py took 0.124 seconds
[2025-12-24T16:28:48.698+0000] {processor.py:157} INFO - Started process (PID=295) to work on /opt/airflow/dags/hello_dag.py
[2025-12-24T16:28:48.700+0000] {processor.py:829} INFO - Processing file /opt/airflow/dags/hello_dag.py for tasks to queue
[2025-12-24T16:28:48.701+0000] {logging_mixin.py:154} INFO - [2025-12-24T16:28:48.701+0000] {dagbag.py:536} INFO - Filling up the DagBag from /opt/airflow/dags/hello_dag.py
[2025-12-24T16:28:48.743+0000] {processor.py:839} INFO - DAG(s) dict_keys(['hello_world_dag_1min']) retrieved from /opt/airflow/dags/hello_dag.py
[2025-12-24T16:28:48.781+0000] {logging_mixin.py:154} INFO - [2025-12-24T16:28:48.781+0000] {dag.py:2941} INFO - Sync 1 DAGs
[2025-12-24T16:28:48.814+0000] {logging_mixin.py:154} INFO - [2025-12-24T16:28:48.814+0000] {dag.py:3722} INFO - Setting next_dagrun for hello_world_dag_1min to 2025-12-24T16:27:48.813702+00:00, run_after=2025-12-24T16:28:48.813702+00:00
[2025-12-24T16:28:48.851+0000] {processor.py:179} INFO - Processing /opt/airflow/dags/hello_dag.py took 0.158 seconds
[2025-12-24T16:29:19.780+0000] {processor.py:157} INFO - Started process (PID=318) to work on /opt/airflow/dags/hello_dag.py
[2025-12-24T16:29:19.783+0000] {processor.py:829} INFO - Processing file /opt/airflow/dags/hello_dag.py for tasks to queue
[2025-12-24T16:29:19.787+0000] {logging_mixin.py:154} INFO - [2025-12-24T16:29:19.786+0000] {dagbag.py:536} INFO - Filling up the DagBag from /opt/airflow/dags/hello_dag.py
[2025-12-24T16:29:19.878+0000] {processor.py:839} INFO - DAG(s) dict_keys(['hello_world_dag_1min']) retrieved from /opt/airflow/dags/hello_dag.py
[2025-12-24T16:29:20.003+0000] {logging_mixin.py:154} INFO - [2025-12-24T16:29:20.002+0000] {dag.py:2941} INFO - Sync 1 DAGs
[2025-12-24T16:29:20.162+0000] {logging_mixin.py:154} INFO - [2025-12-24T16:29:20.161+0000] {dag.py:3722} INFO - Setting next_dagrun for hello_world_dag_1min to 2025-12-24T16:28:20.161046+00:00, run_after=2025-12-24T16:29:20.161046+00:00
[2025-12-24T16:29:20.230+0000] {processor.py:179} INFO - Processing /opt/airflow/dags/hello_dag.py took 0.466 seconds
[2025-12-24T16:29:50.802+0000] {processor.py:157} INFO - Started process (PID=329) to work on /opt/airflow/dags/hello_dag.py
[2025-12-24T16:29:50.804+0000] {processor.py:829} INFO - Processing file /opt/airflow/dags/hello_dag.py for tasks to queue
[2025-12-24T16:29:50.805+0000] {logging_mixin.py:154} INFO - [2025-12-24T16:29:50.805+0000] {dagbag.py:536} INFO - Filling up the DagBag from /opt/airflow/dags/hello_dag.py
[2025-12-24T16:29:50.841+0000] {processor.py:839} INFO - DAG(s) dict_keys(['hello_world_dag_1min']) retrieved from /opt/airflow/dags/hello_dag.py
[2025-12-24T16:29:50.877+0000] {logging_mixin.py:154} INFO - [2025-12-24T16:29:50.877+0000] {dag.py:2941} INFO - Sync 1 DAGs
[2025-12-24T16:29:50.909+0000] {logging_mixin.py:154} INFO - [2025-12-24T16:29:50.907+0000] {dag.py:3722} INFO - Setting next_dagrun for hello_world_dag_1min to 2025-12-24T16:28:50.907424+00:00, run_after=2025-12-24T16:29:50.907424+00:00
[2025-12-24T16:29:50.943+0000] {processor.py:179} INFO - Processing /opt/airflow/dags/hello_dag.py took 0.146 seconds
[2025-12-24T16:30:27.792+0000] {processor.py:157} INFO - Started process (PID=170) to work on /opt/airflow/dags/hello_dag.py
[2025-12-24T16:30:27.794+0000] {processor.py:829} INFO - Processing file /opt/airflow/dags/hello_dag.py for tasks to queue
[2025-12-24T16:30:27.796+0000] {logging_mixin.py:154} INFO - [2025-12-24T16:30:27.795+0000] {dagbag.py:536} INFO - Filling up the DagBag from /opt/airflow/dags/hello_dag.py
[2025-12-24T16:30:27.840+0000] {processor.py:839} INFO - DAG(s) dict_keys(['hello_world_dag_1min']) retrieved from /opt/airflow/dags/hello_dag.py
[2025-12-24T16:30:27.919+0000] {logging_mixin.py:154} INFO - [2025-12-24T16:30:27.918+0000] {dag.py:2941} INFO - Sync 1 DAGs
[2025-12-24T16:30:27.974+0000] {logging_mixin.py:154} INFO - [2025-12-24T16:30:27.974+0000] {dag.py:3722} INFO - Setting next_dagrun for hello_world_dag_1min to 2025-12-24T16:29:27.973335+00:00, run_after=2025-12-24T16:30:27.973335+00:00
[2025-12-24T16:30:28.020+0000] {processor.py:179} INFO - Processing /opt/airflow/dags/hello_dag.py took 0.235 seconds
[2025-12-24T16:30:58.242+0000] {processor.py:157} INFO - Started process (PID=178) to work on /opt/airflow/dags/hello_dag.py
[2025-12-24T16:30:58.243+0000] {processor.py:829} INFO - Processing file /opt/airflow/dags/hello_dag.py for tasks to queue
[2025-12-24T16:30:58.244+0000] {logging_mixin.py:154} INFO - [2025-12-24T16:30:58.244+0000] {dagbag.py:536} INFO - Filling up the DagBag from /opt/airflow/dags/hello_dag.py
[2025-12-24T16:30:58.283+0000] {processor.py:839} INFO - DAG(s) dict_keys(['hello_world_dag_1min']) retrieved from /opt/airflow/dags/hello_dag.py
[2025-12-24T16:30:58.312+0000] {logging_mixin.py:154} INFO - [2025-12-24T16:30:58.311+0000] {dag.py:2941} INFO - Sync 1 DAGs
[2025-12-24T16:30:58.338+0000] {logging_mixin.py:154} INFO - [2025-12-24T16:30:58.338+0000] {dag.py:3722} INFO - Setting next_dagrun for hello_world_dag_1min to 2025-12-24T16:29:58.338393+00:00, run_after=2025-12-24T16:30:58.338393+00:00
[2025-12-24T16:30:58.369+0000] {processor.py:179} INFO - Processing /opt/airflow/dags/hello_dag.py took 0.131 seconds
[2025-12-24T16:31:28.454+0000] {processor.py:157} INFO - Started process (PID=189) to work on /opt/airflow/dags/hello_dag.py
[2025-12-24T16:31:28.455+0000] {processor.py:829} INFO - Processing file /opt/airflow/dags/hello_dag.py for tasks to queue
[2025-12-24T16:31:28.455+0000] {logging_mixin.py:154} INFO - [2025-12-24T16:31:28.455+0000] {dagbag.py:536} INFO - Filling up the DagBag from /opt/airflow/dags/hello_dag.py
[2025-12-24T16:31:28.491+0000] {processor.py:839} INFO - DAG(s) dict_keys(['hello_world_dag_1min']) retrieved from /opt/airflow/dags/hello_dag.py
[2025-12-24T16:31:28.516+0000] {logging_mixin.py:154} INFO - [2025-12-24T16:31:28.516+0000] {dag.py:2941} INFO - Sync 1 DAGs
[2025-12-24T16:31:28.538+0000] {logging_mixin.py:154} INFO - [2025-12-24T16:31:28.538+0000] {dag.py:3722} INFO - Setting next_dagrun for hello_world_dag_1min to 2025-12-24T16:30:28.537924+00:00, run_after=2025-12-24T16:31:28.537924+00:00
[2025-12-24T16:31:28.560+0000] {processor.py:179} INFO - Processing /opt/airflow/dags/hello_dag.py took 0.110 seconds
[2025-12-24T16:31:58.891+0000] {processor.py:157} INFO - Started process (PID=200) to work on /opt/airflow/dags/hello_dag.py
[2025-12-24T16:31:58.892+0000] {processor.py:829} INFO - Processing file /opt/airflow/dags/hello_dag.py for tasks to queue
[2025-12-24T16:31:58.893+0000] {logging_mixin.py:154} INFO - [2025-12-24T16:31:58.893+0000] {dagbag.py:536} INFO - Filling up the DagBag from /opt/airflow/dags/hello_dag.py
[2025-12-24T16:31:58.915+0000] {processor.py:839} INFO - DAG(s) dict_keys(['hello_world_dag_1min']) retrieved from /opt/airflow/dags/hello_dag.py
[2025-12-24T16:31:58.940+0000] {logging_mixin.py:154} INFO - [2025-12-24T16:31:58.939+0000] {dag.py:2941} INFO - Sync 1 DAGs
[2025-12-24T16:31:58.960+0000] {logging_mixin.py:154} INFO - [2025-12-24T16:31:58.960+0000] {dag.py:3722} INFO - Setting next_dagrun for hello_world_dag_1min to 2025-12-24T16:30:58.960392+00:00, run_after=2025-12-24T16:31:58.960392+00:00
[2025-12-24T16:31:58.983+0000] {processor.py:179} INFO - Processing /opt/airflow/dags/hello_dag.py took 0.095 seconds
[2025-12-24T16:32:29.336+0000] {processor.py:157} INFO - Started process (PID=211) to work on /opt/airflow/dags/hello_dag.py
[2025-12-24T16:32:29.337+0000] {processor.py:829} INFO - Processing file /opt/airflow/dags/hello_dag.py for tasks to queue
[2025-12-24T16:32:29.338+0000] {logging_mixin.py:154} INFO - [2025-12-24T16:32:29.338+0000] {dagbag.py:536} INFO - Filling up the DagBag from /opt/airflow/dags/hello_dag.py
[2025-12-24T16:32:29.376+0000] {processor.py:839} INFO - DAG(s) dict_keys(['hello_world_dag_1min']) retrieved from /opt/airflow/dags/hello_dag.py
[2025-12-24T16:32:29.401+0000] {logging_mixin.py:154} INFO - [2025-12-24T16:32:29.401+0000] {dag.py:2941} INFO - Sync 1 DAGs
[2025-12-24T16:32:29.420+0000] {logging_mixin.py:154} INFO - [2025-12-24T16:32:29.420+0000] {dag.py:3722} INFO - Setting next_dagrun for hello_world_dag_1min to 2025-12-24T16:31:29.420425+00:00, run_after=2025-12-24T16:32:29.420425+00:00
[2025-12-24T16:32:29.445+0000] {processor.py:179} INFO - Processing /opt/airflow/dags/hello_dag.py took 0.112 seconds
[2025-12-24T16:32:59.845+0000] {processor.py:157} INFO - Started process (PID=222) to work on /opt/airflow/dags/hello_dag.py
[2025-12-24T16:32:59.847+0000] {processor.py:829} INFO - Processing file /opt/airflow/dags/hello_dag.py for tasks to queue
[2025-12-24T16:32:59.848+0000] {logging_mixin.py:154} INFO - [2025-12-24T16:32:59.848+0000] {dagbag.py:536} INFO - Filling up the DagBag from /opt/airflow/dags/hello_dag.py
[2025-12-24T16:32:59.873+0000] {processor.py:839} INFO - DAG(s) dict_keys(['hello_world_dag_1min']) retrieved from /opt/airflow/dags/hello_dag.py
[2025-12-24T16:32:59.897+0000] {logging_mixin.py:154} INFO - [2025-12-24T16:32:59.896+0000] {dag.py:2941} INFO - Sync 1 DAGs
[2025-12-24T16:32:59.917+0000] {logging_mixin.py:154} INFO - [2025-12-24T16:32:59.916+0000] {dag.py:3722} INFO - Setting next_dagrun for hello_world_dag_1min to 2025-12-24T16:31:59.916670+00:00, run_after=2025-12-24T16:32:59.916670+00:00
[2025-12-24T16:32:59.938+0000] {processor.py:179} INFO - Processing /opt/airflow/dags/hello_dag.py took 0.095 seconds
[2025-12-24T16:33:30.263+0000] {processor.py:157} INFO - Started process (PID=233) to work on /opt/airflow/dags/hello_dag.py
[2025-12-24T16:33:30.264+0000] {processor.py:829} INFO - Processing file /opt/airflow/dags/hello_dag.py for tasks to queue
[2025-12-24T16:33:30.265+0000] {logging_mixin.py:154} INFO - [2025-12-24T16:33:30.264+0000] {dagbag.py:536} INFO - Filling up the DagBag from /opt/airflow/dags/hello_dag.py
[2025-12-24T16:33:30.286+0000] {processor.py:839} INFO - DAG(s) dict_keys(['hello_world_dag_1min']) retrieved from /opt/airflow/dags/hello_dag.py
[2025-12-24T16:33:30.314+0000] {logging_mixin.py:154} INFO - [2025-12-24T16:33:30.313+0000] {dag.py:2941} INFO - Sync 1 DAGs
[2025-12-24T16:33:30.337+0000] {logging_mixin.py:154} INFO - [2025-12-24T16:33:30.337+0000] {dag.py:3722} INFO - Setting next_dagrun for hello_world_dag_1min to 2025-12-24T16:32:30.337178+00:00, run_after=2025-12-24T16:33:30.337178+00:00
[2025-12-24T16:33:30.371+0000] {processor.py:179} INFO - Processing /opt/airflow/dags/hello_dag.py took 0.111 seconds
[2025-12-24T16:34:00.746+0000] {processor.py:157} INFO - Started process (PID=244) to work on /opt/airflow/dags/hello_dag.py
[2025-12-24T16:34:00.747+0000] {processor.py:829} INFO - Processing file /opt/airflow/dags/hello_dag.py for tasks to queue
[2025-12-24T16:34:00.748+0000] {logging_mixin.py:154} INFO - [2025-12-24T16:34:00.747+0000] {dagbag.py:536} INFO - Filling up the DagBag from /opt/airflow/dags/hello_dag.py
[2025-12-24T16:34:00.764+0000] {processor.py:839} INFO - DAG(s) dict_keys(['hello_world_dag_1min']) retrieved from /opt/airflow/dags/hello_dag.py
[2025-12-24T16:34:00.787+0000] {logging_mixin.py:154} INFO - [2025-12-24T16:34:00.787+0000] {dag.py:2941} INFO - Sync 1 DAGs
[2025-12-24T16:34:00.806+0000] {logging_mixin.py:154} INFO - [2025-12-24T16:34:00.806+0000] {dag.py:3722} INFO - Setting next_dagrun for hello_world_dag_1min to 2025-12-24T16:33:00.806173+00:00, run_after=2025-12-24T16:34:00.806173+00:00
[2025-12-24T16:34:00.831+0000] {processor.py:179} INFO - Processing /opt/airflow/dags/hello_dag.py took 0.088 seconds
[2025-12-24T16:34:31.140+0000] {processor.py:157} INFO - Started process (PID=255) to work on /opt/airflow/dags/hello_dag.py
[2025-12-24T16:34:31.141+0000] {processor.py:829} INFO - Processing file /opt/airflow/dags/hello_dag.py for tasks to queue
[2025-12-24T16:34:31.142+0000] {logging_mixin.py:154} INFO - [2025-12-24T16:34:31.142+0000] {dagbag.py:536} INFO - Filling up the DagBag from /opt/airflow/dags/hello_dag.py
[2025-12-24T16:34:31.168+0000] {processor.py:839} INFO - DAG(s) dict_keys(['hello_world_dag_1min']) retrieved from /opt/airflow/dags/hello_dag.py
[2025-12-24T16:34:31.204+0000] {logging_mixin.py:154} INFO - [2025-12-24T16:34:31.204+0000] {dag.py:2941} INFO - Sync 1 DAGs
[2025-12-24T16:34:31.240+0000] {logging_mixin.py:154} INFO - [2025-12-24T16:34:31.240+0000] {dag.py:3722} INFO - Setting next_dagrun for hello_world_dag_1min to 2025-12-24T16:33:31.239981+00:00, run_after=2025-12-24T16:34:31.239981+00:00
[2025-12-24T16:34:31.280+0000] {processor.py:179} INFO - Processing /opt/airflow/dags/hello_dag.py took 0.143 seconds
[2025-12-24T16:35:01.552+0000] {processor.py:157} INFO - Started process (PID=266) to work on /opt/airflow/dags/hello_dag.py
[2025-12-24T16:35:01.553+0000] {processor.py:829} INFO - Processing file /opt/airflow/dags/hello_dag.py for tasks to queue
[2025-12-24T16:35:01.555+0000] {logging_mixin.py:154} INFO - [2025-12-24T16:35:01.554+0000] {dagbag.py:536} INFO - Filling up the DagBag from /opt/airflow/dags/hello_dag.py
[2025-12-24T16:35:01.589+0000] {processor.py:839} INFO - DAG(s) dict_keys(['hello_world_dag_1min']) retrieved from /opt/airflow/dags/hello_dag.py
[2025-12-24T16:35:01.624+0000] {logging_mixin.py:154} INFO - [2025-12-24T16:35:01.624+0000] {dag.py:2941} INFO - Sync 1 DAGs
[2025-12-24T16:35:01.656+0000] {logging_mixin.py:154} INFO - [2025-12-24T16:35:01.656+0000] {dag.py:3722} INFO - Setting next_dagrun for hello_world_dag_1min to 2025-12-24T16:34:01.655858+00:00, run_after=2025-12-24T16:35:01.655858+00:00
[2025-12-24T16:35:01.685+0000] {processor.py:179} INFO - Processing /opt/airflow/dags/hello_dag.py took 0.140 seconds
[2025-12-24T16:35:31.949+0000] {processor.py:157} INFO - Started process (PID=277) to work on /opt/airflow/dags/hello_dag.py
[2025-12-24T16:35:31.950+0000] {processor.py:829} INFO - Processing file /opt/airflow/dags/hello_dag.py for tasks to queue
[2025-12-24T16:35:31.951+0000] {logging_mixin.py:154} INFO - [2025-12-24T16:35:31.950+0000] {dagbag.py:536} INFO - Filling up the DagBag from /opt/airflow/dags/hello_dag.py
[2025-12-24T16:35:31.970+0000] {processor.py:839} INFO - DAG(s) dict_keys(['hello_world_dag_1min']) retrieved from /opt/airflow/dags/hello_dag.py
[2025-12-24T16:35:31.997+0000] {logging_mixin.py:154} INFO - [2025-12-24T16:35:31.997+0000] {dag.py:2941} INFO - Sync 1 DAGs
[2025-12-24T16:35:32.020+0000] {logging_mixin.py:154} INFO - [2025-12-24T16:35:32.020+0000] {dag.py:3722} INFO - Setting next_dagrun for hello_world_dag_1min to 2025-12-24T16:34:32.019815+00:00, run_after=2025-12-24T16:35:32.019815+00:00
[2025-12-24T16:35:32.044+0000] {processor.py:179} INFO - Processing /opt/airflow/dags/hello_dag.py took 0.099 seconds
[2025-12-24T16:36:02.314+0000] {processor.py:157} INFO - Started process (PID=288) to work on /opt/airflow/dags/hello_dag.py
[2025-12-24T16:36:02.315+0000] {processor.py:829} INFO - Processing file /opt/airflow/dags/hello_dag.py for tasks to queue
[2025-12-24T16:36:02.316+0000] {logging_mixin.py:154} INFO - [2025-12-24T16:36:02.316+0000] {dagbag.py:536} INFO - Filling up the DagBag from /opt/airflow/dags/hello_dag.py
[2025-12-24T16:36:02.349+0000] {processor.py:839} INFO - DAG(s) dict_keys(['hello_world_dag_1min']) retrieved from /opt/airflow/dags/hello_dag.py
[2025-12-24T16:36:02.387+0000] {logging_mixin.py:154} INFO - [2025-12-24T16:36:02.387+0000] {dag.py:2941} INFO - Sync 1 DAGs
[2025-12-24T16:36:02.425+0000] {logging_mixin.py:154} INFO - [2025-12-24T16:36:02.424+0000] {dag.py:3722} INFO - Setting next_dagrun for hello_world_dag_1min to 2025-12-24T16:35:02.424539+00:00, run_after=2025-12-24T16:36:02.424539+00:00
[2025-12-24T16:36:02.459+0000] {processor.py:179} INFO - Processing /opt/airflow/dags/hello_dag.py took 0.151 seconds
[2025-12-24T16:36:32.656+0000] {processor.py:157} INFO - Started process (PID=299) to work on /opt/airflow/dags/hello_dag.py
[2025-12-24T16:36:32.658+0000] {processor.py:829} INFO - Processing file /opt/airflow/dags/hello_dag.py for tasks to queue
[2025-12-24T16:36:32.660+0000] {logging_mixin.py:154} INFO - [2025-12-24T16:36:32.659+0000] {dagbag.py:536} INFO - Filling up the DagBag from /opt/airflow/dags/hello_dag.py
[2025-12-24T16:36:32.700+0000] {processor.py:839} INFO - DAG(s) dict_keys(['hello_world_dag_1min']) retrieved from /opt/airflow/dags/hello_dag.py
[2025-12-24T16:36:32.736+0000] {logging_mixin.py:154} INFO - [2025-12-24T16:36:32.736+0000] {dag.py:2941} INFO - Sync 1 DAGs
[2025-12-24T16:36:32.769+0000] {logging_mixin.py:154} INFO - [2025-12-24T16:36:32.769+0000] {dag.py:3722} INFO - Setting next_dagrun for hello_world_dag_1min to 2025-12-24T16:35:32.768745+00:00, run_after=2025-12-24T16:36:32.768745+00:00
[2025-12-24T16:36:32.800+0000] {processor.py:179} INFO - Processing /opt/airflow/dags/hello_dag.py took 0.148 seconds
[2025-12-24T16:37:02.922+0000] {processor.py:157} INFO - Started process (PID=310) to work on /opt/airflow/dags/hello_dag.py
[2025-12-24T16:37:02.924+0000] {processor.py:829} INFO - Processing file /opt/airflow/dags/hello_dag.py for tasks to queue
[2025-12-24T16:37:02.926+0000] {logging_mixin.py:154} INFO - [2025-12-24T16:37:02.925+0000] {dagbag.py:536} INFO - Filling up the DagBag from /opt/airflow/dags/hello_dag.py
[2025-12-24T16:37:02.959+0000] {processor.py:839} INFO - DAG(s) dict_keys(['hello_world_dag_1min']) retrieved from /opt/airflow/dags/hello_dag.py
[2025-12-24T16:37:02.992+0000] {logging_mixin.py:154} INFO - [2025-12-24T16:37:02.992+0000] {dag.py:2941} INFO - Sync 1 DAGs
[2025-12-24T16:37:03.020+0000] {logging_mixin.py:154} INFO - [2025-12-24T16:37:03.020+0000] {dag.py:3722} INFO - Setting next_dagrun for hello_world_dag_1min to 2025-12-24T16:36:03.020155+00:00, run_after=2025-12-24T16:37:03.020155+00:00
[2025-12-24T16:37:03.047+0000] {processor.py:179} INFO - Processing /opt/airflow/dags/hello_dag.py took 0.130 seconds
[2025-12-24T16:37:33.328+0000] {processor.py:157} INFO - Started process (PID=321) to work on /opt/airflow/dags/hello_dag.py
[2025-12-24T16:37:33.330+0000] {processor.py:829} INFO - Processing file /opt/airflow/dags/hello_dag.py for tasks to queue
[2025-12-24T16:37:33.331+0000] {logging_mixin.py:154} INFO - [2025-12-24T16:37:33.331+0000] {dagbag.py:536} INFO - Filling up the DagBag from /opt/airflow/dags/hello_dag.py
[2025-12-24T16:37:33.360+0000] {processor.py:839} INFO - DAG(s) dict_keys(['hello_world_dag_1min']) retrieved from /opt/airflow/dags/hello_dag.py
[2025-12-24T16:37:33.385+0000] {logging_mixin.py:154} INFO - [2025-12-24T16:37:33.385+0000] {dag.py:2941} INFO - Sync 1 DAGs
[2025-12-24T16:37:33.405+0000] {logging_mixin.py:154} INFO - [2025-12-24T16:37:33.405+0000] {dag.py:3722} INFO - Setting next_dagrun for hello_world_dag_1min to 2025-12-24T16:36:33.404902+00:00, run_after=2025-12-24T16:37:33.404902+00:00
[2025-12-24T16:37:33.429+0000] {processor.py:179} INFO - Processing /opt/airflow/dags/hello_dag.py took 0.104 seconds
[2025-12-24T16:38:03.792+0000] {processor.py:157} INFO - Started process (PID=332) to work on /opt/airflow/dags/hello_dag.py
[2025-12-24T16:38:03.793+0000] {processor.py:829} INFO - Processing file /opt/airflow/dags/hello_dag.py for tasks to queue
[2025-12-24T16:38:03.794+0000] {logging_mixin.py:154} INFO - [2025-12-24T16:38:03.793+0000] {dagbag.py:536} INFO - Filling up the DagBag from /opt/airflow/dags/hello_dag.py
[2025-12-24T16:38:03.809+0000] {processor.py:839} INFO - DAG(s) dict_keys(['hello_world_dag_1min']) retrieved from /opt/airflow/dags/hello_dag.py
[2025-12-24T16:38:03.833+0000] {logging_mixin.py:154} INFO - [2025-12-24T16:38:03.833+0000] {dag.py:2941} INFO - Sync 1 DAGs
[2025-12-24T16:38:03.852+0000] {logging_mixin.py:154} INFO - [2025-12-24T16:38:03.852+0000] {dag.py:3722} INFO - Setting next_dagrun for hello_world_dag_1min to 2025-12-24T16:37:03.852360+00:00, run_after=2025-12-24T16:38:03.852360+00:00
[2025-12-24T16:38:03.882+0000] {processor.py:179} INFO - Processing /opt/airflow/dags/hello_dag.py took 0.093 seconds
[2025-12-24T16:38:34.227+0000] {processor.py:157} INFO - Started process (PID=343) to work on /opt/airflow/dags/hello_dag.py
[2025-12-24T16:38:34.227+0000] {processor.py:829} INFO - Processing file /opt/airflow/dags/hello_dag.py for tasks to queue
[2025-12-24T16:38:34.228+0000] {logging_mixin.py:154} INFO - [2025-12-24T16:38:34.228+0000] {dagbag.py:536} INFO - Filling up the DagBag from /opt/airflow/dags/hello_dag.py
[2025-12-24T16:38:34.244+0000] {processor.py:839} INFO - DAG(s) dict_keys(['hello_world_dag_1min']) retrieved from /opt/airflow/dags/hello_dag.py
[2025-12-24T16:38:34.266+0000] {logging_mixin.py:154} INFO - [2025-12-24T16:38:34.266+0000] {dag.py:2941} INFO - Sync 1 DAGs
[2025-12-24T16:38:34.288+0000] {logging_mixin.py:154} INFO - [2025-12-24T16:38:34.288+0000] {dag.py:3722} INFO - Setting next_dagrun for hello_world_dag_1min to 2025-12-24T16:37:34.288447+00:00, run_after=2025-12-24T16:38:34.288447+00:00
[2025-12-24T16:38:34.317+0000] {processor.py:179} INFO - Processing /opt/airflow/dags/hello_dag.py took 0.093 seconds
[2025-12-24T16:39:04.607+0000] {processor.py:157} INFO - Started process (PID=354) to work on /opt/airflow/dags/hello_dag.py
[2025-12-24T16:39:04.608+0000] {processor.py:829} INFO - Processing file /opt/airflow/dags/hello_dag.py for tasks to queue
[2025-12-24T16:39:04.609+0000] {logging_mixin.py:154} INFO - [2025-12-24T16:39:04.609+0000] {dagbag.py:536} INFO - Filling up the DagBag from /opt/airflow/dags/hello_dag.py
[2025-12-24T16:39:04.640+0000] {processor.py:839} INFO - DAG(s) dict_keys(['hello_world_dag_1min']) retrieved from /opt/airflow/dags/hello_dag.py
[2025-12-24T16:39:04.672+0000] {logging_mixin.py:154} INFO - [2025-12-24T16:39:04.672+0000] {dag.py:2941} INFO - Sync 1 DAGs
[2025-12-24T16:39:04.699+0000] {logging_mixin.py:154} INFO - [2025-12-24T16:39:04.698+0000] {dag.py:3722} INFO - Setting next_dagrun for hello_world_dag_1min to 2025-12-24T16:38:04.698721+00:00, run_after=2025-12-24T16:39:04.698721+00:00
[2025-12-24T16:39:04.725+0000] {processor.py:179} INFO - Processing /opt/airflow/dags/hello_dag.py took 0.121 seconds
[2025-12-24T16:39:35.088+0000] {processor.py:157} INFO - Started process (PID=365) to work on /opt/airflow/dags/hello_dag.py
[2025-12-24T16:39:35.089+0000] {processor.py:829} INFO - Processing file /opt/airflow/dags/hello_dag.py for tasks to queue
[2025-12-24T16:39:35.090+0000] {logging_mixin.py:154} INFO - [2025-12-24T16:39:35.089+0000] {dagbag.py:536} INFO - Filling up the DagBag from /opt/airflow/dags/hello_dag.py
[2025-12-24T16:39:35.108+0000] {processor.py:839} INFO - DAG(s) dict_keys(['hello_world_dag_1min']) retrieved from /opt/airflow/dags/hello_dag.py
[2025-12-24T16:39:35.134+0000] {logging_mixin.py:154} INFO - [2025-12-24T16:39:35.134+0000] {dag.py:2941} INFO - Sync 1 DAGs
[2025-12-24T16:39:35.154+0000] {logging_mixin.py:154} INFO - [2025-12-24T16:39:35.153+0000] {dag.py:3722} INFO - Setting next_dagrun for hello_world_dag_1min to 2025-12-24T16:38:35.153735+00:00, run_after=2025-12-24T16:39:35.153735+00:00
[2025-12-24T16:39:35.179+0000] {processor.py:179} INFO - Processing /opt/airflow/dags/hello_dag.py took 0.094 seconds
[2025-12-24T16:40:05.507+0000] {processor.py:157} INFO - Started process (PID=376) to work on /opt/airflow/dags/hello_dag.py
[2025-12-24T16:40:05.508+0000] {processor.py:829} INFO - Processing file /opt/airflow/dags/hello_dag.py for tasks to queue
[2025-12-24T16:40:05.509+0000] {logging_mixin.py:154} INFO - [2025-12-24T16:40:05.508+0000] {dagbag.py:536} INFO - Filling up the DagBag from /opt/airflow/dags/hello_dag.py
[2025-12-24T16:40:05.527+0000] {processor.py:839} INFO - DAG(s) dict_keys(['hello_world_dag_1min']) retrieved from /opt/airflow/dags/hello_dag.py
[2025-12-24T16:40:05.551+0000] {logging_mixin.py:154} INFO - [2025-12-24T16:40:05.551+0000] {dag.py:2941} INFO - Sync 1 DAGs
[2025-12-24T16:40:05.572+0000] {logging_mixin.py:154} INFO - [2025-12-24T16:40:05.571+0000] {dag.py:3722} INFO - Setting next_dagrun for hello_world_dag_1min to 2025-12-24T16:39:05.571706+00:00, run_after=2025-12-24T16:40:05.571706+00:00
[2025-12-24T16:40:05.599+0000] {processor.py:179} INFO - Processing /opt/airflow/dags/hello_dag.py took 0.095 seconds
[2025-12-24T16:40:36.095+0000] {processor.py:157} INFO - Started process (PID=387) to work on /opt/airflow/dags/hello_dag.py
[2025-12-24T16:40:36.096+0000] {processor.py:829} INFO - Processing file /opt/airflow/dags/hello_dag.py for tasks to queue
[2025-12-24T16:40:36.097+0000] {logging_mixin.py:154} INFO - [2025-12-24T16:40:36.097+0000] {dagbag.py:536} INFO - Filling up the DagBag from /opt/airflow/dags/hello_dag.py
[2025-12-24T16:40:36.114+0000] {processor.py:839} INFO - DAG(s) dict_keys(['hello_world_dag_1min']) retrieved from /opt/airflow/dags/hello_dag.py
[2025-12-24T16:40:36.138+0000] {logging_mixin.py:154} INFO - [2025-12-24T16:40:36.137+0000] {dag.py:2941} INFO - Sync 1 DAGs
[2025-12-24T16:40:36.157+0000] {logging_mixin.py:154} INFO - [2025-12-24T16:40:36.157+0000] {dag.py:3722} INFO - Setting next_dagrun for hello_world_dag_1min to 2025-12-24T16:39:36.156995+00:00, run_after=2025-12-24T16:40:36.156995+00:00
[2025-12-24T16:40:36.188+0000] {processor.py:179} INFO - Processing /opt/airflow/dags/hello_dag.py took 0.096 seconds
[2025-12-24T16:41:06.525+0000] {processor.py:157} INFO - Started process (PID=398) to work on /opt/airflow/dags/hello_dag.py
[2025-12-24T16:41:06.526+0000] {processor.py:829} INFO - Processing file /opt/airflow/dags/hello_dag.py for tasks to queue
[2025-12-24T16:41:06.527+0000] {logging_mixin.py:154} INFO - [2025-12-24T16:41:06.527+0000] {dagbag.py:536} INFO - Filling up the DagBag from /opt/airflow/dags/hello_dag.py
[2025-12-24T16:41:06.562+0000] {processor.py:839} INFO - DAG(s) dict_keys(['hello_world_dag_1min']) retrieved from /opt/airflow/dags/hello_dag.py
[2025-12-24T16:41:06.602+0000] {logging_mixin.py:154} INFO - [2025-12-24T16:41:06.601+0000] {dag.py:2941} INFO - Sync 1 DAGs
[2025-12-24T16:41:06.627+0000] {logging_mixin.py:154} INFO - [2025-12-24T16:41:06.627+0000] {dag.py:3722} INFO - Setting next_dagrun for hello_world_dag_1min to 2025-12-24T16:40:06.626936+00:00, run_after=2025-12-24T16:41:06.626936+00:00
[2025-12-24T16:41:06.657+0000] {processor.py:179} INFO - Processing /opt/airflow/dags/hello_dag.py took 0.140 seconds
[2025-12-24T16:41:37.011+0000] {processor.py:157} INFO - Started process (PID=409) to work on /opt/airflow/dags/hello_dag.py
[2025-12-24T16:41:37.012+0000] {processor.py:829} INFO - Processing file /opt/airflow/dags/hello_dag.py for tasks to queue
[2025-12-24T16:41:37.013+0000] {logging_mixin.py:154} INFO - [2025-12-24T16:41:37.013+0000] {dagbag.py:536} INFO - Filling up the DagBag from /opt/airflow/dags/hello_dag.py
[2025-12-24T16:41:37.033+0000] {processor.py:839} INFO - DAG(s) dict_keys(['hello_world_dag_1min']) retrieved from /opt/airflow/dags/hello_dag.py
[2025-12-24T16:41:37.057+0000] {logging_mixin.py:154} INFO - [2025-12-24T16:41:37.057+0000] {dag.py:2941} INFO - Sync 1 DAGs
[2025-12-24T16:41:37.076+0000] {logging_mixin.py:154} INFO - [2025-12-24T16:41:37.076+0000] {dag.py:3722} INFO - Setting next_dagrun for hello_world_dag_1min to 2025-12-24T16:40:37.076402+00:00, run_after=2025-12-24T16:41:37.076402+00:00
[2025-12-24T16:41:37.100+0000] {processor.py:179} INFO - Processing /opt/airflow/dags/hello_dag.py took 0.092 seconds
[2025-12-24T16:42:07.401+0000] {processor.py:157} INFO - Started process (PID=420) to work on /opt/airflow/dags/hello_dag.py
[2025-12-24T16:42:07.402+0000] {processor.py:829} INFO - Processing file /opt/airflow/dags/hello_dag.py for tasks to queue
[2025-12-24T16:42:07.403+0000] {logging_mixin.py:154} INFO - [2025-12-24T16:42:07.403+0000] {dagbag.py:536} INFO - Filling up the DagBag from /opt/airflow/dags/hello_dag.py
[2025-12-24T16:42:07.421+0000] {processor.py:839} INFO - DAG(s) dict_keys(['hello_world_dag_1min']) retrieved from /opt/airflow/dags/hello_dag.py
[2025-12-24T16:42:07.444+0000] {logging_mixin.py:154} INFO - [2025-12-24T16:42:07.443+0000] {dag.py:2941} INFO - Sync 1 DAGs
[2025-12-24T16:42:07.463+0000] {logging_mixin.py:154} INFO - [2025-12-24T16:42:07.463+0000] {dag.py:3722} INFO - Setting next_dagrun for hello_world_dag_1min to 2025-12-24T16:41:07.463074+00:00, run_after=2025-12-24T16:42:07.463074+00:00
[2025-12-24T16:42:07.495+0000] {processor.py:179} INFO - Processing /opt/airflow/dags/hello_dag.py took 0.097 seconds
[2025-12-24T16:42:37.802+0000] {processor.py:157} INFO - Started process (PID=431) to work on /opt/airflow/dags/hello_dag.py
[2025-12-24T16:42:37.803+0000] {processor.py:829} INFO - Processing file /opt/airflow/dags/hello_dag.py for tasks to queue
[2025-12-24T16:42:37.804+0000] {logging_mixin.py:154} INFO - [2025-12-24T16:42:37.804+0000] {dagbag.py:536} INFO - Filling up the DagBag from /opt/airflow/dags/hello_dag.py
[2025-12-24T16:42:37.824+0000] {processor.py:839} INFO - DAG(s) dict_keys(['hello_world_dag_1min']) retrieved from /opt/airflow/dags/hello_dag.py
[2025-12-24T16:42:37.849+0000] {logging_mixin.py:154} INFO - [2025-12-24T16:42:37.849+0000] {dag.py:2941} INFO - Sync 1 DAGs
[2025-12-24T16:42:37.871+0000] {logging_mixin.py:154} INFO - [2025-12-24T16:42:37.870+0000] {dag.py:3722} INFO - Setting next_dagrun for hello_world_dag_1min to 2025-12-24T16:41:37.870639+00:00, run_after=2025-12-24T16:42:37.870639+00:00
[2025-12-24T16:42:37.895+0000] {processor.py:179} INFO - Processing /opt/airflow/dags/hello_dag.py took 0.096 seconds
[2025-12-24T16:43:08.238+0000] {processor.py:157} INFO - Started process (PID=442) to work on /opt/airflow/dags/hello_dag.py
[2025-12-24T16:43:08.239+0000] {processor.py:829} INFO - Processing file /opt/airflow/dags/hello_dag.py for tasks to queue
[2025-12-24T16:43:08.240+0000] {logging_mixin.py:154} INFO - [2025-12-24T16:43:08.240+0000] {dagbag.py:536} INFO - Filling up the DagBag from /opt/airflow/dags/hello_dag.py
[2025-12-24T16:43:08.257+0000] {processor.py:839} INFO - DAG(s) dict_keys(['hello_world_dag_1min']) retrieved from /opt/airflow/dags/hello_dag.py
[2025-12-24T16:43:08.280+0000] {logging_mixin.py:154} INFO - [2025-12-24T16:43:08.279+0000] {dag.py:2941} INFO - Sync 1 DAGs
[2025-12-24T16:43:08.300+0000] {logging_mixin.py:154} INFO - [2025-12-24T16:43:08.300+0000] {dag.py:3722} INFO - Setting next_dagrun for hello_world_dag_1min to 2025-12-24T16:42:08.300065+00:00, run_after=2025-12-24T16:43:08.300065+00:00
[2025-12-24T16:43:08.324+0000] {processor.py:179} INFO - Processing /opt/airflow/dags/hello_dag.py took 0.089 seconds
[2025-12-24T16:43:38.705+0000] {processor.py:157} INFO - Started process (PID=453) to work on /opt/airflow/dags/hello_dag.py
[2025-12-24T16:43:38.706+0000] {processor.py:829} INFO - Processing file /opt/airflow/dags/hello_dag.py for tasks to queue
[2025-12-24T16:43:38.707+0000] {logging_mixin.py:154} INFO - [2025-12-24T16:43:38.706+0000] {dagbag.py:536} INFO - Filling up the DagBag from /opt/airflow/dags/hello_dag.py
[2025-12-24T16:43:38.722+0000] {processor.py:839} INFO - DAG(s) dict_keys(['hello_world_dag_1min']) retrieved from /opt/airflow/dags/hello_dag.py
[2025-12-24T16:43:38.747+0000] {logging_mixin.py:154} INFO - [2025-12-24T16:43:38.747+0000] {dag.py:2941} INFO - Sync 1 DAGs
[2025-12-24T16:43:38.766+0000] {logging_mixin.py:154} INFO - [2025-12-24T16:43:38.766+0000] {dag.py:3722} INFO - Setting next_dagrun for hello_world_dag_1min to 2025-12-24T16:42:38.766472+00:00, run_after=2025-12-24T16:43:38.766472+00:00
[2025-12-24T16:43:38.789+0000] {processor.py:179} INFO - Processing /opt/airflow/dags/hello_dag.py took 0.087 seconds
[2025-12-24T16:44:09.110+0000] {processor.py:157} INFO - Started process (PID=464) to work on /opt/airflow/dags/hello_dag.py
[2025-12-24T16:44:09.111+0000] {processor.py:829} INFO - Processing file /opt/airflow/dags/hello_dag.py for tasks to queue
[2025-12-24T16:44:09.112+0000] {logging_mixin.py:154} INFO - [2025-12-24T16:44:09.112+0000] {dagbag.py:536} INFO - Filling up the DagBag from /opt/airflow/dags/hello_dag.py
[2025-12-24T16:44:09.128+0000] {processor.py:839} INFO - DAG(s) dict_keys(['hello_world_dag_1min']) retrieved from /opt/airflow/dags/hello_dag.py
[2025-12-24T16:44:09.152+0000] {logging_mixin.py:154} INFO - [2025-12-24T16:44:09.151+0000] {dag.py:2941} INFO - Sync 1 DAGs
[2025-12-24T16:44:09.171+0000] {logging_mixin.py:154} INFO - [2025-12-24T16:44:09.171+0000] {dag.py:3722} INFO - Setting next_dagrun for hello_world_dag_1min to 2025-12-24T16:43:09.171294+00:00, run_after=2025-12-24T16:44:09.171294+00:00
[2025-12-24T16:44:09.195+0000] {processor.py:179} INFO - Processing /opt/airflow/dags/hello_dag.py took 0.088 seconds
[2025-12-24T16:44:39.534+0000] {processor.py:157} INFO - Started process (PID=475) to work on /opt/airflow/dags/hello_dag.py
[2025-12-24T16:44:39.535+0000] {processor.py:829} INFO - Processing file /opt/airflow/dags/hello_dag.py for tasks to queue
[2025-12-24T16:44:39.536+0000] {logging_mixin.py:154} INFO - [2025-12-24T16:44:39.536+0000] {dagbag.py:536} INFO - Filling up the DagBag from /opt/airflow/dags/hello_dag.py
[2025-12-24T16:44:39.562+0000] {processor.py:839} INFO - DAG(s) dict_keys(['hello_world_dag_1min']) retrieved from /opt/airflow/dags/hello_dag.py
[2025-12-24T16:44:39.587+0000] {logging_mixin.py:154} INFO - [2025-12-24T16:44:39.587+0000] {dag.py:2941} INFO - Sync 1 DAGs
[2025-12-24T16:44:39.609+0000] {logging_mixin.py:154} INFO - [2025-12-24T16:44:39.609+0000] {dag.py:3722} INFO - Setting next_dagrun for hello_world_dag_1min to 2025-12-24T16:43:39.608786+00:00, run_after=2025-12-24T16:44:39.608786+00:00
[2025-12-24T16:44:39.636+0000] {processor.py:179} INFO - Processing /opt/airflow/dags/hello_dag.py took 0.105 seconds
[2025-12-24T16:45:09.935+0000] {processor.py:157} INFO - Started process (PID=486) to work on /opt/airflow/dags/hello_dag.py
[2025-12-24T16:45:09.947+0000] {processor.py:829} INFO - Processing file /opt/airflow/dags/hello_dag.py for tasks to queue
[2025-12-24T16:45:09.949+0000] {logging_mixin.py:154} INFO - [2025-12-24T16:45:09.948+0000] {dagbag.py:536} INFO - Filling up the DagBag from /opt/airflow/dags/hello_dag.py
[2025-12-24T16:45:09.981+0000] {processor.py:839} INFO - DAG(s) dict_keys(['hello_world_dag_1min']) retrieved from /opt/airflow/dags/hello_dag.py
[2025-12-24T16:45:10.024+0000] {logging_mixin.py:154} INFO - [2025-12-24T16:45:10.023+0000] {dag.py:2941} INFO - Sync 1 DAGs
[2025-12-24T16:45:10.075+0000] {logging_mixin.py:154} INFO - [2025-12-24T16:45:10.075+0000] {dag.py:3722} INFO - Setting next_dagrun for hello_world_dag_1min to 2025-12-24T16:44:10.075438+00:00, run_after=2025-12-24T16:45:10.075438+00:00
[2025-12-24T16:45:10.106+0000] {processor.py:179} INFO - Processing /opt/airflow/dags/hello_dag.py took 0.177 seconds
[2025-12-24T16:45:40.189+0000] {processor.py:157} INFO - Started process (PID=507) to work on /opt/airflow/dags/hello_dag.py
[2025-12-24T16:45:40.190+0000] {processor.py:829} INFO - Processing file /opt/airflow/dags/hello_dag.py for tasks to queue
[2025-12-24T16:45:40.191+0000] {logging_mixin.py:154} INFO - [2025-12-24T16:45:40.191+0000] {dagbag.py:536} INFO - Filling up the DagBag from /opt/airflow/dags/hello_dag.py
[2025-12-24T16:45:40.219+0000] {processor.py:839} INFO - DAG(s) dict_keys(['hello_world_dag_1min']) retrieved from /opt/airflow/dags/hello_dag.py
[2025-12-24T16:45:40.253+0000] {logging_mixin.py:154} INFO - [2025-12-24T16:45:40.253+0000] {dag.py:2941} INFO - Sync 1 DAGs
[2025-12-24T16:45:40.282+0000] {logging_mixin.py:154} INFO - [2025-12-24T16:45:40.282+0000] {dag.py:3722} INFO - Setting next_dagrun for hello_world_dag_1min to 2025-12-24T16:44:40.282219+00:00, run_after=2025-12-24T16:45:40.282219+00:00
[2025-12-24T16:45:40.309+0000] {processor.py:179} INFO - Processing /opt/airflow/dags/hello_dag.py took 0.124 seconds
[2025-12-24T16:46:10.603+0000] {processor.py:157} INFO - Started process (PID=521) to work on /opt/airflow/dags/hello_dag.py
[2025-12-24T16:46:10.604+0000] {processor.py:829} INFO - Processing file /opt/airflow/dags/hello_dag.py for tasks to queue
[2025-12-24T16:46:10.606+0000] {logging_mixin.py:154} INFO - [2025-12-24T16:46:10.605+0000] {dagbag.py:536} INFO - Filling up the DagBag from /opt/airflow/dags/hello_dag.py
[2025-12-24T16:46:10.636+0000] {processor.py:839} INFO - DAG(s) dict_keys(['hello_world_dag_1min']) retrieved from /opt/airflow/dags/hello_dag.py
[2025-12-24T16:46:10.672+0000] {logging_mixin.py:154} INFO - [2025-12-24T16:46:10.672+0000] {dag.py:2941} INFO - Sync 1 DAGs
[2025-12-24T16:46:10.700+0000] {logging_mixin.py:154} INFO - [2025-12-24T16:46:10.700+0000] {dag.py:3722} INFO - Setting next_dagrun for hello_world_dag_1min to 2025-12-24T16:45:10.699869+00:00, run_after=2025-12-24T16:46:10.699869+00:00
[2025-12-24T16:46:10.729+0000] {processor.py:179} INFO - Processing /opt/airflow/dags/hello_dag.py took 0.131 seconds
[2025-12-24T16:46:41.046+0000] {processor.py:157} INFO - Started process (PID=535) to work on /opt/airflow/dags/hello_dag.py
[2025-12-24T16:46:41.047+0000] {processor.py:829} INFO - Processing file /opt/airflow/dags/hello_dag.py for tasks to queue
[2025-12-24T16:46:41.049+0000] {logging_mixin.py:154} INFO - [2025-12-24T16:46:41.049+0000] {dagbag.py:536} INFO - Filling up the DagBag from /opt/airflow/dags/hello_dag.py
[2025-12-24T16:46:41.078+0000] {processor.py:839} INFO - DAG(s) dict_keys(['hello_world_dag_1min']) retrieved from /opt/airflow/dags/hello_dag.py
[2025-12-24T16:46:41.123+0000] {logging_mixin.py:154} INFO - [2025-12-24T16:46:41.123+0000] {dag.py:2941} INFO - Sync 1 DAGs
[2025-12-24T16:46:41.165+0000] {logging_mixin.py:154} INFO - [2025-12-24T16:46:41.165+0000] {dag.py:3722} INFO - Setting next_dagrun for hello_world_dag_1min to 2025-12-24T16:45:41.165010+00:00, run_after=2025-12-24T16:46:41.165010+00:00
[2025-12-24T16:46:41.208+0000] {processor.py:179} INFO - Processing /opt/airflow/dags/hello_dag.py took 0.167 seconds
[2025-12-24T16:47:11.560+0000] {processor.py:157} INFO - Started process (PID=546) to work on /opt/airflow/dags/hello_dag.py
[2025-12-24T16:47:11.561+0000] {processor.py:829} INFO - Processing file /opt/airflow/dags/hello_dag.py for tasks to queue
[2025-12-24T16:47:11.563+0000] {logging_mixin.py:154} INFO - [2025-12-24T16:47:11.563+0000] {dagbag.py:536} INFO - Filling up the DagBag from /opt/airflow/dags/hello_dag.py
[2025-12-24T16:47:11.591+0000] {processor.py:839} INFO - DAG(s) dict_keys(['hello_world_dag_1min']) retrieved from /opt/airflow/dags/hello_dag.py
[2025-12-24T16:47:11.625+0000] {logging_mixin.py:154} INFO - [2025-12-24T16:47:11.625+0000] {dag.py:2941} INFO - Sync 1 DAGs
[2025-12-24T16:47:11.654+0000] {logging_mixin.py:154} INFO - [2025-12-24T16:47:11.654+0000] {dag.py:3722} INFO - Setting next_dagrun for hello_world_dag_1min to 2025-12-24T16:46:11.654315+00:00, run_after=2025-12-24T16:47:11.654315+00:00
[2025-12-24T16:47:11.683+0000] {processor.py:179} INFO - Processing /opt/airflow/dags/hello_dag.py took 0.128 seconds
[2025-12-24T16:47:42.009+0000] {processor.py:157} INFO - Started process (PID=560) to work on /opt/airflow/dags/hello_dag.py
[2025-12-24T16:47:42.010+0000] {processor.py:829} INFO - Processing file /opt/airflow/dags/hello_dag.py for tasks to queue
[2025-12-24T16:47:42.011+0000] {logging_mixin.py:154} INFO - [2025-12-24T16:47:42.011+0000] {dagbag.py:536} INFO - Filling up the DagBag from /opt/airflow/dags/hello_dag.py
[2025-12-24T16:47:42.030+0000] {processor.py:839} INFO - DAG(s) dict_keys(['hello_world_dag_1min']) retrieved from /opt/airflow/dags/hello_dag.py
[2025-12-24T16:47:42.057+0000] {logging_mixin.py:154} INFO - [2025-12-24T16:47:42.057+0000] {dag.py:2941} INFO - Sync 1 DAGs
[2025-12-24T16:47:42.082+0000] {logging_mixin.py:154} INFO - [2025-12-24T16:47:42.081+0000] {dag.py:3722} INFO - Setting next_dagrun for hello_world_dag_1min to 2025-12-24T16:46:42.081627+00:00, run_after=2025-12-24T16:47:42.081627+00:00
[2025-12-24T16:47:42.103+0000] {processor.py:179} INFO - Processing /opt/airflow/dags/hello_dag.py took 0.098 seconds
[2025-12-24T16:48:12.373+0000] {processor.py:157} INFO - Started process (PID=571) to work on /opt/airflow/dags/hello_dag.py
[2025-12-24T16:48:12.375+0000] {processor.py:829} INFO - Processing file /opt/airflow/dags/hello_dag.py for tasks to queue
[2025-12-24T16:48:12.376+0000] {logging_mixin.py:154} INFO - [2025-12-24T16:48:12.375+0000] {dagbag.py:536} INFO - Filling up the DagBag from /opt/airflow/dags/hello_dag.py
[2025-12-24T16:48:12.397+0000] {processor.py:839} INFO - DAG(s) dict_keys(['hello_world_dag_1min']) retrieved from /opt/airflow/dags/hello_dag.py
[2025-12-24T16:48:12.424+0000] {logging_mixin.py:154} INFO - [2025-12-24T16:48:12.424+0000] {dag.py:2941} INFO - Sync 1 DAGs
[2025-12-24T16:48:12.451+0000] {logging_mixin.py:154} INFO - [2025-12-24T16:48:12.450+0000] {dag.py:3722} INFO - Setting next_dagrun for hello_world_dag_1min to 2025-12-24T16:47:12.450669+00:00, run_after=2025-12-24T16:48:12.450669+00:00
[2025-12-24T16:48:12.477+0000] {processor.py:179} INFO - Processing /opt/airflow/dags/hello_dag.py took 0.108 seconds
[2025-12-24T16:48:42.806+0000] {processor.py:157} INFO - Started process (PID=582) to work on /opt/airflow/dags/hello_dag.py
[2025-12-24T16:48:42.807+0000] {processor.py:829} INFO - Processing file /opt/airflow/dags/hello_dag.py for tasks to queue
[2025-12-24T16:48:42.808+0000] {logging_mixin.py:154} INFO - [2025-12-24T16:48:42.808+0000] {dagbag.py:536} INFO - Filling up the DagBag from /opt/airflow/dags/hello_dag.py
[2025-12-24T16:48:42.827+0000] {processor.py:839} INFO - DAG(s) dict_keys(['hello_world_dag_1min']) retrieved from /opt/airflow/dags/hello_dag.py
[2025-12-24T16:48:42.854+0000] {logging_mixin.py:154} INFO - [2025-12-24T16:48:42.854+0000] {dag.py:2941} INFO - Sync 1 DAGs
[2025-12-24T16:48:42.876+0000] {logging_mixin.py:154} INFO - [2025-12-24T16:48:42.876+0000] {dag.py:3722} INFO - Setting next_dagrun for hello_world_dag_1min to 2025-12-24T16:47:42.876552+00:00, run_after=2025-12-24T16:48:42.876552+00:00
[2025-12-24T16:48:42.902+0000] {processor.py:179} INFO - Processing /opt/airflow/dags/hello_dag.py took 0.099 seconds
[2025-12-24T16:49:13.205+0000] {processor.py:157} INFO - Started process (PID=593) to work on /opt/airflow/dags/hello_dag.py
[2025-12-24T16:49:13.206+0000] {processor.py:829} INFO - Processing file /opt/airflow/dags/hello_dag.py for tasks to queue
[2025-12-24T16:49:13.208+0000] {logging_mixin.py:154} INFO - [2025-12-24T16:49:13.207+0000] {dagbag.py:536} INFO - Filling up the DagBag from /opt/airflow/dags/hello_dag.py
[2025-12-24T16:49:13.232+0000] {processor.py:839} INFO - DAG(s) dict_keys(['hello_world_dag_1min']) retrieved from /opt/airflow/dags/hello_dag.py
[2025-12-24T16:49:13.256+0000] {logging_mixin.py:154} INFO - [2025-12-24T16:49:13.256+0000] {dag.py:2941} INFO - Sync 1 DAGs
[2025-12-24T16:49:13.275+0000] {logging_mixin.py:154} INFO - [2025-12-24T16:49:13.275+0000] {dag.py:3722} INFO - Setting next_dagrun for hello_world_dag_1min to 2025-12-24T16:48:13.275114+00:00, run_after=2025-12-24T16:49:13.275114+00:00
[2025-12-24T16:49:13.299+0000] {processor.py:179} INFO - Processing /opt/airflow/dags/hello_dag.py took 0.097 seconds
[2025-12-24T16:49:43.654+0000] {processor.py:157} INFO - Started process (PID=604) to work on /opt/airflow/dags/hello_dag.py
[2025-12-24T16:49:43.656+0000] {processor.py:829} INFO - Processing file /opt/airflow/dags/hello_dag.py for tasks to queue
[2025-12-24T16:49:43.657+0000] {logging_mixin.py:154} INFO - [2025-12-24T16:49:43.656+0000] {dagbag.py:536} INFO - Filling up the DagBag from /opt/airflow/dags/hello_dag.py
[2025-12-24T16:49:43.674+0000] {processor.py:839} INFO - DAG(s) dict_keys(['hello_world_dag_1min']) retrieved from /opt/airflow/dags/hello_dag.py
[2025-12-24T16:49:43.697+0000] {logging_mixin.py:154} INFO - [2025-12-24T16:49:43.697+0000] {dag.py:2941} INFO - Sync 1 DAGs
[2025-12-24T16:49:43.716+0000] {logging_mixin.py:154} INFO - [2025-12-24T16:49:43.716+0000] {dag.py:3722} INFO - Setting next_dagrun for hello_world_dag_1min to 2025-12-24T16:48:43.716398+00:00, run_after=2025-12-24T16:49:43.716398+00:00
[2025-12-24T16:49:43.741+0000] {processor.py:179} INFO - Processing /opt/airflow/dags/hello_dag.py took 0.090 seconds
[2025-12-24T16:50:13.944+0000] {processor.py:157} INFO - Started process (PID=612) to work on /opt/airflow/dags/hello_dag.py
[2025-12-24T16:50:13.945+0000] {processor.py:829} INFO - Processing file /opt/airflow/dags/hello_dag.py for tasks to queue
[2025-12-24T16:50:13.946+0000] {logging_mixin.py:154} INFO - [2025-12-24T16:50:13.946+0000] {dagbag.py:536} INFO - Filling up the DagBag from /opt/airflow/dags/hello_dag.py
[2025-12-24T16:50:13.964+0000] {processor.py:839} INFO - DAG(s) dict_keys(['hello_world_dag_1min']) retrieved from /opt/airflow/dags/hello_dag.py
[2025-12-24T16:50:13.990+0000] {logging_mixin.py:154} INFO - [2025-12-24T16:50:13.990+0000] {dag.py:2941} INFO - Sync 1 DAGs
[2025-12-24T16:50:14.016+0000] {logging_mixin.py:154} INFO - [2025-12-24T16:50:14.015+0000] {dag.py:3722} INFO - Setting next_dagrun for hello_world_dag_1min to 2025-12-24T16:49:14.015516+00:00, run_after=2025-12-24T16:50:14.015516+00:00
[2025-12-24T16:50:14.041+0000] {processor.py:179} INFO - Processing /opt/airflow/dags/hello_dag.py took 0.100 seconds
[2025-12-24T16:50:44.397+0000] {processor.py:157} INFO - Started process (PID=620) to work on /opt/airflow/dags/hello_dag.py
[2025-12-24T16:50:44.398+0000] {processor.py:829} INFO - Processing file /opt/airflow/dags/hello_dag.py for tasks to queue
[2025-12-24T16:50:44.399+0000] {logging_mixin.py:154} INFO - [2025-12-24T16:50:44.399+0000] {dagbag.py:536} INFO - Filling up the DagBag from /opt/airflow/dags/hello_dag.py
[2025-12-24T16:50:44.417+0000] {processor.py:839} INFO - DAG(s) dict_keys(['hello_world_dag_1min']) retrieved from /opt/airflow/dags/hello_dag.py
[2025-12-24T16:50:44.442+0000] {logging_mixin.py:154} INFO - [2025-12-24T16:50:44.441+0000] {dag.py:2941} INFO - Sync 1 DAGs
[2025-12-24T16:50:44.464+0000] {logging_mixin.py:154} INFO - [2025-12-24T16:50:44.463+0000] {dag.py:3722} INFO - Setting next_dagrun for hello_world_dag_1min to 2025-12-24T16:49:44.463568+00:00, run_after=2025-12-24T16:50:44.463568+00:00
[2025-12-24T16:50:44.484+0000] {processor.py:179} INFO - Processing /opt/airflow/dags/hello_dag.py took 0.091 seconds
[2025-12-24T16:51:15.396+0000] {processor.py:157} INFO - Started process (PID=636) to work on /opt/airflow/dags/hello_dag.py
[2025-12-24T16:51:15.397+0000] {processor.py:829} INFO - Processing file /opt/airflow/dags/hello_dag.py for tasks to queue
[2025-12-24T16:51:15.398+0000] {logging_mixin.py:154} INFO - [2025-12-24T16:51:15.398+0000] {dagbag.py:536} INFO - Filling up the DagBag from /opt/airflow/dags/hello_dag.py
[2025-12-24T16:51:15.417+0000] {processor.py:839} INFO - DAG(s) dict_keys(['hello_world_dag_1min']) retrieved from /opt/airflow/dags/hello_dag.py
[2025-12-24T16:51:15.443+0000] {logging_mixin.py:154} INFO - [2025-12-24T16:51:15.443+0000] {dag.py:2941} INFO - Sync 1 DAGs
[2025-12-24T16:51:15.463+0000] {logging_mixin.py:154} INFO - [2025-12-24T16:51:15.462+0000] {dag.py:3722} INFO - Setting next_dagrun for hello_world_dag_1min to 2025-12-24T16:50:15.462601+00:00, run_after=2025-12-24T16:51:15.462601+00:00
[2025-12-24T16:51:15.494+0000] {processor.py:179} INFO - Processing /opt/airflow/dags/hello_dag.py took 0.102 seconds
[2025-12-24T16:51:45.866+0000] {processor.py:157} INFO - Started process (PID=652) to work on /opt/airflow/dags/hello_dag.py
[2025-12-24T16:51:45.868+0000] {processor.py:829} INFO - Processing file /opt/airflow/dags/hello_dag.py for tasks to queue
[2025-12-24T16:51:45.870+0000] {logging_mixin.py:154} INFO - [2025-12-24T16:51:45.870+0000] {dagbag.py:536} INFO - Filling up the DagBag from /opt/airflow/dags/hello_dag.py
[2025-12-24T16:51:45.897+0000] {processor.py:839} INFO - DAG(s) dict_keys(['hello_world_dag_1min']) retrieved from /opt/airflow/dags/hello_dag.py
[2025-12-24T16:51:45.928+0000] {logging_mixin.py:154} INFO - [2025-12-24T16:51:45.928+0000] {dag.py:2941} INFO - Sync 1 DAGs
[2025-12-24T16:51:45.954+0000] {logging_mixin.py:154} INFO - [2025-12-24T16:51:45.954+0000] {dag.py:3722} INFO - Setting next_dagrun for hello_world_dag_1min to 2025-12-24T16:50:45.953729+00:00, run_after=2025-12-24T16:51:45.953729+00:00
[2025-12-24T16:51:45.980+0000] {processor.py:179} INFO - Processing /opt/airflow/dags/hello_dag.py took 0.117 seconds
[2025-12-24T16:52:16.258+0000] {processor.py:157} INFO - Started process (PID=669) to work on /opt/airflow/dags/hello_dag.py
[2025-12-24T16:52:16.259+0000] {processor.py:829} INFO - Processing file /opt/airflow/dags/hello_dag.py for tasks to queue
[2025-12-24T16:52:16.260+0000] {logging_mixin.py:154} INFO - [2025-12-24T16:52:16.260+0000] {dagbag.py:536} INFO - Filling up the DagBag from /opt/airflow/dags/hello_dag.py
[2025-12-24T16:52:16.279+0000] {processor.py:839} INFO - DAG(s) dict_keys(['hello_world_dag_1min']) retrieved from /opt/airflow/dags/hello_dag.py
[2025-12-24T16:52:16.305+0000] {logging_mixin.py:154} INFO - [2025-12-24T16:52:16.305+0000] {dag.py:2941} INFO - Sync 1 DAGs
[2025-12-24T16:52:16.346+0000] {logging_mixin.py:154} INFO - [2025-12-24T16:52:16.346+0000] {dag.py:3722} INFO - Setting next_dagrun for hello_world_dag_1min to 2025-12-24T16:51:16.344860+00:00, run_after=2025-12-24T16:52:16.344860+00:00
[2025-12-24T16:52:16.369+0000] {processor.py:179} INFO - Processing /opt/airflow/dags/hello_dag.py took 0.114 seconds
[2025-12-24T16:52:46.657+0000] {processor.py:157} INFO - Started process (PID=683) to work on /opt/airflow/dags/hello_dag.py
[2025-12-24T16:52:46.658+0000] {processor.py:829} INFO - Processing file /opt/airflow/dags/hello_dag.py for tasks to queue
[2025-12-24T16:52:46.659+0000] {logging_mixin.py:154} INFO - [2025-12-24T16:52:46.659+0000] {dagbag.py:536} INFO - Filling up the DagBag from /opt/airflow/dags/hello_dag.py
[2025-12-24T16:52:46.681+0000] {processor.py:839} INFO - DAG(s) dict_keys(['hello_world_dag_1min']) retrieved from /opt/airflow/dags/hello_dag.py
[2025-12-24T16:52:46.710+0000] {logging_mixin.py:154} INFO - [2025-12-24T16:52:46.710+0000] {dag.py:2941} INFO - Sync 1 DAGs
[2025-12-24T16:52:46.735+0000] {logging_mixin.py:154} INFO - [2025-12-24T16:52:46.735+0000] {dag.py:3722} INFO - Setting next_dagrun for hello_world_dag_1min to 2025-12-24T16:51:46.735381+00:00, run_after=2025-12-24T16:52:46.735381+00:00
[2025-12-24T16:52:46.762+0000] {processor.py:179} INFO - Processing /opt/airflow/dags/hello_dag.py took 0.108 seconds
[2025-12-24T16:53:17.143+0000] {processor.py:157} INFO - Started process (PID=694) to work on /opt/airflow/dags/hello_dag.py
[2025-12-24T16:53:17.148+0000] {processor.py:829} INFO - Processing file /opt/airflow/dags/hello_dag.py for tasks to queue
[2025-12-24T16:53:17.150+0000] {logging_mixin.py:154} INFO - [2025-12-24T16:53:17.150+0000] {dagbag.py:536} INFO - Filling up the DagBag from /opt/airflow/dags/hello_dag.py
[2025-12-24T16:53:17.227+0000] {processor.py:839} INFO - DAG(s) dict_keys(['hello_world_dag_1min']) retrieved from /opt/airflow/dags/hello_dag.py
[2025-12-24T16:53:17.298+0000] {logging_mixin.py:154} INFO - [2025-12-24T16:53:17.298+0000] {dag.py:2941} INFO - Sync 1 DAGs
[2025-12-24T16:53:17.354+0000] {logging_mixin.py:154} INFO - [2025-12-24T16:53:17.354+0000] {dag.py:3722} INFO - Setting next_dagrun for hello_world_dag_1min to 2025-12-24T16:52:17.353640+00:00, run_after=2025-12-24T16:53:17.353640+00:00
[2025-12-24T16:53:17.393+0000] {processor.py:179} INFO - Processing /opt/airflow/dags/hello_dag.py took 0.258 seconds
[2025-12-24T16:53:48.358+0000] {processor.py:157} INFO - Started process (PID=708) to work on /opt/airflow/dags/hello_dag.py
[2025-12-24T16:53:48.360+0000] {processor.py:829} INFO - Processing file /opt/airflow/dags/hello_dag.py for tasks to queue
[2025-12-24T16:53:48.361+0000] {logging_mixin.py:154} INFO - [2025-12-24T16:53:48.361+0000] {dagbag.py:536} INFO - Filling up the DagBag from /opt/airflow/dags/hello_dag.py
[2025-12-24T16:53:48.385+0000] {processor.py:839} INFO - DAG(s) dict_keys(['hello_world_dag_1min']) retrieved from /opt/airflow/dags/hello_dag.py
[2025-12-24T16:53:48.420+0000] {logging_mixin.py:154} INFO - [2025-12-24T16:53:48.419+0000] {dag.py:2941} INFO - Sync 1 DAGs
[2025-12-24T16:53:48.449+0000] {logging_mixin.py:154} INFO - [2025-12-24T16:53:48.448+0000] {dag.py:3722} INFO - Setting next_dagrun for hello_world_dag_1min to 2025-12-24T16:52:48.448613+00:00, run_after=2025-12-24T16:53:48.448613+00:00
[2025-12-24T16:53:48.478+0000] {processor.py:179} INFO - Processing /opt/airflow/dags/hello_dag.py took 0.123 seconds
[2025-12-24T16:54:18.826+0000] {processor.py:157} INFO - Started process (PID=719) to work on /opt/airflow/dags/hello_dag.py
[2025-12-24T16:54:18.828+0000] {processor.py:829} INFO - Processing file /opt/airflow/dags/hello_dag.py for tasks to queue
[2025-12-24T16:54:18.829+0000] {logging_mixin.py:154} INFO - [2025-12-24T16:54:18.829+0000] {dagbag.py:536} INFO - Filling up the DagBag from /opt/airflow/dags/hello_dag.py
[2025-12-24T16:54:18.859+0000] {processor.py:839} INFO - DAG(s) dict_keys(['hello_world_dag_1min']) retrieved from /opt/airflow/dags/hello_dag.py
[2025-12-24T16:54:18.894+0000] {logging_mixin.py:154} INFO - [2025-12-24T16:54:18.894+0000] {dag.py:2941} INFO - Sync 1 DAGs
[2025-12-24T16:54:18.923+0000] {logging_mixin.py:154} INFO - [2025-12-24T16:54:18.923+0000] {dag.py:3722} INFO - Setting next_dagrun for hello_world_dag_1min to 2025-12-24T16:53:18.923355+00:00, run_after=2025-12-24T16:54:18.923355+00:00
[2025-12-24T16:54:18.953+0000] {processor.py:179} INFO - Processing /opt/airflow/dags/hello_dag.py took 0.131 seconds
[2025-12-24T16:54:49.417+0000] {processor.py:157} INFO - Started process (PID=730) to work on /opt/airflow/dags/hello_dag.py
[2025-12-24T16:54:49.418+0000] {processor.py:829} INFO - Processing file /opt/airflow/dags/hello_dag.py for tasks to queue
[2025-12-24T16:54:49.419+0000] {logging_mixin.py:154} INFO - [2025-12-24T16:54:49.419+0000] {dagbag.py:536} INFO - Filling up the DagBag from /opt/airflow/dags/hello_dag.py
[2025-12-24T16:54:49.445+0000] {processor.py:839} INFO - DAG(s) dict_keys(['hello_world_dag_1min']) retrieved from /opt/airflow/dags/hello_dag.py
[2025-12-24T16:54:49.479+0000] {logging_mixin.py:154} INFO - [2025-12-24T16:54:49.479+0000] {dag.py:2941} INFO - Sync 1 DAGs
[2025-12-24T16:54:49.509+0000] {logging_mixin.py:154} INFO - [2025-12-24T16:54:49.509+0000] {dag.py:3722} INFO - Setting next_dagrun for hello_world_dag_1min to 2025-12-24T16:53:49.509170+00:00, run_after=2025-12-24T16:54:49.509170+00:00
[2025-12-24T16:54:49.539+0000] {processor.py:179} INFO - Processing /opt/airflow/dags/hello_dag.py took 0.127 seconds
[2025-12-24T16:55:19.988+0000] {processor.py:157} INFO - Started process (PID=744) to work on /opt/airflow/dags/hello_dag.py
[2025-12-24T16:55:19.989+0000] {processor.py:829} INFO - Processing file /opt/airflow/dags/hello_dag.py for tasks to queue
[2025-12-24T16:55:19.991+0000] {logging_mixin.py:154} INFO - [2025-12-24T16:55:19.991+0000] {dagbag.py:536} INFO - Filling up the DagBag from /opt/airflow/dags/hello_dag.py
[2025-12-24T16:55:20.036+0000] {processor.py:839} INFO - DAG(s) dict_keys(['hello_world_dag_1min']) retrieved from /opt/airflow/dags/hello_dag.py
[2025-12-24T16:55:20.072+0000] {logging_mixin.py:154} INFO - [2025-12-24T16:55:20.072+0000] {dag.py:2941} INFO - Sync 1 DAGs
[2025-12-24T16:55:20.102+0000] {logging_mixin.py:154} INFO - [2025-12-24T16:55:20.102+0000] {dag.py:3722} INFO - Setting next_dagrun for hello_world_dag_1min to 2025-12-24T16:54:20.101685+00:00, run_after=2025-12-24T16:55:20.101685+00:00
[2025-12-24T16:55:20.127+0000] {processor.py:179} INFO - Processing /opt/airflow/dags/hello_dag.py took 0.142 seconds
[2025-12-24T16:55:50.446+0000] {processor.py:157} INFO - Started process (PID=755) to work on /opt/airflow/dags/hello_dag.py
[2025-12-24T16:55:50.448+0000] {processor.py:829} INFO - Processing file /opt/airflow/dags/hello_dag.py for tasks to queue
[2025-12-24T16:55:50.449+0000] {logging_mixin.py:154} INFO - [2025-12-24T16:55:50.449+0000] {dagbag.py:536} INFO - Filling up the DagBag from /opt/airflow/dags/hello_dag.py
[2025-12-24T16:55:50.477+0000] {processor.py:839} INFO - DAG(s) dict_keys(['hello_world_dag_1min']) retrieved from /opt/airflow/dags/hello_dag.py
[2025-12-24T16:55:50.510+0000] {logging_mixin.py:154} INFO - [2025-12-24T16:55:50.510+0000] {dag.py:2941} INFO - Sync 1 DAGs
[2025-12-24T16:55:50.541+0000] {logging_mixin.py:154} INFO - [2025-12-24T16:55:50.541+0000] {dag.py:3722} INFO - Setting next_dagrun for hello_world_dag_1min to 2025-12-24T16:54:50.541118+00:00, run_after=2025-12-24T16:55:50.541118+00:00
[2025-12-24T16:55:50.585+0000] {processor.py:179} INFO - Processing /opt/airflow/dags/hello_dag.py took 0.144 seconds
[2025-12-24T16:56:20.932+0000] {processor.py:157} INFO - Started process (PID=769) to work on /opt/airflow/dags/hello_dag.py
[2025-12-24T16:56:20.933+0000] {processor.py:829} INFO - Processing file /opt/airflow/dags/hello_dag.py for tasks to queue
[2025-12-24T16:56:20.934+0000] {logging_mixin.py:154} INFO - [2025-12-24T16:56:20.934+0000] {dagbag.py:536} INFO - Filling up the DagBag from /opt/airflow/dags/hello_dag.py
[2025-12-24T16:56:20.954+0000] {processor.py:839} INFO - DAG(s) dict_keys(['hello_world_dag_1min']) retrieved from /opt/airflow/dags/hello_dag.py
[2025-12-24T16:56:20.983+0000] {logging_mixin.py:154} INFO - [2025-12-24T16:56:20.983+0000] {dag.py:2941} INFO - Sync 1 DAGs
[2025-12-24T16:56:21.010+0000] {logging_mixin.py:154} INFO - [2025-12-24T16:56:21.010+0000] {dag.py:3722} INFO - Setting next_dagrun for hello_world_dag_1min to 2025-12-24T16:55:21.010039+00:00, run_after=2025-12-24T16:56:21.010039+00:00
[2025-12-24T16:56:21.041+0000] {processor.py:179} INFO - Processing /opt/airflow/dags/hello_dag.py took 0.113 seconds
[2025-12-24T16:56:51.372+0000] {processor.py:157} INFO - Started process (PID=780) to work on /opt/airflow/dags/hello_dag.py
[2025-12-24T16:56:51.374+0000] {processor.py:829} INFO - Processing file /opt/airflow/dags/hello_dag.py for tasks to queue
[2025-12-24T16:56:51.376+0000] {logging_mixin.py:154} INFO - [2025-12-24T16:56:51.375+0000] {dagbag.py:536} INFO - Filling up the DagBag from /opt/airflow/dags/hello_dag.py
[2025-12-24T16:56:51.405+0000] {processor.py:839} INFO - DAG(s) dict_keys(['hello_world_dag_1min']) retrieved from /opt/airflow/dags/hello_dag.py
[2025-12-24T16:56:51.433+0000] {logging_mixin.py:154} INFO - [2025-12-24T16:56:51.433+0000] {dag.py:2941} INFO - Sync 1 DAGs
[2025-12-24T16:56:51.456+0000] {logging_mixin.py:154} INFO - [2025-12-24T16:56:51.456+0000] {dag.py:3722} INFO - Setting next_dagrun for hello_world_dag_1min to 2025-12-24T16:55:51.456485+00:00, run_after=2025-12-24T16:56:51.456485+00:00
[2025-12-24T16:56:51.480+0000] {processor.py:179} INFO - Processing /opt/airflow/dags/hello_dag.py took 0.112 seconds
[2025-12-24T16:57:21.755+0000] {processor.py:157} INFO - Started process (PID=791) to work on /opt/airflow/dags/hello_dag.py
[2025-12-24T16:57:21.756+0000] {processor.py:829} INFO - Processing file /opt/airflow/dags/hello_dag.py for tasks to queue
[2025-12-24T16:57:21.757+0000] {logging_mixin.py:154} INFO - [2025-12-24T16:57:21.757+0000] {dagbag.py:536} INFO - Filling up the DagBag from /opt/airflow/dags/hello_dag.py
[2025-12-24T16:57:21.775+0000] {processor.py:839} INFO - DAG(s) dict_keys(['hello_world_dag_1min']) retrieved from /opt/airflow/dags/hello_dag.py
[2025-12-24T16:57:21.799+0000] {logging_mixin.py:154} INFO - [2025-12-24T16:57:21.798+0000] {dag.py:2941} INFO - Sync 1 DAGs
[2025-12-24T16:57:21.820+0000] {logging_mixin.py:154} INFO - [2025-12-24T16:57:21.820+0000] {dag.py:3722} INFO - Setting next_dagrun for hello_world_dag_1min to 2025-12-24T16:56:21.819879+00:00, run_after=2025-12-24T16:57:21.819879+00:00
[2025-12-24T16:57:21.843+0000] {processor.py:179} INFO - Processing /opt/airflow/dags/hello_dag.py took 0.092 seconds
[2025-12-24T16:58:01.953+0000] {processor.py:157} INFO - Started process (PID=170) to work on /opt/airflow/dags/hello_dag.py
[2025-12-24T16:58:01.954+0000] {processor.py:829} INFO - Processing file /opt/airflow/dags/hello_dag.py for tasks to queue
[2025-12-24T16:58:01.955+0000] {logging_mixin.py:154} INFO - [2025-12-24T16:58:01.955+0000] {dagbag.py:536} INFO - Filling up the DagBag from /opt/airflow/dags/hello_dag.py
[2025-12-24T16:58:02.001+0000] {processor.py:839} INFO - DAG(s) dict_keys(['hello_world_dag_1min']) retrieved from /opt/airflow/dags/hello_dag.py
[2025-12-24T16:58:02.073+0000] {logging_mixin.py:154} INFO - [2025-12-24T16:58:02.072+0000] {dag.py:2941} INFO - Sync 1 DAGs
[2025-12-24T16:58:02.099+0000] {logging_mixin.py:154} INFO - [2025-12-24T16:58:02.099+0000] {dag.py:3722} INFO - Setting next_dagrun for hello_world_dag_1min to 2025-12-24T16:57:02.098895+00:00, run_after=2025-12-24T16:58:02.098895+00:00
[2025-12-24T16:58:02.126+0000] {processor.py:179} INFO - Processing /opt/airflow/dags/hello_dag.py took 0.185 seconds
[2025-12-24T16:58:32.421+0000] {processor.py:157} INFO - Started process (PID=178) to work on /opt/airflow/dags/hello_dag.py
[2025-12-24T16:58:32.422+0000] {processor.py:829} INFO - Processing file /opt/airflow/dags/hello_dag.py for tasks to queue
[2025-12-24T16:58:32.423+0000] {logging_mixin.py:154} INFO - [2025-12-24T16:58:32.423+0000] {dagbag.py:536} INFO - Filling up the DagBag from /opt/airflow/dags/hello_dag.py
[2025-12-24T16:58:32.443+0000] {processor.py:839} INFO - DAG(s) dict_keys(['hello_world_dag_1min']) retrieved from /opt/airflow/dags/hello_dag.py
[2025-12-24T16:58:32.471+0000] {logging_mixin.py:154} INFO - [2025-12-24T16:58:32.471+0000] {dag.py:2941} INFO - Sync 1 DAGs
[2025-12-24T16:58:32.495+0000] {logging_mixin.py:154} INFO - [2025-12-24T16:58:32.495+0000] {dag.py:3722} INFO - Setting next_dagrun for hello_world_dag_1min to 2025-12-24T16:57:32.495147+00:00, run_after=2025-12-24T16:58:32.495147+00:00
[2025-12-24T16:58:32.519+0000] {processor.py:179} INFO - Processing /opt/airflow/dags/hello_dag.py took 0.101 seconds
[2025-12-24T16:59:02.849+0000] {processor.py:157} INFO - Started process (PID=192) to work on /opt/airflow/dags/hello_dag.py
[2025-12-24T16:59:02.850+0000] {processor.py:829} INFO - Processing file /opt/airflow/dags/hello_dag.py for tasks to queue
[2025-12-24T16:59:02.851+0000] {logging_mixin.py:154} INFO - [2025-12-24T16:59:02.851+0000] {dagbag.py:536} INFO - Filling up the DagBag from /opt/airflow/dags/hello_dag.py
[2025-12-24T16:59:02.874+0000] {processor.py:839} INFO - DAG(s) dict_keys(['hello_world_dag_1min']) retrieved from /opt/airflow/dags/hello_dag.py
[2025-12-24T16:59:02.900+0000] {logging_mixin.py:154} INFO - [2025-12-24T16:59:02.900+0000] {dag.py:2941} INFO - Sync 1 DAGs
[2025-12-24T16:59:02.921+0000] {logging_mixin.py:154} INFO - [2025-12-24T16:59:02.921+0000] {dag.py:3722} INFO - Setting next_dagrun for hello_world_dag_1min to 2025-12-24T16:58:02.921081+00:00, run_after=2025-12-24T16:59:02.921081+00:00
[2025-12-24T16:59:02.957+0000] {processor.py:179} INFO - Processing /opt/airflow/dags/hello_dag.py took 0.112 seconds
[2025-12-24T16:59:33.328+0000] {processor.py:157} INFO - Started process (PID=203) to work on /opt/airflow/dags/hello_dag.py
[2025-12-24T16:59:33.331+0000] {processor.py:829} INFO - Processing file /opt/airflow/dags/hello_dag.py for tasks to queue
[2025-12-24T16:59:33.333+0000] {logging_mixin.py:154} INFO - [2025-12-24T16:59:33.332+0000] {dagbag.py:536} INFO - Filling up the DagBag from /opt/airflow/dags/hello_dag.py
[2025-12-24T16:59:33.387+0000] {processor.py:839} INFO - DAG(s) dict_keys(['hello_world_dag_1min']) retrieved from /opt/airflow/dags/hello_dag.py
[2025-12-24T16:59:33.460+0000] {logging_mixin.py:154} INFO - [2025-12-24T16:59:33.459+0000] {dag.py:2941} INFO - Sync 1 DAGs
[2025-12-24T16:59:33.508+0000] {logging_mixin.py:154} INFO - [2025-12-24T16:59:33.508+0000] {dag.py:3722} INFO - Setting next_dagrun for hello_world_dag_1min to 2025-12-24T16:58:33.507550+00:00, run_after=2025-12-24T16:59:33.507550+00:00
[2025-12-24T16:59:33.556+0000] {processor.py:179} INFO - Processing /opt/airflow/dags/hello_dag.py took 0.237 seconds
[2025-12-24T17:00:04.010+0000] {processor.py:157} INFO - Started process (PID=214) to work on /opt/airflow/dags/hello_dag.py
[2025-12-24T17:00:04.012+0000] {processor.py:829} INFO - Processing file /opt/airflow/dags/hello_dag.py for tasks to queue
[2025-12-24T17:00:04.013+0000] {logging_mixin.py:154} INFO - [2025-12-24T17:00:04.012+0000] {dagbag.py:536} INFO - Filling up the DagBag from /opt/airflow/dags/hello_dag.py
[2025-12-24T17:00:04.042+0000] {processor.py:839} INFO - DAG(s) dict_keys(['hello_world_dag_1min']) retrieved from /opt/airflow/dags/hello_dag.py
[2025-12-24T17:00:04.068+0000] {logging_mixin.py:154} INFO - [2025-12-24T17:00:04.068+0000] {dag.py:2941} INFO - Sync 1 DAGs
[2025-12-24T17:00:04.093+0000] {logging_mixin.py:154} INFO - [2025-12-24T17:00:04.093+0000] {dag.py:3722} INFO - Setting next_dagrun for hello_world_dag_1min to 2025-12-24T16:59:04.092715+00:00, run_after=2025-12-24T17:00:04.092715+00:00
[2025-12-24T17:00:04.119+0000] {processor.py:179} INFO - Processing /opt/airflow/dags/hello_dag.py took 0.112 seconds
[2025-12-24T17:00:34.484+0000] {processor.py:157} INFO - Started process (PID=225) to work on /opt/airflow/dags/hello_dag.py
[2025-12-24T17:00:34.485+0000] {processor.py:829} INFO - Processing file /opt/airflow/dags/hello_dag.py for tasks to queue
[2025-12-24T17:00:34.486+0000] {logging_mixin.py:154} INFO - [2025-12-24T17:00:34.486+0000] {dagbag.py:536} INFO - Filling up the DagBag from /opt/airflow/dags/hello_dag.py
[2025-12-24T17:00:34.502+0000] {processor.py:839} INFO - DAG(s) dict_keys(['hello_world_dag_1min']) retrieved from /opt/airflow/dags/hello_dag.py
[2025-12-24T17:00:34.527+0000] {logging_mixin.py:154} INFO - [2025-12-24T17:00:34.527+0000] {dag.py:2941} INFO - Sync 1 DAGs
[2025-12-24T17:00:34.548+0000] {logging_mixin.py:154} INFO - [2025-12-24T17:00:34.548+0000] {dag.py:3722} INFO - Setting next_dagrun for hello_world_dag_1min to 2025-12-24T16:59:34.548159+00:00, run_after=2025-12-24T17:00:34.548159+00:00
[2025-12-24T17:00:34.572+0000] {processor.py:179} INFO - Processing /opt/airflow/dags/hello_dag.py took 0.091 seconds
[2025-12-24T17:01:04.896+0000] {processor.py:157} INFO - Started process (PID=236) to work on /opt/airflow/dags/hello_dag.py
[2025-12-24T17:01:04.898+0000] {processor.py:829} INFO - Processing file /opt/airflow/dags/hello_dag.py for tasks to queue
[2025-12-24T17:01:04.898+0000] {logging_mixin.py:154} INFO - [2025-12-24T17:01:04.898+0000] {dagbag.py:536} INFO - Filling up the DagBag from /opt/airflow/dags/hello_dag.py
[2025-12-24T17:01:04.917+0000] {processor.py:839} INFO - DAG(s) dict_keys(['hello_world_dag_1min']) retrieved from /opt/airflow/dags/hello_dag.py
[2025-12-24T17:01:04.943+0000] {logging_mixin.py:154} INFO - [2025-12-24T17:01:04.943+0000] {dag.py:2941} INFO - Sync 1 DAGs
[2025-12-24T17:01:04.966+0000] {logging_mixin.py:154} INFO - [2025-12-24T17:01:04.966+0000] {dag.py:3722} INFO - Setting next_dagrun for hello_world_dag_1min to 2025-12-24T17:00:04.966227+00:00, run_after=2025-12-24T17:01:04.966227+00:00
[2025-12-24T17:01:04.995+0000] {processor.py:179} INFO - Processing /opt/airflow/dags/hello_dag.py took 0.102 seconds
[2025-12-24T17:01:35.194+0000] {processor.py:157} INFO - Started process (PID=247) to work on /opt/airflow/dags/hello_dag.py
[2025-12-24T17:01:35.195+0000] {processor.py:829} INFO - Processing file /opt/airflow/dags/hello_dag.py for tasks to queue
[2025-12-24T17:01:35.196+0000] {logging_mixin.py:154} INFO - [2025-12-24T17:01:35.195+0000] {dagbag.py:536} INFO - Filling up the DagBag from /opt/airflow/dags/hello_dag.py
[2025-12-24T17:01:35.213+0000] {processor.py:839} INFO - DAG(s) dict_keys(['hello_world_dag_1min']) retrieved from /opt/airflow/dags/hello_dag.py
[2025-12-24T17:01:35.239+0000] {logging_mixin.py:154} INFO - [2025-12-24T17:01:35.238+0000] {dag.py:2941} INFO - Sync 1 DAGs
[2025-12-24T17:01:35.262+0000] {logging_mixin.py:154} INFO - [2025-12-24T17:01:35.262+0000] {dag.py:3722} INFO - Setting next_dagrun for hello_world_dag_1min to 2025-12-24T17:00:35.261930+00:00, run_after=2025-12-24T17:01:35.261930+00:00
[2025-12-24T17:01:35.286+0000] {processor.py:179} INFO - Processing /opt/airflow/dags/hello_dag.py took 0.095 seconds
[2025-12-24T17:02:05.620+0000] {processor.py:157} INFO - Started process (PID=258) to work on /opt/airflow/dags/hello_dag.py
[2025-12-24T17:02:05.622+0000] {processor.py:829} INFO - Processing file /opt/airflow/dags/hello_dag.py for tasks to queue
[2025-12-24T17:02:05.623+0000] {logging_mixin.py:154} INFO - [2025-12-24T17:02:05.623+0000] {dagbag.py:536} INFO - Filling up the DagBag from /opt/airflow/dags/hello_dag.py
[2025-12-24T17:02:05.670+0000] {processor.py:839} INFO - DAG(s) dict_keys(['hello_world_dag_1min']) retrieved from /opt/airflow/dags/hello_dag.py
[2025-12-24T17:02:05.721+0000] {logging_mixin.py:154} INFO - [2025-12-24T17:02:05.720+0000] {dag.py:2941} INFO - Sync 1 DAGs
[2025-12-24T17:02:05.759+0000] {logging_mixin.py:154} INFO - [2025-12-24T17:02:05.759+0000] {dag.py:3722} INFO - Setting next_dagrun for hello_world_dag_1min to 2025-12-24T17:01:05.758751+00:00, run_after=2025-12-24T17:02:05.758751+00:00
[2025-12-24T17:02:05.796+0000] {processor.py:179} INFO - Processing /opt/airflow/dags/hello_dag.py took 0.182 seconds
[2025-12-24T17:02:36.015+0000] {processor.py:157} INFO - Started process (PID=269) to work on /opt/airflow/dags/hello_dag.py
[2025-12-24T17:02:36.017+0000] {processor.py:829} INFO - Processing file /opt/airflow/dags/hello_dag.py for tasks to queue
[2025-12-24T17:02:36.019+0000] {logging_mixin.py:154} INFO - [2025-12-24T17:02:36.018+0000] {dagbag.py:536} INFO - Filling up the DagBag from /opt/airflow/dags/hello_dag.py
[2025-12-24T17:02:36.062+0000] {processor.py:839} INFO - DAG(s) dict_keys(['hello_world_dag_1min']) retrieved from /opt/airflow/dags/hello_dag.py
[2025-12-24T17:02:36.100+0000] {logging_mixin.py:154} INFO - [2025-12-24T17:02:36.100+0000] {dag.py:2941} INFO - Sync 1 DAGs
[2025-12-24T17:02:36.135+0000] {logging_mixin.py:154} INFO - [2025-12-24T17:02:36.135+0000] {dag.py:3722} INFO - Setting next_dagrun for hello_world_dag_1min to 2025-12-24T17:01:36.135163+00:00, run_after=2025-12-24T17:02:36.135163+00:00
[2025-12-24T17:02:36.170+0000] {processor.py:179} INFO - Processing /opt/airflow/dags/hello_dag.py took 0.163 seconds
[2025-12-24T17:03:06.525+0000] {processor.py:157} INFO - Started process (PID=280) to work on /opt/airflow/dags/hello_dag.py
[2025-12-24T17:03:06.527+0000] {processor.py:829} INFO - Processing file /opt/airflow/dags/hello_dag.py for tasks to queue
[2025-12-24T17:03:06.528+0000] {logging_mixin.py:154} INFO - [2025-12-24T17:03:06.528+0000] {dagbag.py:536} INFO - Filling up the DagBag from /opt/airflow/dags/hello_dag.py
[2025-12-24T17:03:06.561+0000] {processor.py:839} INFO - DAG(s) dict_keys(['hello_world_dag_1min']) retrieved from /opt/airflow/dags/hello_dag.py
[2025-12-24T17:03:06.599+0000] {logging_mixin.py:154} INFO - [2025-12-24T17:03:06.599+0000] {dag.py:2941} INFO - Sync 1 DAGs
[2025-12-24T17:03:06.628+0000] {logging_mixin.py:154} INFO - [2025-12-24T17:03:06.628+0000] {dag.py:3722} INFO - Setting next_dagrun for hello_world_dag_1min to 2025-12-24T17:02:06.627759+00:00, run_after=2025-12-24T17:03:06.627759+00:00
[2025-12-24T17:03:06.655+0000] {processor.py:179} INFO - Processing /opt/airflow/dags/hello_dag.py took 0.135 seconds
[2025-12-24T17:03:36.971+0000] {processor.py:157} INFO - Started process (PID=291) to work on /opt/airflow/dags/hello_dag.py
[2025-12-24T17:03:36.972+0000] {processor.py:829} INFO - Processing file /opt/airflow/dags/hello_dag.py for tasks to queue
[2025-12-24T17:03:36.973+0000] {logging_mixin.py:154} INFO - [2025-12-24T17:03:36.973+0000] {dagbag.py:536} INFO - Filling up the DagBag from /opt/airflow/dags/hello_dag.py
[2025-12-24T17:03:36.991+0000] {processor.py:839} INFO - DAG(s) dict_keys(['hello_world_dag_1min']) retrieved from /opt/airflow/dags/hello_dag.py
[2025-12-24T17:03:37.016+0000] {logging_mixin.py:154} INFO - [2025-12-24T17:03:37.016+0000] {dag.py:2941} INFO - Sync 1 DAGs
[2025-12-24T17:03:37.037+0000] {logging_mixin.py:154} INFO - [2025-12-24T17:03:37.037+0000] {dag.py:3722} INFO - Setting next_dagrun for hello_world_dag_1min to 2025-12-24T17:02:37.037408+00:00, run_after=2025-12-24T17:03:37.037408+00:00
[2025-12-24T17:03:37.063+0000] {processor.py:179} INFO - Processing /opt/airflow/dags/hello_dag.py took 0.095 seconds
[2025-12-24T17:04:07.369+0000] {processor.py:157} INFO - Started process (PID=302) to work on /opt/airflow/dags/hello_dag.py
[2025-12-24T17:04:07.370+0000] {processor.py:829} INFO - Processing file /opt/airflow/dags/hello_dag.py for tasks to queue
[2025-12-24T17:04:07.371+0000] {logging_mixin.py:154} INFO - [2025-12-24T17:04:07.371+0000] {dagbag.py:536} INFO - Filling up the DagBag from /opt/airflow/dags/hello_dag.py
[2025-12-24T17:04:07.397+0000] {processor.py:839} INFO - DAG(s) dict_keys(['hello_world_dag_1min']) retrieved from /opt/airflow/dags/hello_dag.py
[2025-12-24T17:04:07.425+0000] {logging_mixin.py:154} INFO - [2025-12-24T17:04:07.425+0000] {dag.py:2941} INFO - Sync 1 DAGs
[2025-12-24T17:04:07.456+0000] {logging_mixin.py:154} INFO - [2025-12-24T17:04:07.455+0000] {dag.py:3722} INFO - Setting next_dagrun for hello_world_dag_1min to 2025-12-24T17:03:07.455575+00:00, run_after=2025-12-24T17:04:07.455575+00:00
[2025-12-24T17:04:07.483+0000] {processor.py:179} INFO - Processing /opt/airflow/dags/hello_dag.py took 0.118 seconds
[2025-12-24T17:04:37.792+0000] {processor.py:157} INFO - Started process (PID=313) to work on /opt/airflow/dags/hello_dag.py
[2025-12-24T17:04:37.793+0000] {processor.py:829} INFO - Processing file /opt/airflow/dags/hello_dag.py for tasks to queue
[2025-12-24T17:04:37.794+0000] {logging_mixin.py:154} INFO - [2025-12-24T17:04:37.793+0000] {dagbag.py:536} INFO - Filling up the DagBag from /opt/airflow/dags/hello_dag.py
[2025-12-24T17:04:37.811+0000] {processor.py:839} INFO - DAG(s) dict_keys(['hello_world_dag_1min']) retrieved from /opt/airflow/dags/hello_dag.py
[2025-12-24T17:04:37.834+0000] {logging_mixin.py:154} INFO - [2025-12-24T17:04:37.834+0000] {dag.py:2941} INFO - Sync 1 DAGs
[2025-12-24T17:04:37.855+0000] {logging_mixin.py:154} INFO - [2025-12-24T17:04:37.855+0000] {dag.py:3722} INFO - Setting next_dagrun for hello_world_dag_1min to 2025-12-24T17:03:37.854859+00:00, run_after=2025-12-24T17:04:37.854859+00:00
[2025-12-24T17:04:37.878+0000] {processor.py:179} INFO - Processing /opt/airflow/dags/hello_dag.py took 0.090 seconds
[2025-12-24T17:05:08.258+0000] {processor.py:157} INFO - Started process (PID=324) to work on /opt/airflow/dags/hello_dag.py
[2025-12-24T17:05:08.259+0000] {processor.py:829} INFO - Processing file /opt/airflow/dags/hello_dag.py for tasks to queue
[2025-12-24T17:05:08.260+0000] {logging_mixin.py:154} INFO - [2025-12-24T17:05:08.260+0000] {dagbag.py:536} INFO - Filling up the DagBag from /opt/airflow/dags/hello_dag.py
[2025-12-24T17:05:08.277+0000] {processor.py:839} INFO - DAG(s) dict_keys(['hello_world_dag_1min']) retrieved from /opt/airflow/dags/hello_dag.py
[2025-12-24T17:05:08.302+0000] {logging_mixin.py:154} INFO - [2025-12-24T17:05:08.302+0000] {dag.py:2941} INFO - Sync 1 DAGs
[2025-12-24T17:05:08.322+0000] {logging_mixin.py:154} INFO - [2025-12-24T17:05:08.322+0000] {dag.py:3722} INFO - Setting next_dagrun for hello_world_dag_1min to 2025-12-24T17:04:08.321830+00:00, run_after=2025-12-24T17:05:08.321830+00:00
[2025-12-24T17:05:08.346+0000] {processor.py:179} INFO - Processing /opt/airflow/dags/hello_dag.py took 0.091 seconds
[2025-12-24T17:05:38.726+0000] {processor.py:157} INFO - Started process (PID=335) to work on /opt/airflow/dags/hello_dag.py
[2025-12-24T17:05:38.727+0000] {processor.py:829} INFO - Processing file /opt/airflow/dags/hello_dag.py for tasks to queue
[2025-12-24T17:05:38.728+0000] {logging_mixin.py:154} INFO - [2025-12-24T17:05:38.728+0000] {dagbag.py:536} INFO - Filling up the DagBag from /opt/airflow/dags/hello_dag.py
[2025-12-24T17:05:38.746+0000] {processor.py:839} INFO - DAG(s) dict_keys(['hello_world_dag_1min']) retrieved from /opt/airflow/dags/hello_dag.py
[2025-12-24T17:05:38.770+0000] {logging_mixin.py:154} INFO - [2025-12-24T17:05:38.770+0000] {dag.py:2941} INFO - Sync 1 DAGs
[2025-12-24T17:05:38.789+0000] {logging_mixin.py:154} INFO - [2025-12-24T17:05:38.789+0000] {dag.py:3722} INFO - Setting next_dagrun for hello_world_dag_1min to 2025-12-24T17:04:38.789327+00:00, run_after=2025-12-24T17:05:38.789327+00:00
[2025-12-24T17:05:38.812+0000] {processor.py:179} INFO - Processing /opt/airflow/dags/hello_dag.py took 0.089 seconds
[2025-12-24T17:06:09.182+0000] {processor.py:157} INFO - Started process (PID=346) to work on /opt/airflow/dags/hello_dag.py
[2025-12-24T17:06:09.183+0000] {processor.py:829} INFO - Processing file /opt/airflow/dags/hello_dag.py for tasks to queue
[2025-12-24T17:06:09.184+0000] {logging_mixin.py:154} INFO - [2025-12-24T17:06:09.184+0000] {dagbag.py:536} INFO - Filling up the DagBag from /opt/airflow/dags/hello_dag.py
[2025-12-24T17:06:09.201+0000] {processor.py:839} INFO - DAG(s) dict_keys(['hello_world_dag_1min']) retrieved from /opt/airflow/dags/hello_dag.py
[2025-12-24T17:06:09.224+0000] {logging_mixin.py:154} INFO - [2025-12-24T17:06:09.223+0000] {dag.py:2941} INFO - Sync 1 DAGs
[2025-12-24T17:06:09.244+0000] {logging_mixin.py:154} INFO - [2025-12-24T17:06:09.244+0000] {dag.py:3722} INFO - Setting next_dagrun for hello_world_dag_1min to 2025-12-24T17:05:09.243980+00:00, run_after=2025-12-24T17:06:09.243980+00:00
[2025-12-24T17:06:09.274+0000] {processor.py:179} INFO - Processing /opt/airflow/dags/hello_dag.py took 0.096 seconds
[2025-12-24T17:06:39.568+0000] {processor.py:157} INFO - Started process (PID=357) to work on /opt/airflow/dags/hello_dag.py
[2025-12-24T17:06:39.569+0000] {processor.py:829} INFO - Processing file /opt/airflow/dags/hello_dag.py for tasks to queue
[2025-12-24T17:06:39.570+0000] {logging_mixin.py:154} INFO - [2025-12-24T17:06:39.569+0000] {dagbag.py:536} INFO - Filling up the DagBag from /opt/airflow/dags/hello_dag.py
[2025-12-24T17:06:39.586+0000] {processor.py:839} INFO - DAG(s) dict_keys(['hello_world_dag_1min']) retrieved from /opt/airflow/dags/hello_dag.py
[2025-12-24T17:06:39.611+0000] {logging_mixin.py:154} INFO - [2025-12-24T17:06:39.611+0000] {dag.py:2941} INFO - Sync 1 DAGs
[2025-12-24T17:06:39.631+0000] {logging_mixin.py:154} INFO - [2025-12-24T17:06:39.631+0000] {dag.py:3722} INFO - Setting next_dagrun for hello_world_dag_1min to 2025-12-24T17:05:39.631427+00:00, run_after=2025-12-24T17:06:39.631427+00:00
[2025-12-24T17:06:39.655+0000] {processor.py:179} INFO - Processing /opt/airflow/dags/hello_dag.py took 0.091 seconds
[2025-12-24T17:07:10.048+0000] {processor.py:157} INFO - Started process (PID=368) to work on /opt/airflow/dags/hello_dag.py
[2025-12-24T17:07:10.049+0000] {processor.py:829} INFO - Processing file /opt/airflow/dags/hello_dag.py for tasks to queue
[2025-12-24T17:07:10.050+0000] {logging_mixin.py:154} INFO - [2025-12-24T17:07:10.050+0000] {dagbag.py:536} INFO - Filling up the DagBag from /opt/airflow/dags/hello_dag.py
[2025-12-24T17:07:10.069+0000] {processor.py:839} INFO - DAG(s) dict_keys(['hello_world_dag_1min']) retrieved from /opt/airflow/dags/hello_dag.py
[2025-12-24T17:07:10.094+0000] {logging_mixin.py:154} INFO - [2025-12-24T17:07:10.093+0000] {dag.py:2941} INFO - Sync 1 DAGs
[2025-12-24T17:07:10.114+0000] {logging_mixin.py:154} INFO - [2025-12-24T17:07:10.114+0000] {dag.py:3722} INFO - Setting next_dagrun for hello_world_dag_1min to 2025-12-24T17:06:10.114097+00:00, run_after=2025-12-24T17:07:10.114097+00:00
[2025-12-24T17:07:10.136+0000] {processor.py:179} INFO - Processing /opt/airflow/dags/hello_dag.py took 0.092 seconds
[2025-12-24T17:07:40.451+0000] {processor.py:157} INFO - Started process (PID=379) to work on /opt/airflow/dags/hello_dag.py
[2025-12-24T17:07:40.452+0000] {processor.py:829} INFO - Processing file /opt/airflow/dags/hello_dag.py for tasks to queue
[2025-12-24T17:07:40.453+0000] {logging_mixin.py:154} INFO - [2025-12-24T17:07:40.453+0000] {dagbag.py:536} INFO - Filling up the DagBag from /opt/airflow/dags/hello_dag.py
[2025-12-24T17:07:40.472+0000] {processor.py:839} INFO - DAG(s) dict_keys(['hello_world_dag_1min']) retrieved from /opt/airflow/dags/hello_dag.py
[2025-12-24T17:07:40.500+0000] {logging_mixin.py:154} INFO - [2025-12-24T17:07:40.499+0000] {dag.py:2941} INFO - Sync 1 DAGs
[2025-12-24T17:07:40.521+0000] {logging_mixin.py:154} INFO - [2025-12-24T17:07:40.521+0000] {dag.py:3722} INFO - Setting next_dagrun for hello_world_dag_1min to 2025-12-24T17:06:40.521034+00:00, run_after=2025-12-24T17:07:40.521034+00:00
[2025-12-24T17:07:40.544+0000] {processor.py:179} INFO - Processing /opt/airflow/dags/hello_dag.py took 0.097 seconds
[2025-12-24T17:08:10.838+0000] {processor.py:157} INFO - Started process (PID=390) to work on /opt/airflow/dags/hello_dag.py
[2025-12-24T17:08:10.839+0000] {processor.py:829} INFO - Processing file /opt/airflow/dags/hello_dag.py for tasks to queue
[2025-12-24T17:08:10.840+0000] {logging_mixin.py:154} INFO - [2025-12-24T17:08:10.840+0000] {dagbag.py:536} INFO - Filling up the DagBag from /opt/airflow/dags/hello_dag.py
[2025-12-24T17:08:10.858+0000] {processor.py:839} INFO - DAG(s) dict_keys(['hello_world_dag_1min']) retrieved from /opt/airflow/dags/hello_dag.py
[2025-12-24T17:08:10.889+0000] {logging_mixin.py:154} INFO - [2025-12-24T17:08:10.889+0000] {dag.py:2941} INFO - Sync 1 DAGs
[2025-12-24T17:08:10.910+0000] {logging_mixin.py:154} INFO - [2025-12-24T17:08:10.910+0000] {dag.py:3722} INFO - Setting next_dagrun for hello_world_dag_1min to 2025-12-24T17:07:10.910020+00:00, run_after=2025-12-24T17:08:10.910020+00:00
[2025-12-24T17:08:10.932+0000] {processor.py:179} INFO - Processing /opt/airflow/dags/hello_dag.py took 0.098 seconds
[2025-12-24T17:08:41.264+0000] {processor.py:157} INFO - Started process (PID=401) to work on /opt/airflow/dags/hello_dag.py
[2025-12-24T17:08:41.266+0000] {processor.py:829} INFO - Processing file /opt/airflow/dags/hello_dag.py for tasks to queue
[2025-12-24T17:08:41.269+0000] {logging_mixin.py:154} INFO - [2025-12-24T17:08:41.269+0000] {dagbag.py:536} INFO - Filling up the DagBag from /opt/airflow/dags/hello_dag.py
[2025-12-24T17:08:41.298+0000] {processor.py:839} INFO - DAG(s) dict_keys(['hello_world_dag_1min']) retrieved from /opt/airflow/dags/hello_dag.py
[2025-12-24T17:08:41.343+0000] {logging_mixin.py:154} INFO - [2025-12-24T17:08:41.342+0000] {dag.py:2941} INFO - Sync 1 DAGs
[2025-12-24T17:08:41.387+0000] {logging_mixin.py:154} INFO - [2025-12-24T17:08:41.387+0000] {dag.py:3722} INFO - Setting next_dagrun for hello_world_dag_1min to 2025-12-24T17:07:41.386821+00:00, run_after=2025-12-24T17:08:41.386821+00:00
[2025-12-24T17:08:41.420+0000] {processor.py:179} INFO - Processing /opt/airflow/dags/hello_dag.py took 0.160 seconds
[2025-12-24T17:09:11.761+0000] {processor.py:157} INFO - Started process (PID=412) to work on /opt/airflow/dags/hello_dag.py
[2025-12-24T17:09:11.762+0000] {processor.py:829} INFO - Processing file /opt/airflow/dags/hello_dag.py for tasks to queue
[2025-12-24T17:09:11.763+0000] {logging_mixin.py:154} INFO - [2025-12-24T17:09:11.763+0000] {dagbag.py:536} INFO - Filling up the DagBag from /opt/airflow/dags/hello_dag.py
[2025-12-24T17:09:11.778+0000] {processor.py:839} INFO - DAG(s) dict_keys(['hello_world_dag_1min']) retrieved from /opt/airflow/dags/hello_dag.py
[2025-12-24T17:09:11.803+0000] {logging_mixin.py:154} INFO - [2025-12-24T17:09:11.803+0000] {dag.py:2941} INFO - Sync 1 DAGs
[2025-12-24T17:09:11.822+0000] {logging_mixin.py:154} INFO - [2025-12-24T17:09:11.822+0000] {dag.py:3722} INFO - Setting next_dagrun for hello_world_dag_1min to 2025-12-24T17:08:11.822334+00:00, run_after=2025-12-24T17:09:11.822334+00:00
[2025-12-24T17:09:11.847+0000] {processor.py:179} INFO - Processing /opt/airflow/dags/hello_dag.py took 0.090 seconds
[2025-12-24T17:09:42.131+0000] {processor.py:157} INFO - Started process (PID=423) to work on /opt/airflow/dags/hello_dag.py
[2025-12-24T17:09:42.132+0000] {processor.py:829} INFO - Processing file /opt/airflow/dags/hello_dag.py for tasks to queue
[2025-12-24T17:09:42.134+0000] {logging_mixin.py:154} INFO - [2025-12-24T17:09:42.134+0000] {dagbag.py:536} INFO - Filling up the DagBag from /opt/airflow/dags/hello_dag.py
[2025-12-24T17:09:42.159+0000] {processor.py:839} INFO - DAG(s) dict_keys(['hello_world_dag_1min']) retrieved from /opt/airflow/dags/hello_dag.py
[2025-12-24T17:09:42.194+0000] {logging_mixin.py:154} INFO - [2025-12-24T17:09:42.193+0000] {dag.py:2941} INFO - Sync 1 DAGs
[2025-12-24T17:09:42.228+0000] {logging_mixin.py:154} INFO - [2025-12-24T17:09:42.227+0000] {dag.py:3722} INFO - Setting next_dagrun for hello_world_dag_1min to 2025-12-24T17:08:42.227304+00:00, run_after=2025-12-24T17:09:42.227304+00:00
[2025-12-24T17:09:42.256+0000] {processor.py:179} INFO - Processing /opt/airflow/dags/hello_dag.py took 0.129 seconds
[2025-12-24T17:10:12.564+0000] {processor.py:157} INFO - Started process (PID=434) to work on /opt/airflow/dags/hello_dag.py
[2025-12-24T17:10:12.565+0000] {processor.py:829} INFO - Processing file /opt/airflow/dags/hello_dag.py for tasks to queue
[2025-12-24T17:10:12.566+0000] {logging_mixin.py:154} INFO - [2025-12-24T17:10:12.566+0000] {dagbag.py:536} INFO - Filling up the DagBag from /opt/airflow/dags/hello_dag.py
[2025-12-24T17:10:12.587+0000] {processor.py:839} INFO - DAG(s) dict_keys(['hello_world_dag_1min']) retrieved from /opt/airflow/dags/hello_dag.py
[2025-12-24T17:10:12.613+0000] {logging_mixin.py:154} INFO - [2025-12-24T17:10:12.613+0000] {dag.py:2941} INFO - Sync 1 DAGs
[2025-12-24T17:10:12.633+0000] {logging_mixin.py:154} INFO - [2025-12-24T17:10:12.633+0000] {dag.py:3722} INFO - Setting next_dagrun for hello_world_dag_1min to 2025-12-24T17:09:12.632998+00:00, run_after=2025-12-24T17:10:12.632998+00:00
[2025-12-24T17:10:12.658+0000] {processor.py:179} INFO - Processing /opt/airflow/dags/hello_dag.py took 0.097 seconds
[2025-12-24T17:10:42.946+0000] {processor.py:157} INFO - Started process (PID=445) to work on /opt/airflow/dags/hello_dag.py
[2025-12-24T17:10:42.947+0000] {processor.py:829} INFO - Processing file /opt/airflow/dags/hello_dag.py for tasks to queue
[2025-12-24T17:10:42.948+0000] {logging_mixin.py:154} INFO - [2025-12-24T17:10:42.948+0000] {dagbag.py:536} INFO - Filling up the DagBag from /opt/airflow/dags/hello_dag.py
[2025-12-24T17:10:42.967+0000] {processor.py:839} INFO - DAG(s) dict_keys(['hello_world_dag_1min']) retrieved from /opt/airflow/dags/hello_dag.py
[2025-12-24T17:10:43.007+0000] {logging_mixin.py:154} INFO - [2025-12-24T17:10:43.007+0000] {dag.py:2941} INFO - Sync 1 DAGs
[2025-12-24T17:10:43.030+0000] {logging_mixin.py:154} INFO - [2025-12-24T17:10:43.030+0000] {dag.py:3722} INFO - Setting next_dagrun for hello_world_dag_1min to 2025-12-24T17:09:43.029838+00:00, run_after=2025-12-24T17:10:43.029838+00:00
[2025-12-24T17:10:43.060+0000] {processor.py:179} INFO - Processing /opt/airflow/dags/hello_dag.py took 0.118 seconds
[2025-12-24T17:11:13.375+0000] {processor.py:157} INFO - Started process (PID=456) to work on /opt/airflow/dags/hello_dag.py
[2025-12-24T17:11:13.377+0000] {processor.py:829} INFO - Processing file /opt/airflow/dags/hello_dag.py for tasks to queue
[2025-12-24T17:11:13.378+0000] {logging_mixin.py:154} INFO - [2025-12-24T17:11:13.378+0000] {dagbag.py:536} INFO - Filling up the DagBag from /opt/airflow/dags/hello_dag.py
[2025-12-24T17:11:13.413+0000] {processor.py:839} INFO - DAG(s) dict_keys(['hello_world_dag_1min']) retrieved from /opt/airflow/dags/hello_dag.py
[2025-12-24T17:11:13.458+0000] {logging_mixin.py:154} INFO - [2025-12-24T17:11:13.457+0000] {dag.py:2941} INFO - Sync 1 DAGs
[2025-12-24T17:11:13.492+0000] {logging_mixin.py:154} INFO - [2025-12-24T17:11:13.492+0000] {dag.py:3722} INFO - Setting next_dagrun for hello_world_dag_1min to 2025-12-24T17:10:13.492281+00:00, run_after=2025-12-24T17:11:13.492281+00:00
[2025-12-24T17:11:13.530+0000] {processor.py:179} INFO - Processing /opt/airflow/dags/hello_dag.py took 0.159 seconds
[2025-12-24T17:11:43.893+0000] {processor.py:157} INFO - Started process (PID=467) to work on /opt/airflow/dags/hello_dag.py
[2025-12-24T17:11:43.894+0000] {processor.py:829} INFO - Processing file /opt/airflow/dags/hello_dag.py for tasks to queue
[2025-12-24T17:11:43.895+0000] {logging_mixin.py:154} INFO - [2025-12-24T17:11:43.895+0000] {dagbag.py:536} INFO - Filling up the DagBag from /opt/airflow/dags/hello_dag.py
[2025-12-24T17:11:43.913+0000] {processor.py:839} INFO - DAG(s) dict_keys(['hello_world_dag_1min']) retrieved from /opt/airflow/dags/hello_dag.py
[2025-12-24T17:11:43.937+0000] {logging_mixin.py:154} INFO - [2025-12-24T17:11:43.936+0000] {dag.py:2941} INFO - Sync 1 DAGs
[2025-12-24T17:11:43.956+0000] {logging_mixin.py:154} INFO - [2025-12-24T17:11:43.956+0000] {dag.py:3722} INFO - Setting next_dagrun for hello_world_dag_1min to 2025-12-24T17:10:43.955934+00:00, run_after=2025-12-24T17:11:43.955934+00:00
[2025-12-24T17:11:43.988+0000] {processor.py:179} INFO - Processing /opt/airflow/dags/hello_dag.py took 0.099 seconds
[2025-12-24T17:12:14.293+0000] {processor.py:157} INFO - Started process (PID=478) to work on /opt/airflow/dags/hello_dag.py
[2025-12-24T17:12:14.294+0000] {processor.py:829} INFO - Processing file /opt/airflow/dags/hello_dag.py for tasks to queue
[2025-12-24T17:12:14.295+0000] {logging_mixin.py:154} INFO - [2025-12-24T17:12:14.295+0000] {dagbag.py:536} INFO - Filling up the DagBag from /opt/airflow/dags/hello_dag.py
[2025-12-24T17:12:14.315+0000] {processor.py:839} INFO - DAG(s) dict_keys(['hello_world_dag_1min']) retrieved from /opt/airflow/dags/hello_dag.py
[2025-12-24T17:12:14.340+0000] {logging_mixin.py:154} INFO - [2025-12-24T17:12:14.339+0000] {dag.py:2941} INFO - Sync 1 DAGs
[2025-12-24T17:12:14.363+0000] {logging_mixin.py:154} INFO - [2025-12-24T17:12:14.363+0000] {dag.py:3722} INFO - Setting next_dagrun for hello_world_dag_1min to 2025-12-24T17:11:14.362910+00:00, run_after=2025-12-24T17:12:14.362910+00:00
[2025-12-24T17:12:14.389+0000] {processor.py:179} INFO - Processing /opt/airflow/dags/hello_dag.py took 0.100 seconds
[2025-12-24T17:12:44.696+0000] {processor.py:157} INFO - Started process (PID=489) to work on /opt/airflow/dags/hello_dag.py
[2025-12-24T17:12:44.697+0000] {processor.py:829} INFO - Processing file /opt/airflow/dags/hello_dag.py for tasks to queue
[2025-12-24T17:12:44.698+0000] {logging_mixin.py:154} INFO - [2025-12-24T17:12:44.698+0000] {dagbag.py:536} INFO - Filling up the DagBag from /opt/airflow/dags/hello_dag.py
[2025-12-24T17:12:44.725+0000] {processor.py:839} INFO - DAG(s) dict_keys(['hello_world_dag_1min']) retrieved from /opt/airflow/dags/hello_dag.py
[2025-12-24T17:12:44.752+0000] {logging_mixin.py:154} INFO - [2025-12-24T17:12:44.752+0000] {dag.py:2941} INFO - Sync 1 DAGs
[2025-12-24T17:12:44.775+0000] {logging_mixin.py:154} INFO - [2025-12-24T17:12:44.775+0000] {dag.py:3722} INFO - Setting next_dagrun for hello_world_dag_1min to 2025-12-24T17:11:44.775151+00:00, run_after=2025-12-24T17:12:44.775151+00:00
[2025-12-24T17:12:44.800+0000] {processor.py:179} INFO - Processing /opt/airflow/dags/hello_dag.py took 0.108 seconds
[2025-12-24T17:13:15.149+0000] {processor.py:157} INFO - Started process (PID=500) to work on /opt/airflow/dags/hello_dag.py
[2025-12-24T17:13:15.150+0000] {processor.py:829} INFO - Processing file /opt/airflow/dags/hello_dag.py for tasks to queue
[2025-12-24T17:13:15.151+0000] {logging_mixin.py:154} INFO - [2025-12-24T17:13:15.151+0000] {dagbag.py:536} INFO - Filling up the DagBag from /opt/airflow/dags/hello_dag.py
[2025-12-24T17:13:15.171+0000] {processor.py:839} INFO - DAG(s) dict_keys(['hello_world_dag_1min']) retrieved from /opt/airflow/dags/hello_dag.py
[2025-12-24T17:13:15.200+0000] {logging_mixin.py:154} INFO - [2025-12-24T17:13:15.199+0000] {dag.py:2941} INFO - Sync 1 DAGs
[2025-12-24T17:13:15.221+0000] {logging_mixin.py:154} INFO - [2025-12-24T17:13:15.221+0000] {dag.py:3722} INFO - Setting next_dagrun for hello_world_dag_1min to 2025-12-24T17:12:15.221181+00:00, run_after=2025-12-24T17:13:15.221181+00:00
[2025-12-24T17:13:15.245+0000] {processor.py:179} INFO - Processing /opt/airflow/dags/hello_dag.py took 0.099 seconds
[2025-12-24T17:13:45.531+0000] {processor.py:157} INFO - Started process (PID=511) to work on /opt/airflow/dags/hello_dag.py
[2025-12-24T17:13:45.532+0000] {processor.py:829} INFO - Processing file /opt/airflow/dags/hello_dag.py for tasks to queue
[2025-12-24T17:13:45.533+0000] {logging_mixin.py:154} INFO - [2025-12-24T17:13:45.533+0000] {dagbag.py:536} INFO - Filling up the DagBag from /opt/airflow/dags/hello_dag.py
[2025-12-24T17:13:45.550+0000] {processor.py:839} INFO - DAG(s) dict_keys(['hello_world_dag_1min']) retrieved from /opt/airflow/dags/hello_dag.py
[2025-12-24T17:13:45.574+0000] {logging_mixin.py:154} INFO - [2025-12-24T17:13:45.574+0000] {dag.py:2941} INFO - Sync 1 DAGs
[2025-12-24T17:13:45.594+0000] {logging_mixin.py:154} INFO - [2025-12-24T17:13:45.593+0000] {dag.py:3722} INFO - Setting next_dagrun for hello_world_dag_1min to 2025-12-24T17:12:45.593726+00:00, run_after=2025-12-24T17:13:45.593726+00:00
[2025-12-24T17:13:45.616+0000] {processor.py:179} INFO - Processing /opt/airflow/dags/hello_dag.py took 0.088 seconds
[2025-12-24T17:14:15.907+0000] {processor.py:157} INFO - Started process (PID=522) to work on /opt/airflow/dags/hello_dag.py
[2025-12-24T17:14:15.908+0000] {processor.py:829} INFO - Processing file /opt/airflow/dags/hello_dag.py for tasks to queue
[2025-12-24T17:14:15.909+0000] {logging_mixin.py:154} INFO - [2025-12-24T17:14:15.908+0000] {dagbag.py:536} INFO - Filling up the DagBag from /opt/airflow/dags/hello_dag.py
[2025-12-24T17:14:15.929+0000] {processor.py:839} INFO - DAG(s) dict_keys(['hello_world_dag_1min']) retrieved from /opt/airflow/dags/hello_dag.py
[2025-12-24T17:14:15.955+0000] {logging_mixin.py:154} INFO - [2025-12-24T17:14:15.954+0000] {dag.py:2941} INFO - Sync 1 DAGs
[2025-12-24T17:14:15.975+0000] {logging_mixin.py:154} INFO - [2025-12-24T17:14:15.974+0000] {dag.py:3722} INFO - Setting next_dagrun for hello_world_dag_1min to 2025-12-24T17:13:15.974646+00:00, run_after=2025-12-24T17:14:15.974646+00:00
[2025-12-24T17:14:16.005+0000] {processor.py:179} INFO - Processing /opt/airflow/dags/hello_dag.py took 0.102 seconds
[2025-12-24T17:14:46.391+0000] {processor.py:157} INFO - Started process (PID=533) to work on /opt/airflow/dags/hello_dag.py
[2025-12-24T17:14:46.392+0000] {processor.py:829} INFO - Processing file /opt/airflow/dags/hello_dag.py for tasks to queue
[2025-12-24T17:14:46.393+0000] {logging_mixin.py:154} INFO - [2025-12-24T17:14:46.393+0000] {dagbag.py:536} INFO - Filling up the DagBag from /opt/airflow/dags/hello_dag.py
[2025-12-24T17:14:46.409+0000] {processor.py:839} INFO - DAG(s) dict_keys(['hello_world_dag_1min']) retrieved from /opt/airflow/dags/hello_dag.py
[2025-12-24T17:14:46.434+0000] {logging_mixin.py:154} INFO - [2025-12-24T17:14:46.434+0000] {dag.py:2941} INFO - Sync 1 DAGs
[2025-12-24T17:14:46.454+0000] {logging_mixin.py:154} INFO - [2025-12-24T17:14:46.454+0000] {dag.py:3722} INFO - Setting next_dagrun for hello_world_dag_1min to 2025-12-24T17:13:46.454256+00:00, run_after=2025-12-24T17:14:46.454256+00:00
[2025-12-24T17:14:46.486+0000] {processor.py:179} INFO - Processing /opt/airflow/dags/hello_dag.py took 0.099 seconds
[2025-12-24T17:15:16.778+0000] {processor.py:157} INFO - Started process (PID=544) to work on /opt/airflow/dags/hello_dag.py
[2025-12-24T17:15:16.779+0000] {processor.py:829} INFO - Processing file /opt/airflow/dags/hello_dag.py for tasks to queue
[2025-12-24T17:15:16.780+0000] {logging_mixin.py:154} INFO - [2025-12-24T17:15:16.780+0000] {dagbag.py:536} INFO - Filling up the DagBag from /opt/airflow/dags/hello_dag.py
[2025-12-24T17:15:16.797+0000] {processor.py:839} INFO - DAG(s) dict_keys(['hello_world_dag_1min']) retrieved from /opt/airflow/dags/hello_dag.py
[2025-12-24T17:15:16.821+0000] {logging_mixin.py:154} INFO - [2025-12-24T17:15:16.821+0000] {dag.py:2941} INFO - Sync 1 DAGs
[2025-12-24T17:15:16.844+0000] {logging_mixin.py:154} INFO - [2025-12-24T17:15:16.843+0000] {dag.py:3722} INFO - Setting next_dagrun for hello_world_dag_1min to 2025-12-24T17:14:16.843699+00:00, run_after=2025-12-24T17:15:16.843699+00:00
[2025-12-24T17:15:16.876+0000] {processor.py:179} INFO - Processing /opt/airflow/dags/hello_dag.py took 0.102 seconds
[2025-12-24T17:15:47.156+0000] {processor.py:157} INFO - Started process (PID=555) to work on /opt/airflow/dags/hello_dag.py
[2025-12-24T17:15:47.158+0000] {processor.py:829} INFO - Processing file /opt/airflow/dags/hello_dag.py for tasks to queue
[2025-12-24T17:15:47.159+0000] {logging_mixin.py:154} INFO - [2025-12-24T17:15:47.158+0000] {dagbag.py:536} INFO - Filling up the DagBag from /opt/airflow/dags/hello_dag.py
[2025-12-24T17:15:47.180+0000] {processor.py:839} INFO - DAG(s) dict_keys(['hello_world_dag_1min']) retrieved from /opt/airflow/dags/hello_dag.py
[2025-12-24T17:15:47.213+0000] {logging_mixin.py:154} INFO - [2025-12-24T17:15:47.213+0000] {dag.py:2941} INFO - Sync 1 DAGs
[2025-12-24T17:15:47.243+0000] {logging_mixin.py:154} INFO - [2025-12-24T17:15:47.243+0000] {dag.py:3722} INFO - Setting next_dagrun for hello_world_dag_1min to 2025-12-24T17:14:47.242840+00:00, run_after=2025-12-24T17:15:47.242840+00:00
[2025-12-24T17:15:47.273+0000] {processor.py:179} INFO - Processing /opt/airflow/dags/hello_dag.py took 0.120 seconds
[2025-12-24T17:16:17.591+0000] {processor.py:157} INFO - Started process (PID=566) to work on /opt/airflow/dags/hello_dag.py
[2025-12-24T17:16:17.592+0000] {processor.py:829} INFO - Processing file /opt/airflow/dags/hello_dag.py for tasks to queue
[2025-12-24T17:16:17.593+0000] {logging_mixin.py:154} INFO - [2025-12-24T17:16:17.593+0000] {dagbag.py:536} INFO - Filling up the DagBag from /opt/airflow/dags/hello_dag.py
[2025-12-24T17:16:17.615+0000] {processor.py:839} INFO - DAG(s) dict_keys(['hello_world_dag_1min']) retrieved from /opt/airflow/dags/hello_dag.py
[2025-12-24T17:16:17.640+0000] {logging_mixin.py:154} INFO - [2025-12-24T17:16:17.639+0000] {dag.py:2941} INFO - Sync 1 DAGs
[2025-12-24T17:16:17.661+0000] {logging_mixin.py:154} INFO - [2025-12-24T17:16:17.661+0000] {dag.py:3722} INFO - Setting next_dagrun for hello_world_dag_1min to 2025-12-24T17:15:17.660810+00:00, run_after=2025-12-24T17:16:17.660810+00:00
[2025-12-24T17:16:17.684+0000] {processor.py:179} INFO - Processing /opt/airflow/dags/hello_dag.py took 0.096 seconds
[2025-12-24T17:16:47.978+0000] {processor.py:157} INFO - Started process (PID=577) to work on /opt/airflow/dags/hello_dag.py
[2025-12-24T17:16:47.980+0000] {processor.py:829} INFO - Processing file /opt/airflow/dags/hello_dag.py for tasks to queue
[2025-12-24T17:16:47.981+0000] {logging_mixin.py:154} INFO - [2025-12-24T17:16:47.981+0000] {dagbag.py:536} INFO - Filling up the DagBag from /opt/airflow/dags/hello_dag.py
[2025-12-24T17:16:48.006+0000] {processor.py:839} INFO - DAG(s) dict_keys(['hello_world_dag_1min']) retrieved from /opt/airflow/dags/hello_dag.py
[2025-12-24T17:16:48.045+0000] {logging_mixin.py:154} INFO - [2025-12-24T17:16:48.045+0000] {dag.py:2941} INFO - Sync 1 DAGs
[2025-12-24T17:16:48.076+0000] {logging_mixin.py:154} INFO - [2025-12-24T17:16:48.076+0000] {dag.py:3722} INFO - Setting next_dagrun for hello_world_dag_1min to 2025-12-24T17:15:48.076482+00:00, run_after=2025-12-24T17:16:48.076482+00:00
[2025-12-24T17:16:48.103+0000] {processor.py:179} INFO - Processing /opt/airflow/dags/hello_dag.py took 0.129 seconds
