[2025-12-24T15:25:26.508+0000] {processor.py:157} INFO - Started process (PID=367) to work on /opt/airflow/dags/lastfm_top_tracks.py
[2025-12-24T15:25:26.510+0000] {processor.py:829} INFO - Processing file /opt/airflow/dags/lastfm_top_tracks.py for tasks to queue
[2025-12-24T15:25:26.511+0000] {logging_mixin.py:154} INFO - [2025-12-24T15:25:26.511+0000] {dagbag.py:536} INFO - Filling up the DagBag from /opt/airflow/dags/lastfm_top_tracks.py
[2025-12-24T15:25:26.524+0000] {logging_mixin.py:154} INFO - [2025-12-24T15:25:26.522+0000] {dagbag.py:346} ERROR - Failed to import: /opt/airflow/dags/lastfm_top_tracks.py
Traceback (most recent call last):
  File "/home/airflow/.local/lib/python3.8/site-packages/airflow/models/dagbag.py", line 342, in parse
    loader.exec_module(new_module)
  File "<frozen importlib._bootstrap_external>", line 839, in exec_module
  File "<frozen importlib._bootstrap_external>", line 976, in get_code
  File "<frozen importlib._bootstrap_external>", line 906, in source_to_code
  File "<frozen importlib._bootstrap>", line 219, in _call_with_frames_removed
  File "/opt/airflow/dags/lastfm_top_tracks.py", line 10
    DATA_DIR = "C:\Users\Shu-han\bigdata-stack\data"  # full path to your data folder
               ^
SyntaxError: (unicode error) 'unicodeescape' codec can't decode bytes in position 2-3: truncated \UXXXXXXXX escape
[2025-12-24T15:25:26.525+0000] {processor.py:841} WARNING - No viable dags retrieved from /opt/airflow/dags/lastfm_top_tracks.py
[2025-12-24T15:25:26.547+0000] {processor.py:179} INFO - Processing /opt/airflow/dags/lastfm_top_tracks.py took 0.045 seconds
[2025-12-24T15:25:57.053+0000] {processor.py:157} INFO - Started process (PID=382) to work on /opt/airflow/dags/lastfm_top_tracks.py
[2025-12-24T15:25:57.054+0000] {processor.py:829} INFO - Processing file /opt/airflow/dags/lastfm_top_tracks.py for tasks to queue
[2025-12-24T15:25:57.055+0000] {logging_mixin.py:154} INFO - [2025-12-24T15:25:57.055+0000] {dagbag.py:536} INFO - Filling up the DagBag from /opt/airflow/dags/lastfm_top_tracks.py
[2025-12-24T15:25:57.069+0000] {logging_mixin.py:154} INFO - [2025-12-24T15:25:57.068+0000] {dagbag.py:346} ERROR - Failed to import: /opt/airflow/dags/lastfm_top_tracks.py
Traceback (most recent call last):
  File "/home/airflow/.local/lib/python3.8/site-packages/airflow/models/dagbag.py", line 342, in parse
    loader.exec_module(new_module)
  File "<frozen importlib._bootstrap_external>", line 839, in exec_module
  File "<frozen importlib._bootstrap_external>", line 976, in get_code
  File "<frozen importlib._bootstrap_external>", line 906, in source_to_code
  File "<frozen importlib._bootstrap>", line 219, in _call_with_frames_removed
  File "/opt/airflow/dags/lastfm_top_tracks.py", line 10
    DATA_DIR = "C:\Users\Shu-han\bigdata-stack\data"  # full path to your data folder
               ^
SyntaxError: (unicode error) 'unicodeescape' codec can't decode bytes in position 2-3: truncated \UXXXXXXXX escape
[2025-12-24T15:25:57.070+0000] {processor.py:841} WARNING - No viable dags retrieved from /opt/airflow/dags/lastfm_top_tracks.py
[2025-12-24T15:25:57.096+0000] {processor.py:179} INFO - Processing /opt/airflow/dags/lastfm_top_tracks.py took 0.046 seconds
[2025-12-24T15:26:27.582+0000] {processor.py:157} INFO - Started process (PID=397) to work on /opt/airflow/dags/lastfm_top_tracks.py
[2025-12-24T15:26:27.583+0000] {processor.py:829} INFO - Processing file /opt/airflow/dags/lastfm_top_tracks.py for tasks to queue
[2025-12-24T15:26:27.584+0000] {logging_mixin.py:154} INFO - [2025-12-24T15:26:27.584+0000] {dagbag.py:536} INFO - Filling up the DagBag from /opt/airflow/dags/lastfm_top_tracks.py
[2025-12-24T15:26:27.597+0000] {logging_mixin.py:154} INFO - [2025-12-24T15:26:27.596+0000] {dagbag.py:346} ERROR - Failed to import: /opt/airflow/dags/lastfm_top_tracks.py
Traceback (most recent call last):
  File "/home/airflow/.local/lib/python3.8/site-packages/airflow/models/dagbag.py", line 342, in parse
    loader.exec_module(new_module)
  File "<frozen importlib._bootstrap_external>", line 839, in exec_module
  File "<frozen importlib._bootstrap_external>", line 976, in get_code
  File "<frozen importlib._bootstrap_external>", line 906, in source_to_code
  File "<frozen importlib._bootstrap>", line 219, in _call_with_frames_removed
  File "/opt/airflow/dags/lastfm_top_tracks.py", line 10
    DATA_DIR = "C:\Users\Shu-han\bigdata-stack\data"  # full path to your data folder
               ^
SyntaxError: (unicode error) 'unicodeescape' codec can't decode bytes in position 2-3: truncated \UXXXXXXXX escape
[2025-12-24T15:26:27.598+0000] {processor.py:841} WARNING - No viable dags retrieved from /opt/airflow/dags/lastfm_top_tracks.py
[2025-12-24T15:26:27.618+0000] {processor.py:179} INFO - Processing /opt/airflow/dags/lastfm_top_tracks.py took 0.039 seconds
[2025-12-24T15:26:58.116+0000] {processor.py:157} INFO - Started process (PID=412) to work on /opt/airflow/dags/lastfm_top_tracks.py
[2025-12-24T15:26:58.117+0000] {processor.py:829} INFO - Processing file /opt/airflow/dags/lastfm_top_tracks.py for tasks to queue
[2025-12-24T15:26:58.118+0000] {logging_mixin.py:154} INFO - [2025-12-24T15:26:58.118+0000] {dagbag.py:536} INFO - Filling up the DagBag from /opt/airflow/dags/lastfm_top_tracks.py
[2025-12-24T15:26:58.135+0000] {logging_mixin.py:154} INFO - [2025-12-24T15:26:58.134+0000] {dagbag.py:346} ERROR - Failed to import: /opt/airflow/dags/lastfm_top_tracks.py
Traceback (most recent call last):
  File "/home/airflow/.local/lib/python3.8/site-packages/airflow/models/dagbag.py", line 342, in parse
    loader.exec_module(new_module)
  File "<frozen importlib._bootstrap_external>", line 839, in exec_module
  File "<frozen importlib._bootstrap_external>", line 976, in get_code
  File "<frozen importlib._bootstrap_external>", line 906, in source_to_code
  File "<frozen importlib._bootstrap>", line 219, in _call_with_frames_removed
  File "/opt/airflow/dags/lastfm_top_tracks.py", line 10
    DATA_DIR = "C:\Users\Shu-han\bigdata-stack\data"  # full path to your data folder
               ^
SyntaxError: (unicode error) 'unicodeescape' codec can't decode bytes in position 2-3: truncated \UXXXXXXXX escape
[2025-12-24T15:26:58.136+0000] {processor.py:841} WARNING - No viable dags retrieved from /opt/airflow/dags/lastfm_top_tracks.py
[2025-12-24T15:26:58.156+0000] {processor.py:179} INFO - Processing /opt/airflow/dags/lastfm_top_tracks.py took 0.043 seconds
[2025-12-24T15:27:16.425+0000] {processor.py:157} INFO - Started process (PID=427) to work on /opt/airflow/dags/lastfm_top_tracks.py
[2025-12-24T15:27:16.426+0000] {processor.py:829} INFO - Processing file /opt/airflow/dags/lastfm_top_tracks.py for tasks to queue
[2025-12-24T15:27:16.427+0000] {logging_mixin.py:154} INFO - [2025-12-24T15:27:16.427+0000] {dagbag.py:536} INFO - Filling up the DagBag from /opt/airflow/dags/lastfm_top_tracks.py
[2025-12-24T15:27:16.440+0000] {logging_mixin.py:154} INFO - [2025-12-24T15:27:16.439+0000] {dagbag.py:346} ERROR - Failed to import: /opt/airflow/dags/lastfm_top_tracks.py
Traceback (most recent call last):
  File "/home/airflow/.local/lib/python3.8/site-packages/airflow/models/dagbag.py", line 342, in parse
    loader.exec_module(new_module)
  File "<frozen importlib._bootstrap_external>", line 839, in exec_module
  File "<frozen importlib._bootstrap_external>", line 976, in get_code
  File "<frozen importlib._bootstrap_external>", line 906, in source_to_code
  File "<frozen importlib._bootstrap>", line 219, in _call_with_frames_removed
  File "/opt/airflow/dags/lastfm_top_tracks.py", line 3
    DATA_DIR = "C:\Users\Shu-han\bigdata-stack\data"  # full path to your data folder
               ^
SyntaxError: (unicode error) 'unicodeescape' codec can't decode bytes in position 2-3: truncated \UXXXXXXXX escape
[2025-12-24T15:27:16.440+0000] {processor.py:841} WARNING - No viable dags retrieved from /opt/airflow/dags/lastfm_top_tracks.py
[2025-12-24T15:27:16.459+0000] {processor.py:179} INFO - Processing /opt/airflow/dags/lastfm_top_tracks.py took 0.036 seconds
[2025-12-24T15:27:22.522+0000] {processor.py:157} INFO - Started process (PID=432) to work on /opt/airflow/dags/lastfm_top_tracks.py
[2025-12-24T15:27:22.524+0000] {processor.py:829} INFO - Processing file /opt/airflow/dags/lastfm_top_tracks.py for tasks to queue
[2025-12-24T15:27:22.525+0000] {logging_mixin.py:154} INFO - [2025-12-24T15:27:22.524+0000] {dagbag.py:536} INFO - Filling up the DagBag from /opt/airflow/dags/lastfm_top_tracks.py
[2025-12-24T15:27:22.531+0000] {logging_mixin.py:154} INFO - [2025-12-24T15:27:22.531+0000] {dagbag.py:323} INFO - File /opt/airflow/dags/lastfm_top_tracks.py assumed to contain no DAGs. Skipping.
[2025-12-24T15:27:22.532+0000] {processor.py:841} WARNING - No viable dags retrieved from /opt/airflow/dags/lastfm_top_tracks.py
[2025-12-24T15:27:22.548+0000] {processor.py:179} INFO - Processing /opt/airflow/dags/lastfm_top_tracks.py took 0.029 seconds
[2025-12-24T15:27:23.581+0000] {processor.py:157} INFO - Started process (PID=437) to work on /opt/airflow/dags/lastfm_top_tracks.py
[2025-12-24T15:27:23.582+0000] {processor.py:829} INFO - Processing file /opt/airflow/dags/lastfm_top_tracks.py for tasks to queue
[2025-12-24T15:27:23.584+0000] {logging_mixin.py:154} INFO - [2025-12-24T15:27:23.583+0000] {dagbag.py:536} INFO - Filling up the DagBag from /opt/airflow/dags/lastfm_top_tracks.py
[2025-12-24T15:27:23.596+0000] {logging_mixin.py:154} INFO - [2025-12-24T15:27:23.595+0000] {dagbag.py:346} ERROR - Failed to import: /opt/airflow/dags/lastfm_top_tracks.py
Traceback (most recent call last):
  File "/home/airflow/.local/lib/python3.8/site-packages/airflow/models/dagbag.py", line 342, in parse
    loader.exec_module(new_module)
  File "<frozen importlib._bootstrap_external>", line 839, in exec_module
  File "<frozen importlib._bootstrap_external>", line 976, in get_code
  File "<frozen importlib._bootstrap_external>", line 906, in source_to_code
  File "<frozen importlib._bootstrap>", line 219, in _call_with_frames_removed
  File "/opt/airflow/dags/lastfm_top_tracks.py", line 3
    DATA_DIR = "C:\Users\Shu-han\bigdata-stack\data"  # full path to your data folder
               ^
SyntaxError: (unicode error) 'unicodeescape' codec can't decode bytes in position 2-3: truncated \UXXXXXXXX escape
[2025-12-24T15:27:23.596+0000] {processor.py:841} WARNING - No viable dags retrieved from /opt/airflow/dags/lastfm_top_tracks.py
[2025-12-24T15:27:23.617+0000] {processor.py:179} INFO - Processing /opt/airflow/dags/lastfm_top_tracks.py took 0.039 seconds
[2025-12-24T15:27:28.709+0000] {processor.py:157} INFO - Started process (PID=442) to work on /opt/airflow/dags/lastfm_top_tracks.py
[2025-12-24T15:27:28.711+0000] {processor.py:829} INFO - Processing file /opt/airflow/dags/lastfm_top_tracks.py for tasks to queue
[2025-12-24T15:27:28.712+0000] {logging_mixin.py:154} INFO - [2025-12-24T15:27:28.712+0000] {dagbag.py:536} INFO - Filling up the DagBag from /opt/airflow/dags/lastfm_top_tracks.py
[2025-12-24T15:27:30.506+0000] {logging_mixin.py:154} INFO - [2025-12-24T15:27:30.501+0000] {dagbag.py:346} ERROR - Failed to import: /opt/airflow/dags/lastfm_top_tracks.py
Traceback (most recent call last):
  File "/home/airflow/.local/lib/python3.8/site-packages/airflow/models/dagbag.py", line 342, in parse
    loader.exec_module(new_module)
  File "<frozen importlib._bootstrap_external>", line 843, in exec_module
  File "<frozen importlib._bootstrap>", line 219, in _call_with_frames_removed
  File "/opt/airflow/dags/lastfm_top_tracks.py", line 20, in <module>
    os.makedirs(DATA_DIR, exist_ok=True)
  File "/usr/local/lib/python3.8/os.py", line 213, in makedirs
    makedirs(head, exist_ok=exist_ok)
  File "/usr/local/lib/python3.8/os.py", line 223, in makedirs
    mkdir(name, mode)
PermissionError: [Errno 13] Permission denied: '/home/shuhan'
[2025-12-24T15:27:30.507+0000] {processor.py:841} WARNING - No viable dags retrieved from /opt/airflow/dags/lastfm_top_tracks.py
[2025-12-24T15:27:30.526+0000] {processor.py:179} INFO - Processing /opt/airflow/dags/lastfm_top_tracks.py took 1.820 seconds
[2025-12-24T15:27:31.597+0000] {processor.py:157} INFO - Started process (PID=448) to work on /opt/airflow/dags/lastfm_top_tracks.py
[2025-12-24T15:27:31.598+0000] {processor.py:829} INFO - Processing file /opt/airflow/dags/lastfm_top_tracks.py for tasks to queue
[2025-12-24T15:27:31.599+0000] {logging_mixin.py:154} INFO - [2025-12-24T15:27:31.599+0000] {dagbag.py:536} INFO - Filling up the DagBag from /opt/airflow/dags/lastfm_top_tracks.py
[2025-12-24T15:27:31.614+0000] {logging_mixin.py:154} INFO - [2025-12-24T15:27:31.613+0000] {dagbag.py:346} ERROR - Failed to import: /opt/airflow/dags/lastfm_top_tracks.py
Traceback (most recent call last):
  File "/home/airflow/.local/lib/python3.8/site-packages/airflow/models/dagbag.py", line 342, in parse
    loader.exec_module(new_module)
  File "<frozen importlib._bootstrap_external>", line 839, in exec_module
  File "<frozen importlib._bootstrap_external>", line 976, in get_code
  File "<frozen importlib._bootstrap_external>", line 906, in source_to_code
  File "<frozen importlib._bootstrap>", line 219, in _call_with_frames_removed
  File "/opt/airflow/dags/lastfm_top_tracks.py", line 16
    DATA_DIR = "C:\Users\Shu-han\bigdata-stack\data"  # full path to your data folder
               ^
SyntaxError: (unicode error) 'unicodeescape' codec can't decode bytes in position 2-3: truncated \UXXXXXXXX escape
[2025-12-24T15:27:31.615+0000] {processor.py:841} WARNING - No viable dags retrieved from /opt/airflow/dags/lastfm_top_tracks.py
[2025-12-24T15:27:31.645+0000] {processor.py:179} INFO - Processing /opt/airflow/dags/lastfm_top_tracks.py took 0.051 seconds
[2025-12-24T15:27:33.644+0000] {processor.py:157} INFO - Started process (PID=453) to work on /opt/airflow/dags/lastfm_top_tracks.py
[2025-12-24T15:27:33.645+0000] {processor.py:829} INFO - Processing file /opt/airflow/dags/lastfm_top_tracks.py for tasks to queue
[2025-12-24T15:27:33.646+0000] {logging_mixin.py:154} INFO - [2025-12-24T15:27:33.645+0000] {dagbag.py:536} INFO - Filling up the DagBag from /opt/airflow/dags/lastfm_top_tracks.py
[2025-12-24T15:27:33.657+0000] {logging_mixin.py:154} INFO - [2025-12-24T15:27:33.657+0000] {dagbag.py:346} ERROR - Failed to import: /opt/airflow/dags/lastfm_top_tracks.py
Traceback (most recent call last):
  File "/home/airflow/.local/lib/python3.8/site-packages/airflow/models/dagbag.py", line 342, in parse
    loader.exec_module(new_module)
  File "<frozen importlib._bootstrap_external>", line 839, in exec_module
  File "<frozen importlib._bootstrap_external>", line 976, in get_code
  File "<frozen importlib._bootstrap_external>", line 906, in source_to_code
  File "<frozen importlib._bootstrap>", line 219, in _call_with_frames_removed
  File "/opt/airflow/dags/lastfm_top_tracks.py", line 14
    DATA_DIR = "C:\Users\Shu-han\bigdata-stack\data"  # full path to your data folder
               ^
SyntaxError: (unicode error) 'unicodeescape' codec can't decode bytes in position 2-3: truncated \UXXXXXXXX escape
[2025-12-24T15:27:33.658+0000] {processor.py:841} WARNING - No viable dags retrieved from /opt/airflow/dags/lastfm_top_tracks.py
[2025-12-24T15:27:33.685+0000] {processor.py:179} INFO - Processing /opt/airflow/dags/lastfm_top_tracks.py took 0.045 seconds
[2025-12-24T15:28:04.189+0000] {processor.py:157} INFO - Started process (PID=468) to work on /opt/airflow/dags/lastfm_top_tracks.py
[2025-12-24T15:28:04.190+0000] {processor.py:829} INFO - Processing file /opt/airflow/dags/lastfm_top_tracks.py for tasks to queue
[2025-12-24T15:28:04.191+0000] {logging_mixin.py:154} INFO - [2025-12-24T15:28:04.191+0000] {dagbag.py:536} INFO - Filling up the DagBag from /opt/airflow/dags/lastfm_top_tracks.py
[2025-12-24T15:28:04.205+0000] {logging_mixin.py:154} INFO - [2025-12-24T15:28:04.204+0000] {dagbag.py:346} ERROR - Failed to import: /opt/airflow/dags/lastfm_top_tracks.py
Traceback (most recent call last):
  File "/home/airflow/.local/lib/python3.8/site-packages/airflow/models/dagbag.py", line 342, in parse
    loader.exec_module(new_module)
  File "<frozen importlib._bootstrap_external>", line 839, in exec_module
  File "<frozen importlib._bootstrap_external>", line 976, in get_code
  File "<frozen importlib._bootstrap_external>", line 906, in source_to_code
  File "<frozen importlib._bootstrap>", line 219, in _call_with_frames_removed
  File "/opt/airflow/dags/lastfm_top_tracks.py", line 14
    DATA_DIR = "C:\Users\Shu-han\bigdata-stack\data"  # full path to your data folder
               ^
SyntaxError: (unicode error) 'unicodeescape' codec can't decode bytes in position 2-3: truncated \UXXXXXXXX escape
[2025-12-24T15:28:04.206+0000] {processor.py:841} WARNING - No viable dags retrieved from /opt/airflow/dags/lastfm_top_tracks.py
[2025-12-24T15:28:04.224+0000] {processor.py:179} INFO - Processing /opt/airflow/dags/lastfm_top_tracks.py took 0.038 seconds
[2025-12-24T15:28:34.664+0000] {processor.py:157} INFO - Started process (PID=483) to work on /opt/airflow/dags/lastfm_top_tracks.py
[2025-12-24T15:28:34.666+0000] {processor.py:829} INFO - Processing file /opt/airflow/dags/lastfm_top_tracks.py for tasks to queue
[2025-12-24T15:28:34.667+0000] {logging_mixin.py:154} INFO - [2025-12-24T15:28:34.666+0000] {dagbag.py:536} INFO - Filling up the DagBag from /opt/airflow/dags/lastfm_top_tracks.py
[2025-12-24T15:28:34.682+0000] {logging_mixin.py:154} INFO - [2025-12-24T15:28:34.680+0000] {dagbag.py:346} ERROR - Failed to import: /opt/airflow/dags/lastfm_top_tracks.py
Traceback (most recent call last):
  File "/home/airflow/.local/lib/python3.8/site-packages/airflow/models/dagbag.py", line 342, in parse
    loader.exec_module(new_module)
  File "<frozen importlib._bootstrap_external>", line 839, in exec_module
  File "<frozen importlib._bootstrap_external>", line 976, in get_code
  File "<frozen importlib._bootstrap_external>", line 906, in source_to_code
  File "<frozen importlib._bootstrap>", line 219, in _call_with_frames_removed
  File "/opt/airflow/dags/lastfm_top_tracks.py", line 14
    DATA_DIR = "C:\Users\Shu-han\bigdata-stack\data"  # full path to your data folder
               ^
SyntaxError: (unicode error) 'unicodeescape' codec can't decode bytes in position 2-3: truncated \UXXXXXXXX escape
[2025-12-24T15:28:34.682+0000] {processor.py:841} WARNING - No viable dags retrieved from /opt/airflow/dags/lastfm_top_tracks.py
[2025-12-24T15:28:34.708+0000] {processor.py:179} INFO - Processing /opt/airflow/dags/lastfm_top_tracks.py took 0.049 seconds
[2025-12-24T15:29:05.219+0000] {processor.py:157} INFO - Started process (PID=498) to work on /opt/airflow/dags/lastfm_top_tracks.py
[2025-12-24T15:29:05.220+0000] {processor.py:829} INFO - Processing file /opt/airflow/dags/lastfm_top_tracks.py for tasks to queue
[2025-12-24T15:29:05.221+0000] {logging_mixin.py:154} INFO - [2025-12-24T15:29:05.221+0000] {dagbag.py:536} INFO - Filling up the DagBag from /opt/airflow/dags/lastfm_top_tracks.py
[2025-12-24T15:29:05.236+0000] {logging_mixin.py:154} INFO - [2025-12-24T15:29:05.235+0000] {dagbag.py:346} ERROR - Failed to import: /opt/airflow/dags/lastfm_top_tracks.py
Traceback (most recent call last):
  File "/home/airflow/.local/lib/python3.8/site-packages/airflow/models/dagbag.py", line 342, in parse
    loader.exec_module(new_module)
  File "<frozen importlib._bootstrap_external>", line 839, in exec_module
  File "<frozen importlib._bootstrap_external>", line 976, in get_code
  File "<frozen importlib._bootstrap_external>", line 906, in source_to_code
  File "<frozen importlib._bootstrap>", line 219, in _call_with_frames_removed
  File "/opt/airflow/dags/lastfm_top_tracks.py", line 14
    DATA_DIR = "C:\Users\Shu-han\bigdata-stack\data"  # full path to your data folder
               ^
SyntaxError: (unicode error) 'unicodeescape' codec can't decode bytes in position 2-3: truncated \UXXXXXXXX escape
[2025-12-24T15:29:05.237+0000] {processor.py:841} WARNING - No viable dags retrieved from /opt/airflow/dags/lastfm_top_tracks.py
[2025-12-24T15:29:05.263+0000] {processor.py:179} INFO - Processing /opt/airflow/dags/lastfm_top_tracks.py took 0.046 seconds
[2025-12-24T15:29:35.758+0000] {processor.py:157} INFO - Started process (PID=513) to work on /opt/airflow/dags/lastfm_top_tracks.py
[2025-12-24T15:29:35.759+0000] {processor.py:829} INFO - Processing file /opt/airflow/dags/lastfm_top_tracks.py for tasks to queue
[2025-12-24T15:29:35.760+0000] {logging_mixin.py:154} INFO - [2025-12-24T15:29:35.759+0000] {dagbag.py:536} INFO - Filling up the DagBag from /opt/airflow/dags/lastfm_top_tracks.py
[2025-12-24T15:29:35.771+0000] {logging_mixin.py:154} INFO - [2025-12-24T15:29:35.770+0000] {dagbag.py:346} ERROR - Failed to import: /opt/airflow/dags/lastfm_top_tracks.py
Traceback (most recent call last):
  File "/home/airflow/.local/lib/python3.8/site-packages/airflow/models/dagbag.py", line 342, in parse
    loader.exec_module(new_module)
  File "<frozen importlib._bootstrap_external>", line 839, in exec_module
  File "<frozen importlib._bootstrap_external>", line 976, in get_code
  File "<frozen importlib._bootstrap_external>", line 906, in source_to_code
  File "<frozen importlib._bootstrap>", line 219, in _call_with_frames_removed
  File "/opt/airflow/dags/lastfm_top_tracks.py", line 14
    DATA_DIR = "C:\Users\Shu-han\bigdata-stack\data"  # full path to your data folder
               ^
SyntaxError: (unicode error) 'unicodeescape' codec can't decode bytes in position 2-3: truncated \UXXXXXXXX escape
[2025-12-24T15:29:35.771+0000] {processor.py:841} WARNING - No viable dags retrieved from /opt/airflow/dags/lastfm_top_tracks.py
[2025-12-24T15:29:35.789+0000] {processor.py:179} INFO - Processing /opt/airflow/dags/lastfm_top_tracks.py took 0.034 seconds
[2025-12-24T15:30:06.242+0000] {processor.py:157} INFO - Started process (PID=528) to work on /opt/airflow/dags/lastfm_top_tracks.py
[2025-12-24T15:30:06.243+0000] {processor.py:829} INFO - Processing file /opt/airflow/dags/lastfm_top_tracks.py for tasks to queue
[2025-12-24T15:30:06.244+0000] {logging_mixin.py:154} INFO - [2025-12-24T15:30:06.244+0000] {dagbag.py:536} INFO - Filling up the DagBag from /opt/airflow/dags/lastfm_top_tracks.py
[2025-12-24T15:30:06.256+0000] {logging_mixin.py:154} INFO - [2025-12-24T15:30:06.256+0000] {dagbag.py:346} ERROR - Failed to import: /opt/airflow/dags/lastfm_top_tracks.py
Traceback (most recent call last):
  File "/home/airflow/.local/lib/python3.8/site-packages/airflow/models/dagbag.py", line 342, in parse
    loader.exec_module(new_module)
  File "<frozen importlib._bootstrap_external>", line 839, in exec_module
  File "<frozen importlib._bootstrap_external>", line 976, in get_code
  File "<frozen importlib._bootstrap_external>", line 906, in source_to_code
  File "<frozen importlib._bootstrap>", line 219, in _call_with_frames_removed
  File "/opt/airflow/dags/lastfm_top_tracks.py", line 14
    DATA_DIR = "C:\Users\Shu-han\bigdata-stack\data"  # full path to your data folder
               ^
SyntaxError: (unicode error) 'unicodeescape' codec can't decode bytes in position 2-3: truncated \UXXXXXXXX escape
[2025-12-24T15:30:06.257+0000] {processor.py:841} WARNING - No viable dags retrieved from /opt/airflow/dags/lastfm_top_tracks.py
[2025-12-24T15:30:06.283+0000] {processor.py:179} INFO - Processing /opt/airflow/dags/lastfm_top_tracks.py took 0.043 seconds
[2025-12-24T15:30:36.731+0000] {processor.py:157} INFO - Started process (PID=543) to work on /opt/airflow/dags/lastfm_top_tracks.py
[2025-12-24T15:30:36.732+0000] {processor.py:829} INFO - Processing file /opt/airflow/dags/lastfm_top_tracks.py for tasks to queue
[2025-12-24T15:30:36.733+0000] {logging_mixin.py:154} INFO - [2025-12-24T15:30:36.733+0000] {dagbag.py:536} INFO - Filling up the DagBag from /opt/airflow/dags/lastfm_top_tracks.py
[2025-12-24T15:30:36.750+0000] {logging_mixin.py:154} INFO - [2025-12-24T15:30:36.749+0000] {dagbag.py:346} ERROR - Failed to import: /opt/airflow/dags/lastfm_top_tracks.py
Traceback (most recent call last):
  File "/home/airflow/.local/lib/python3.8/site-packages/airflow/models/dagbag.py", line 342, in parse
    loader.exec_module(new_module)
  File "<frozen importlib._bootstrap_external>", line 839, in exec_module
  File "<frozen importlib._bootstrap_external>", line 976, in get_code
  File "<frozen importlib._bootstrap_external>", line 906, in source_to_code
  File "<frozen importlib._bootstrap>", line 219, in _call_with_frames_removed
  File "/opt/airflow/dags/lastfm_top_tracks.py", line 14
    DATA_DIR = "C:\Users\Shu-han\bigdata-stack\data"  # full path to your data folder
               ^
SyntaxError: (unicode error) 'unicodeescape' codec can't decode bytes in position 2-3: truncated \UXXXXXXXX escape
[2025-12-24T15:30:36.750+0000] {processor.py:841} WARNING - No viable dags retrieved from /opt/airflow/dags/lastfm_top_tracks.py
[2025-12-24T15:30:36.768+0000] {processor.py:179} INFO - Processing /opt/airflow/dags/lastfm_top_tracks.py took 0.041 seconds
[2025-12-24T15:31:07.211+0000] {processor.py:157} INFO - Started process (PID=558) to work on /opt/airflow/dags/lastfm_top_tracks.py
[2025-12-24T15:31:07.213+0000] {processor.py:829} INFO - Processing file /opt/airflow/dags/lastfm_top_tracks.py for tasks to queue
[2025-12-24T15:31:07.214+0000] {logging_mixin.py:154} INFO - [2025-12-24T15:31:07.213+0000] {dagbag.py:536} INFO - Filling up the DagBag from /opt/airflow/dags/lastfm_top_tracks.py
[2025-12-24T15:31:07.241+0000] {logging_mixin.py:154} INFO - [2025-12-24T15:31:07.240+0000] {dagbag.py:346} ERROR - Failed to import: /opt/airflow/dags/lastfm_top_tracks.py
Traceback (most recent call last):
  File "/home/airflow/.local/lib/python3.8/site-packages/airflow/models/dagbag.py", line 342, in parse
    loader.exec_module(new_module)
  File "<frozen importlib._bootstrap_external>", line 839, in exec_module
  File "<frozen importlib._bootstrap_external>", line 976, in get_code
  File "<frozen importlib._bootstrap_external>", line 906, in source_to_code
  File "<frozen importlib._bootstrap>", line 219, in _call_with_frames_removed
  File "/opt/airflow/dags/lastfm_top_tracks.py", line 14
    DATA_DIR = "C:\Users\Shu-han\bigdata-stack\data"  # full path to your data folder
               ^
SyntaxError: (unicode error) 'unicodeescape' codec can't decode bytes in position 2-3: truncated \UXXXXXXXX escape
[2025-12-24T15:31:07.242+0000] {processor.py:841} WARNING - No viable dags retrieved from /opt/airflow/dags/lastfm_top_tracks.py
[2025-12-24T15:31:07.263+0000] {processor.py:179} INFO - Processing /opt/airflow/dags/lastfm_top_tracks.py took 0.054 seconds
[2025-12-24T15:31:37.620+0000] {processor.py:157} INFO - Started process (PID=573) to work on /opt/airflow/dags/lastfm_top_tracks.py
[2025-12-24T15:31:37.621+0000] {processor.py:829} INFO - Processing file /opt/airflow/dags/lastfm_top_tracks.py for tasks to queue
[2025-12-24T15:31:37.622+0000] {logging_mixin.py:154} INFO - [2025-12-24T15:31:37.622+0000] {dagbag.py:536} INFO - Filling up the DagBag from /opt/airflow/dags/lastfm_top_tracks.py
[2025-12-24T15:31:37.646+0000] {logging_mixin.py:154} INFO - [2025-12-24T15:31:37.645+0000] {dagbag.py:346} ERROR - Failed to import: /opt/airflow/dags/lastfm_top_tracks.py
Traceback (most recent call last):
  File "/home/airflow/.local/lib/python3.8/site-packages/airflow/models/dagbag.py", line 342, in parse
    loader.exec_module(new_module)
  File "<frozen importlib._bootstrap_external>", line 839, in exec_module
  File "<frozen importlib._bootstrap_external>", line 976, in get_code
  File "<frozen importlib._bootstrap_external>", line 906, in source_to_code
  File "<frozen importlib._bootstrap>", line 219, in _call_with_frames_removed
  File "/opt/airflow/dags/lastfm_top_tracks.py", line 14
    DATA_DIR = "C:\Users\Shu-han\bigdata-stack\data"  # full path to your data folder
               ^
SyntaxError: (unicode error) 'unicodeescape' codec can't decode bytes in position 2-3: truncated \UXXXXXXXX escape
[2025-12-24T15:31:37.647+0000] {processor.py:841} WARNING - No viable dags retrieved from /opt/airflow/dags/lastfm_top_tracks.py
[2025-12-24T15:31:37.671+0000] {processor.py:179} INFO - Processing /opt/airflow/dags/lastfm_top_tracks.py took 0.054 seconds
[2025-12-24T15:32:08.065+0000] {processor.py:157} INFO - Started process (PID=588) to work on /opt/airflow/dags/lastfm_top_tracks.py
[2025-12-24T15:32:08.066+0000] {processor.py:829} INFO - Processing file /opt/airflow/dags/lastfm_top_tracks.py for tasks to queue
[2025-12-24T15:32:08.067+0000] {logging_mixin.py:154} INFO - [2025-12-24T15:32:08.066+0000] {dagbag.py:536} INFO - Filling up the DagBag from /opt/airflow/dags/lastfm_top_tracks.py
[2025-12-24T15:32:08.088+0000] {logging_mixin.py:154} INFO - [2025-12-24T15:32:08.087+0000] {dagbag.py:346} ERROR - Failed to import: /opt/airflow/dags/lastfm_top_tracks.py
Traceback (most recent call last):
  File "/home/airflow/.local/lib/python3.8/site-packages/airflow/models/dagbag.py", line 342, in parse
    loader.exec_module(new_module)
  File "<frozen importlib._bootstrap_external>", line 839, in exec_module
  File "<frozen importlib._bootstrap_external>", line 976, in get_code
  File "<frozen importlib._bootstrap_external>", line 906, in source_to_code
  File "<frozen importlib._bootstrap>", line 219, in _call_with_frames_removed
  File "/opt/airflow/dags/lastfm_top_tracks.py", line 14
    DATA_DIR = "C:\Users\Shu-han\bigdata-stack\data"  # full path to your data folder
               ^
SyntaxError: (unicode error) 'unicodeescape' codec can't decode bytes in position 2-3: truncated \UXXXXXXXX escape
[2025-12-24T15:32:08.088+0000] {processor.py:841} WARNING - No viable dags retrieved from /opt/airflow/dags/lastfm_top_tracks.py
[2025-12-24T15:32:08.112+0000] {processor.py:179} INFO - Processing /opt/airflow/dags/lastfm_top_tracks.py took 0.051 seconds
[2025-12-24T15:32:38.499+0000] {processor.py:157} INFO - Started process (PID=603) to work on /opt/airflow/dags/lastfm_top_tracks.py
[2025-12-24T15:32:38.500+0000] {processor.py:829} INFO - Processing file /opt/airflow/dags/lastfm_top_tracks.py for tasks to queue
[2025-12-24T15:32:38.501+0000] {logging_mixin.py:154} INFO - [2025-12-24T15:32:38.501+0000] {dagbag.py:536} INFO - Filling up the DagBag from /opt/airflow/dags/lastfm_top_tracks.py
[2025-12-24T15:32:38.530+0000] {logging_mixin.py:154} INFO - [2025-12-24T15:32:38.529+0000] {dagbag.py:346} ERROR - Failed to import: /opt/airflow/dags/lastfm_top_tracks.py
Traceback (most recent call last):
  File "/home/airflow/.local/lib/python3.8/site-packages/airflow/models/dagbag.py", line 342, in parse
    loader.exec_module(new_module)
  File "<frozen importlib._bootstrap_external>", line 839, in exec_module
  File "<frozen importlib._bootstrap_external>", line 976, in get_code
  File "<frozen importlib._bootstrap_external>", line 906, in source_to_code
  File "<frozen importlib._bootstrap>", line 219, in _call_with_frames_removed
  File "/opt/airflow/dags/lastfm_top_tracks.py", line 14
    DATA_DIR = "C:\Users\Shu-han\bigdata-stack\data"  # full path to your data folder
               ^
SyntaxError: (unicode error) 'unicodeescape' codec can't decode bytes in position 2-3: truncated \UXXXXXXXX escape
[2025-12-24T15:32:38.531+0000] {processor.py:841} WARNING - No viable dags retrieved from /opt/airflow/dags/lastfm_top_tracks.py
[2025-12-24T15:32:38.560+0000] {processor.py:179} INFO - Processing /opt/airflow/dags/lastfm_top_tracks.py took 0.064 seconds
[2025-12-24T15:33:09.077+0000] {processor.py:157} INFO - Started process (PID=618) to work on /opt/airflow/dags/lastfm_top_tracks.py
[2025-12-24T15:33:09.081+0000] {processor.py:829} INFO - Processing file /opt/airflow/dags/lastfm_top_tracks.py for tasks to queue
[2025-12-24T15:33:09.087+0000] {logging_mixin.py:154} INFO - [2025-12-24T15:33:09.086+0000] {dagbag.py:536} INFO - Filling up the DagBag from /opt/airflow/dags/lastfm_top_tracks.py
[2025-12-24T15:33:09.121+0000] {logging_mixin.py:154} INFO - [2025-12-24T15:33:09.119+0000] {dagbag.py:346} ERROR - Failed to import: /opt/airflow/dags/lastfm_top_tracks.py
Traceback (most recent call last):
  File "/home/airflow/.local/lib/python3.8/site-packages/airflow/models/dagbag.py", line 342, in parse
    loader.exec_module(new_module)
  File "<frozen importlib._bootstrap_external>", line 839, in exec_module
  File "<frozen importlib._bootstrap_external>", line 976, in get_code
  File "<frozen importlib._bootstrap_external>", line 906, in source_to_code
  File "<frozen importlib._bootstrap>", line 219, in _call_with_frames_removed
  File "/opt/airflow/dags/lastfm_top_tracks.py", line 14
    DATA_DIR = "C:\Users\Shu-han\bigdata-stack\data"  # full path to your data folder
               ^
SyntaxError: (unicode error) 'unicodeescape' codec can't decode bytes in position 2-3: truncated \UXXXXXXXX escape
[2025-12-24T15:33:09.122+0000] {processor.py:841} WARNING - No viable dags retrieved from /opt/airflow/dags/lastfm_top_tracks.py
[2025-12-24T15:33:09.158+0000] {processor.py:179} INFO - Processing /opt/airflow/dags/lastfm_top_tracks.py took 0.086 seconds
[2025-12-24T15:33:39.854+0000] {processor.py:157} INFO - Started process (PID=633) to work on /opt/airflow/dags/lastfm_top_tracks.py
[2025-12-24T15:33:39.860+0000] {processor.py:829} INFO - Processing file /opt/airflow/dags/lastfm_top_tracks.py for tasks to queue
[2025-12-24T15:33:39.869+0000] {logging_mixin.py:154} INFO - [2025-12-24T15:33:39.869+0000] {dagbag.py:536} INFO - Filling up the DagBag from /opt/airflow/dags/lastfm_top_tracks.py
[2025-12-24T15:33:39.903+0000] {logging_mixin.py:154} INFO - [2025-12-24T15:33:39.901+0000] {dagbag.py:346} ERROR - Failed to import: /opt/airflow/dags/lastfm_top_tracks.py
Traceback (most recent call last):
  File "/home/airflow/.local/lib/python3.8/site-packages/airflow/models/dagbag.py", line 342, in parse
    loader.exec_module(new_module)
  File "<frozen importlib._bootstrap_external>", line 839, in exec_module
  File "<frozen importlib._bootstrap_external>", line 976, in get_code
  File "<frozen importlib._bootstrap_external>", line 906, in source_to_code
  File "<frozen importlib._bootstrap>", line 219, in _call_with_frames_removed
  File "/opt/airflow/dags/lastfm_top_tracks.py", line 14
    DATA_DIR = "C:\Users\Shu-han\bigdata-stack\data"  # full path to your data folder
               ^
SyntaxError: (unicode error) 'unicodeescape' codec can't decode bytes in position 2-3: truncated \UXXXXXXXX escape
[2025-12-24T15:33:39.904+0000] {processor.py:841} WARNING - No viable dags retrieved from /opt/airflow/dags/lastfm_top_tracks.py
[2025-12-24T15:33:39.938+0000] {processor.py:179} INFO - Processing /opt/airflow/dags/lastfm_top_tracks.py took 0.089 seconds
[2025-12-24T15:34:10.262+0000] {processor.py:157} INFO - Started process (PID=648) to work on /opt/airflow/dags/lastfm_top_tracks.py
[2025-12-24T15:34:10.263+0000] {processor.py:829} INFO - Processing file /opt/airflow/dags/lastfm_top_tracks.py for tasks to queue
[2025-12-24T15:34:10.264+0000] {logging_mixin.py:154} INFO - [2025-12-24T15:34:10.264+0000] {dagbag.py:536} INFO - Filling up the DagBag from /opt/airflow/dags/lastfm_top_tracks.py
[2025-12-24T15:34:10.278+0000] {logging_mixin.py:154} INFO - [2025-12-24T15:34:10.277+0000] {dagbag.py:346} ERROR - Failed to import: /opt/airflow/dags/lastfm_top_tracks.py
Traceback (most recent call last):
  File "/home/airflow/.local/lib/python3.8/site-packages/airflow/models/dagbag.py", line 342, in parse
    loader.exec_module(new_module)
  File "<frozen importlib._bootstrap_external>", line 839, in exec_module
  File "<frozen importlib._bootstrap_external>", line 976, in get_code
  File "<frozen importlib._bootstrap_external>", line 906, in source_to_code
  File "<frozen importlib._bootstrap>", line 219, in _call_with_frames_removed
  File "/opt/airflow/dags/lastfm_top_tracks.py", line 14
    DATA_DIR = "C:\Users\Shu-han\bigdata-stack\data"  # full path to your data folder
               ^
SyntaxError: (unicode error) 'unicodeescape' codec can't decode bytes in position 2-3: truncated \UXXXXXXXX escape
[2025-12-24T15:34:10.278+0000] {processor.py:841} WARNING - No viable dags retrieved from /opt/airflow/dags/lastfm_top_tracks.py
[2025-12-24T15:34:10.297+0000] {processor.py:179} INFO - Processing /opt/airflow/dags/lastfm_top_tracks.py took 0.038 seconds
[2025-12-24T15:34:40.634+0000] {processor.py:157} INFO - Started process (PID=663) to work on /opt/airflow/dags/lastfm_top_tracks.py
[2025-12-24T15:34:40.636+0000] {processor.py:829} INFO - Processing file /opt/airflow/dags/lastfm_top_tracks.py for tasks to queue
[2025-12-24T15:34:40.637+0000] {logging_mixin.py:154} INFO - [2025-12-24T15:34:40.636+0000] {dagbag.py:536} INFO - Filling up the DagBag from /opt/airflow/dags/lastfm_top_tracks.py
[2025-12-24T15:34:40.658+0000] {logging_mixin.py:154} INFO - [2025-12-24T15:34:40.657+0000] {dagbag.py:346} ERROR - Failed to import: /opt/airflow/dags/lastfm_top_tracks.py
Traceback (most recent call last):
  File "/home/airflow/.local/lib/python3.8/site-packages/airflow/models/dagbag.py", line 342, in parse
    loader.exec_module(new_module)
  File "<frozen importlib._bootstrap_external>", line 839, in exec_module
  File "<frozen importlib._bootstrap_external>", line 976, in get_code
  File "<frozen importlib._bootstrap_external>", line 906, in source_to_code
  File "<frozen importlib._bootstrap>", line 219, in _call_with_frames_removed
  File "/opt/airflow/dags/lastfm_top_tracks.py", line 14
    DATA_DIR = "C:\Users\Shu-han\bigdata-stack\data"  # full path to your data folder
               ^
SyntaxError: (unicode error) 'unicodeescape' codec can't decode bytes in position 2-3: truncated \UXXXXXXXX escape
[2025-12-24T15:34:40.659+0000] {processor.py:841} WARNING - No viable dags retrieved from /opt/airflow/dags/lastfm_top_tracks.py
[2025-12-24T15:34:40.682+0000] {processor.py:179} INFO - Processing /opt/airflow/dags/lastfm_top_tracks.py took 0.051 seconds
[2025-12-24T15:35:11.350+0000] {processor.py:157} INFO - Started process (PID=678) to work on /opt/airflow/dags/lastfm_top_tracks.py
[2025-12-24T15:35:11.351+0000] {processor.py:829} INFO - Processing file /opt/airflow/dags/lastfm_top_tracks.py for tasks to queue
[2025-12-24T15:35:11.352+0000] {logging_mixin.py:154} INFO - [2025-12-24T15:35:11.352+0000] {dagbag.py:536} INFO - Filling up the DagBag from /opt/airflow/dags/lastfm_top_tracks.py
[2025-12-24T15:35:11.374+0000] {logging_mixin.py:154} INFO - [2025-12-24T15:35:11.372+0000] {dagbag.py:346} ERROR - Failed to import: /opt/airflow/dags/lastfm_top_tracks.py
Traceback (most recent call last):
  File "/home/airflow/.local/lib/python3.8/site-packages/airflow/models/dagbag.py", line 342, in parse
    loader.exec_module(new_module)
  File "<frozen importlib._bootstrap_external>", line 839, in exec_module
  File "<frozen importlib._bootstrap_external>", line 976, in get_code
  File "<frozen importlib._bootstrap_external>", line 906, in source_to_code
  File "<frozen importlib._bootstrap>", line 219, in _call_with_frames_removed
  File "/opt/airflow/dags/lastfm_top_tracks.py", line 14
    DATA_DIR = "C:\Users\Shu-han\bigdata-stack\data"  # full path to your data folder
               ^
SyntaxError: (unicode error) 'unicodeescape' codec can't decode bytes in position 2-3: truncated \UXXXXXXXX escape
[2025-12-24T15:35:11.375+0000] {processor.py:841} WARNING - No viable dags retrieved from /opt/airflow/dags/lastfm_top_tracks.py
[2025-12-24T15:35:11.410+0000] {processor.py:179} INFO - Processing /opt/airflow/dags/lastfm_top_tracks.py took 0.064 seconds
[2025-12-24T15:35:41.858+0000] {processor.py:157} INFO - Started process (PID=693) to work on /opt/airflow/dags/lastfm_top_tracks.py
[2025-12-24T15:35:41.859+0000] {processor.py:829} INFO - Processing file /opt/airflow/dags/lastfm_top_tracks.py for tasks to queue
[2025-12-24T15:35:41.860+0000] {logging_mixin.py:154} INFO - [2025-12-24T15:35:41.860+0000] {dagbag.py:536} INFO - Filling up the DagBag from /opt/airflow/dags/lastfm_top_tracks.py
[2025-12-24T15:35:41.877+0000] {logging_mixin.py:154} INFO - [2025-12-24T15:35:41.876+0000] {dagbag.py:346} ERROR - Failed to import: /opt/airflow/dags/lastfm_top_tracks.py
Traceback (most recent call last):
  File "/home/airflow/.local/lib/python3.8/site-packages/airflow/models/dagbag.py", line 342, in parse
    loader.exec_module(new_module)
  File "<frozen importlib._bootstrap_external>", line 839, in exec_module
  File "<frozen importlib._bootstrap_external>", line 976, in get_code
  File "<frozen importlib._bootstrap_external>", line 906, in source_to_code
  File "<frozen importlib._bootstrap>", line 219, in _call_with_frames_removed
  File "/opt/airflow/dags/lastfm_top_tracks.py", line 14
    DATA_DIR = "C:\Users\Shu-han\bigdata-stack\data"  # full path to your data folder
               ^
SyntaxError: (unicode error) 'unicodeescape' codec can't decode bytes in position 2-3: truncated \UXXXXXXXX escape
[2025-12-24T15:35:41.878+0000] {processor.py:841} WARNING - No viable dags retrieved from /opt/airflow/dags/lastfm_top_tracks.py
[2025-12-24T15:35:41.901+0000] {processor.py:179} INFO - Processing /opt/airflow/dags/lastfm_top_tracks.py took 0.045 seconds
[2025-12-24T15:36:12.363+0000] {processor.py:157} INFO - Started process (PID=708) to work on /opt/airflow/dags/lastfm_top_tracks.py
[2025-12-24T15:36:12.364+0000] {processor.py:829} INFO - Processing file /opt/airflow/dags/lastfm_top_tracks.py for tasks to queue
[2025-12-24T15:36:12.365+0000] {logging_mixin.py:154} INFO - [2025-12-24T15:36:12.365+0000] {dagbag.py:536} INFO - Filling up the DagBag from /opt/airflow/dags/lastfm_top_tracks.py
[2025-12-24T15:36:12.385+0000] {logging_mixin.py:154} INFO - [2025-12-24T15:36:12.384+0000] {dagbag.py:346} ERROR - Failed to import: /opt/airflow/dags/lastfm_top_tracks.py
Traceback (most recent call last):
  File "/home/airflow/.local/lib/python3.8/site-packages/airflow/models/dagbag.py", line 342, in parse
    loader.exec_module(new_module)
  File "<frozen importlib._bootstrap_external>", line 839, in exec_module
  File "<frozen importlib._bootstrap_external>", line 976, in get_code
  File "<frozen importlib._bootstrap_external>", line 906, in source_to_code
  File "<frozen importlib._bootstrap>", line 219, in _call_with_frames_removed
  File "/opt/airflow/dags/lastfm_top_tracks.py", line 14
    DATA_DIR = "C:\Users\Shu-han\bigdata-stack\data"  # full path to your data folder
               ^
SyntaxError: (unicode error) 'unicodeescape' codec can't decode bytes in position 2-3: truncated \UXXXXXXXX escape
[2025-12-24T15:36:12.385+0000] {processor.py:841} WARNING - No viable dags retrieved from /opt/airflow/dags/lastfm_top_tracks.py
[2025-12-24T15:36:12.414+0000] {processor.py:179} INFO - Processing /opt/airflow/dags/lastfm_top_tracks.py took 0.055 seconds
[2025-12-24T15:36:42.875+0000] {processor.py:157} INFO - Started process (PID=723) to work on /opt/airflow/dags/lastfm_top_tracks.py
[2025-12-24T15:36:42.876+0000] {processor.py:829} INFO - Processing file /opt/airflow/dags/lastfm_top_tracks.py for tasks to queue
[2025-12-24T15:36:42.877+0000] {logging_mixin.py:154} INFO - [2025-12-24T15:36:42.877+0000] {dagbag.py:536} INFO - Filling up the DagBag from /opt/airflow/dags/lastfm_top_tracks.py
[2025-12-24T15:36:42.897+0000] {logging_mixin.py:154} INFO - [2025-12-24T15:36:42.896+0000] {dagbag.py:346} ERROR - Failed to import: /opt/airflow/dags/lastfm_top_tracks.py
Traceback (most recent call last):
  File "/home/airflow/.local/lib/python3.8/site-packages/airflow/models/dagbag.py", line 342, in parse
    loader.exec_module(new_module)
  File "<frozen importlib._bootstrap_external>", line 839, in exec_module
  File "<frozen importlib._bootstrap_external>", line 976, in get_code
  File "<frozen importlib._bootstrap_external>", line 906, in source_to_code
  File "<frozen importlib._bootstrap>", line 219, in _call_with_frames_removed
  File "/opt/airflow/dags/lastfm_top_tracks.py", line 14
    DATA_DIR = "C:\Users\Shu-han\bigdata-stack\data"  # full path to your data folder
               ^
SyntaxError: (unicode error) 'unicodeescape' codec can't decode bytes in position 2-3: truncated \UXXXXXXXX escape
[2025-12-24T15:36:42.897+0000] {processor.py:841} WARNING - No viable dags retrieved from /opt/airflow/dags/lastfm_top_tracks.py
[2025-12-24T15:36:42.917+0000] {processor.py:179} INFO - Processing /opt/airflow/dags/lastfm_top_tracks.py took 0.044 seconds
[2025-12-24T15:37:13.283+0000] {processor.py:157} INFO - Started process (PID=738) to work on /opt/airflow/dags/lastfm_top_tracks.py
[2025-12-24T15:37:13.284+0000] {processor.py:829} INFO - Processing file /opt/airflow/dags/lastfm_top_tracks.py for tasks to queue
[2025-12-24T15:37:13.285+0000] {logging_mixin.py:154} INFO - [2025-12-24T15:37:13.285+0000] {dagbag.py:536} INFO - Filling up the DagBag from /opt/airflow/dags/lastfm_top_tracks.py
[2025-12-24T15:37:13.300+0000] {logging_mixin.py:154} INFO - [2025-12-24T15:37:13.299+0000] {dagbag.py:346} ERROR - Failed to import: /opt/airflow/dags/lastfm_top_tracks.py
Traceback (most recent call last):
  File "/home/airflow/.local/lib/python3.8/site-packages/airflow/models/dagbag.py", line 342, in parse
    loader.exec_module(new_module)
  File "<frozen importlib._bootstrap_external>", line 839, in exec_module
  File "<frozen importlib._bootstrap_external>", line 976, in get_code
  File "<frozen importlib._bootstrap_external>", line 906, in source_to_code
  File "<frozen importlib._bootstrap>", line 219, in _call_with_frames_removed
  File "/opt/airflow/dags/lastfm_top_tracks.py", line 14
    DATA_DIR = "C:\Users\Shu-han\bigdata-stack\data"  # full path to your data folder
               ^
SyntaxError: (unicode error) 'unicodeescape' codec can't decode bytes in position 2-3: truncated \UXXXXXXXX escape
[2025-12-24T15:37:13.300+0000] {processor.py:841} WARNING - No viable dags retrieved from /opt/airflow/dags/lastfm_top_tracks.py
[2025-12-24T15:37:13.321+0000] {processor.py:179} INFO - Processing /opt/airflow/dags/lastfm_top_tracks.py took 0.040 seconds
[2025-12-24T15:37:43.781+0000] {processor.py:157} INFO - Started process (PID=753) to work on /opt/airflow/dags/lastfm_top_tracks.py
[2025-12-24T15:37:43.783+0000] {processor.py:829} INFO - Processing file /opt/airflow/dags/lastfm_top_tracks.py for tasks to queue
[2025-12-24T15:37:43.784+0000] {logging_mixin.py:154} INFO - [2025-12-24T15:37:43.783+0000] {dagbag.py:536} INFO - Filling up the DagBag from /opt/airflow/dags/lastfm_top_tracks.py
[2025-12-24T15:37:43.804+0000] {logging_mixin.py:154} INFO - [2025-12-24T15:37:43.803+0000] {dagbag.py:346} ERROR - Failed to import: /opt/airflow/dags/lastfm_top_tracks.py
Traceback (most recent call last):
  File "/home/airflow/.local/lib/python3.8/site-packages/airflow/models/dagbag.py", line 342, in parse
    loader.exec_module(new_module)
  File "<frozen importlib._bootstrap_external>", line 839, in exec_module
  File "<frozen importlib._bootstrap_external>", line 976, in get_code
  File "<frozen importlib._bootstrap_external>", line 906, in source_to_code
  File "<frozen importlib._bootstrap>", line 219, in _call_with_frames_removed
  File "/opt/airflow/dags/lastfm_top_tracks.py", line 14
    DATA_DIR = "C:\Users\Shu-han\bigdata-stack\data"  # full path to your data folder
               ^
SyntaxError: (unicode error) 'unicodeescape' codec can't decode bytes in position 2-3: truncated \UXXXXXXXX escape
[2025-12-24T15:37:43.805+0000] {processor.py:841} WARNING - No viable dags retrieved from /opt/airflow/dags/lastfm_top_tracks.py
[2025-12-24T15:37:43.830+0000] {processor.py:179} INFO - Processing /opt/airflow/dags/lastfm_top_tracks.py took 0.051 seconds
[2025-12-24T15:38:14.268+0000] {processor.py:157} INFO - Started process (PID=768) to work on /opt/airflow/dags/lastfm_top_tracks.py
[2025-12-24T15:38:14.269+0000] {processor.py:829} INFO - Processing file /opt/airflow/dags/lastfm_top_tracks.py for tasks to queue
[2025-12-24T15:38:14.270+0000] {logging_mixin.py:154} INFO - [2025-12-24T15:38:14.270+0000] {dagbag.py:536} INFO - Filling up the DagBag from /opt/airflow/dags/lastfm_top_tracks.py
[2025-12-24T15:38:14.294+0000] {logging_mixin.py:154} INFO - [2025-12-24T15:38:14.292+0000] {dagbag.py:346} ERROR - Failed to import: /opt/airflow/dags/lastfm_top_tracks.py
Traceback (most recent call last):
  File "/home/airflow/.local/lib/python3.8/site-packages/airflow/models/dagbag.py", line 342, in parse
    loader.exec_module(new_module)
  File "<frozen importlib._bootstrap_external>", line 839, in exec_module
  File "<frozen importlib._bootstrap_external>", line 976, in get_code
  File "<frozen importlib._bootstrap_external>", line 906, in source_to_code
  File "<frozen importlib._bootstrap>", line 219, in _call_with_frames_removed
  File "/opt/airflow/dags/lastfm_top_tracks.py", line 14
    DATA_DIR = "C:\Users\Shu-han\bigdata-stack\data"  # full path to your data folder
               ^
SyntaxError: (unicode error) 'unicodeescape' codec can't decode bytes in position 2-3: truncated \UXXXXXXXX escape
[2025-12-24T15:38:14.294+0000] {processor.py:841} WARNING - No viable dags retrieved from /opt/airflow/dags/lastfm_top_tracks.py
[2025-12-24T15:38:14.319+0000] {processor.py:179} INFO - Processing /opt/airflow/dags/lastfm_top_tracks.py took 0.055 seconds
[2025-12-24T15:38:44.733+0000] {processor.py:157} INFO - Started process (PID=783) to work on /opt/airflow/dags/lastfm_top_tracks.py
[2025-12-24T15:38:44.734+0000] {processor.py:829} INFO - Processing file /opt/airflow/dags/lastfm_top_tracks.py for tasks to queue
[2025-12-24T15:38:44.735+0000] {logging_mixin.py:154} INFO - [2025-12-24T15:38:44.735+0000] {dagbag.py:536} INFO - Filling up the DagBag from /opt/airflow/dags/lastfm_top_tracks.py
[2025-12-24T15:38:44.756+0000] {logging_mixin.py:154} INFO - [2025-12-24T15:38:44.755+0000] {dagbag.py:346} ERROR - Failed to import: /opt/airflow/dags/lastfm_top_tracks.py
Traceback (most recent call last):
  File "/home/airflow/.local/lib/python3.8/site-packages/airflow/models/dagbag.py", line 342, in parse
    loader.exec_module(new_module)
  File "<frozen importlib._bootstrap_external>", line 839, in exec_module
  File "<frozen importlib._bootstrap_external>", line 976, in get_code
  File "<frozen importlib._bootstrap_external>", line 906, in source_to_code
  File "<frozen importlib._bootstrap>", line 219, in _call_with_frames_removed
  File "/opt/airflow/dags/lastfm_top_tracks.py", line 14
    DATA_DIR = "C:\Users\Shu-han\bigdata-stack\data"  # full path to your data folder
               ^
SyntaxError: (unicode error) 'unicodeescape' codec can't decode bytes in position 2-3: truncated \UXXXXXXXX escape
[2025-12-24T15:38:44.756+0000] {processor.py:841} WARNING - No viable dags retrieved from /opt/airflow/dags/lastfm_top_tracks.py
[2025-12-24T15:38:44.776+0000] {processor.py:179} INFO - Processing /opt/airflow/dags/lastfm_top_tracks.py took 0.046 seconds
[2025-12-24T15:39:15.203+0000] {processor.py:157} INFO - Started process (PID=798) to work on /opt/airflow/dags/lastfm_top_tracks.py
[2025-12-24T15:39:15.205+0000] {processor.py:829} INFO - Processing file /opt/airflow/dags/lastfm_top_tracks.py for tasks to queue
[2025-12-24T15:39:15.206+0000] {logging_mixin.py:154} INFO - [2025-12-24T15:39:15.206+0000] {dagbag.py:536} INFO - Filling up the DagBag from /opt/airflow/dags/lastfm_top_tracks.py
[2025-12-24T15:39:15.236+0000] {logging_mixin.py:154} INFO - [2025-12-24T15:39:15.235+0000] {dagbag.py:346} ERROR - Failed to import: /opt/airflow/dags/lastfm_top_tracks.py
Traceback (most recent call last):
  File "/home/airflow/.local/lib/python3.8/site-packages/airflow/models/dagbag.py", line 342, in parse
    loader.exec_module(new_module)
  File "<frozen importlib._bootstrap_external>", line 839, in exec_module
  File "<frozen importlib._bootstrap_external>", line 976, in get_code
  File "<frozen importlib._bootstrap_external>", line 906, in source_to_code
  File "<frozen importlib._bootstrap>", line 219, in _call_with_frames_removed
  File "/opt/airflow/dags/lastfm_top_tracks.py", line 14
    DATA_DIR = "C:\Users\Shu-han\bigdata-stack\data"  # full path to your data folder
               ^
SyntaxError: (unicode error) 'unicodeescape' codec can't decode bytes in position 2-3: truncated \UXXXXXXXX escape
[2025-12-24T15:39:15.237+0000] {processor.py:841} WARNING - No viable dags retrieved from /opt/airflow/dags/lastfm_top_tracks.py
[2025-12-24T15:39:15.270+0000] {processor.py:179} INFO - Processing /opt/airflow/dags/lastfm_top_tracks.py took 0.071 seconds
[2025-12-24T15:39:45.683+0000] {processor.py:157} INFO - Started process (PID=818) to work on /opt/airflow/dags/lastfm_top_tracks.py
[2025-12-24T15:39:45.685+0000] {processor.py:829} INFO - Processing file /opt/airflow/dags/lastfm_top_tracks.py for tasks to queue
[2025-12-24T15:39:45.686+0000] {logging_mixin.py:154} INFO - [2025-12-24T15:39:45.686+0000] {dagbag.py:536} INFO - Filling up the DagBag from /opt/airflow/dags/lastfm_top_tracks.py
[2025-12-24T15:39:45.707+0000] {logging_mixin.py:154} INFO - [2025-12-24T15:39:45.706+0000] {dagbag.py:346} ERROR - Failed to import: /opt/airflow/dags/lastfm_top_tracks.py
Traceback (most recent call last):
  File "/home/airflow/.local/lib/python3.8/site-packages/airflow/models/dagbag.py", line 342, in parse
    loader.exec_module(new_module)
  File "<frozen importlib._bootstrap_external>", line 839, in exec_module
  File "<frozen importlib._bootstrap_external>", line 976, in get_code
  File "<frozen importlib._bootstrap_external>", line 906, in source_to_code
  File "<frozen importlib._bootstrap>", line 219, in _call_with_frames_removed
  File "/opt/airflow/dags/lastfm_top_tracks.py", line 14
    DATA_DIR = "C:\Users\Shu-han\bigdata-stack\data"  # full path to your data folder
               ^
SyntaxError: (unicode error) 'unicodeescape' codec can't decode bytes in position 2-3: truncated \UXXXXXXXX escape
[2025-12-24T15:39:45.707+0000] {processor.py:841} WARNING - No viable dags retrieved from /opt/airflow/dags/lastfm_top_tracks.py
[2025-12-24T15:39:45.732+0000] {processor.py:179} INFO - Processing /opt/airflow/dags/lastfm_top_tracks.py took 0.052 seconds
[2025-12-24T15:40:16.124+0000] {processor.py:157} INFO - Started process (PID=839) to work on /opt/airflow/dags/lastfm_top_tracks.py
[2025-12-24T15:40:16.126+0000] {processor.py:829} INFO - Processing file /opt/airflow/dags/lastfm_top_tracks.py for tasks to queue
[2025-12-24T15:40:16.127+0000] {logging_mixin.py:154} INFO - [2025-12-24T15:40:16.127+0000] {dagbag.py:536} INFO - Filling up the DagBag from /opt/airflow/dags/lastfm_top_tracks.py
[2025-12-24T15:40:16.176+0000] {logging_mixin.py:154} INFO - [2025-12-24T15:40:16.175+0000] {dagbag.py:346} ERROR - Failed to import: /opt/airflow/dags/lastfm_top_tracks.py
Traceback (most recent call last):
  File "/home/airflow/.local/lib/python3.8/site-packages/airflow/models/dagbag.py", line 342, in parse
    loader.exec_module(new_module)
  File "<frozen importlib._bootstrap_external>", line 839, in exec_module
  File "<frozen importlib._bootstrap_external>", line 976, in get_code
  File "<frozen importlib._bootstrap_external>", line 906, in source_to_code
  File "<frozen importlib._bootstrap>", line 219, in _call_with_frames_removed
  File "/opt/airflow/dags/lastfm_top_tracks.py", line 14
    DATA_DIR = "C:\Users\Shu-han\bigdata-stack\data"  # full path to your data folder
               ^
SyntaxError: (unicode error) 'unicodeescape' codec can't decode bytes in position 2-3: truncated \UXXXXXXXX escape
[2025-12-24T15:40:16.177+0000] {processor.py:841} WARNING - No viable dags retrieved from /opt/airflow/dags/lastfm_top_tracks.py
[2025-12-24T15:40:16.200+0000] {processor.py:179} INFO - Processing /opt/airflow/dags/lastfm_top_tracks.py took 0.079 seconds
[2025-12-24T15:40:46.588+0000] {processor.py:157} INFO - Started process (PID=857) to work on /opt/airflow/dags/lastfm_top_tracks.py
[2025-12-24T15:40:46.589+0000] {processor.py:829} INFO - Processing file /opt/airflow/dags/lastfm_top_tracks.py for tasks to queue
[2025-12-24T15:40:46.590+0000] {logging_mixin.py:154} INFO - [2025-12-24T15:40:46.590+0000] {dagbag.py:536} INFO - Filling up the DagBag from /opt/airflow/dags/lastfm_top_tracks.py
[2025-12-24T15:40:46.613+0000] {logging_mixin.py:154} INFO - [2025-12-24T15:40:46.612+0000] {dagbag.py:346} ERROR - Failed to import: /opt/airflow/dags/lastfm_top_tracks.py
Traceback (most recent call last):
  File "/home/airflow/.local/lib/python3.8/site-packages/airflow/models/dagbag.py", line 342, in parse
    loader.exec_module(new_module)
  File "<frozen importlib._bootstrap_external>", line 839, in exec_module
  File "<frozen importlib._bootstrap_external>", line 976, in get_code
  File "<frozen importlib._bootstrap_external>", line 906, in source_to_code
  File "<frozen importlib._bootstrap>", line 219, in _call_with_frames_removed
  File "/opt/airflow/dags/lastfm_top_tracks.py", line 14
    DATA_DIR = "C:\Users\Shu-han\bigdata-stack\data"  # full path to your data folder
               ^
SyntaxError: (unicode error) 'unicodeescape' codec can't decode bytes in position 2-3: truncated \UXXXXXXXX escape
[2025-12-24T15:40:46.614+0000] {processor.py:841} WARNING - No viable dags retrieved from /opt/airflow/dags/lastfm_top_tracks.py
[2025-12-24T15:40:46.636+0000] {processor.py:179} INFO - Processing /opt/airflow/dags/lastfm_top_tracks.py took 0.051 seconds
[2025-12-24T15:41:17.030+0000] {processor.py:157} INFO - Started process (PID=872) to work on /opt/airflow/dags/lastfm_top_tracks.py
[2025-12-24T15:41:17.031+0000] {processor.py:829} INFO - Processing file /opt/airflow/dags/lastfm_top_tracks.py for tasks to queue
[2025-12-24T15:41:17.032+0000] {logging_mixin.py:154} INFO - [2025-12-24T15:41:17.032+0000] {dagbag.py:536} INFO - Filling up the DagBag from /opt/airflow/dags/lastfm_top_tracks.py
[2025-12-24T15:41:17.053+0000] {logging_mixin.py:154} INFO - [2025-12-24T15:41:17.052+0000] {dagbag.py:346} ERROR - Failed to import: /opt/airflow/dags/lastfm_top_tracks.py
Traceback (most recent call last):
  File "/home/airflow/.local/lib/python3.8/site-packages/airflow/models/dagbag.py", line 342, in parse
    loader.exec_module(new_module)
  File "<frozen importlib._bootstrap_external>", line 839, in exec_module
  File "<frozen importlib._bootstrap_external>", line 976, in get_code
  File "<frozen importlib._bootstrap_external>", line 906, in source_to_code
  File "<frozen importlib._bootstrap>", line 219, in _call_with_frames_removed
  File "/opt/airflow/dags/lastfm_top_tracks.py", line 14
    DATA_DIR = "C:\Users\Shu-han\bigdata-stack\data"  # full path to your data folder
               ^
SyntaxError: (unicode error) 'unicodeescape' codec can't decode bytes in position 2-3: truncated \UXXXXXXXX escape
[2025-12-24T15:41:17.053+0000] {processor.py:841} WARNING - No viable dags retrieved from /opt/airflow/dags/lastfm_top_tracks.py
[2025-12-24T15:41:17.072+0000] {processor.py:179} INFO - Processing /opt/airflow/dags/lastfm_top_tracks.py took 0.045 seconds
[2025-12-24T15:41:47.422+0000] {processor.py:157} INFO - Started process (PID=890) to work on /opt/airflow/dags/lastfm_top_tracks.py
[2025-12-24T15:41:47.424+0000] {processor.py:829} INFO - Processing file /opt/airflow/dags/lastfm_top_tracks.py for tasks to queue
[2025-12-24T15:41:47.426+0000] {logging_mixin.py:154} INFO - [2025-12-24T15:41:47.425+0000] {dagbag.py:536} INFO - Filling up the DagBag from /opt/airflow/dags/lastfm_top_tracks.py
[2025-12-24T15:41:47.448+0000] {logging_mixin.py:154} INFO - [2025-12-24T15:41:47.447+0000] {dagbag.py:346} ERROR - Failed to import: /opt/airflow/dags/lastfm_top_tracks.py
Traceback (most recent call last):
  File "/home/airflow/.local/lib/python3.8/site-packages/airflow/models/dagbag.py", line 342, in parse
    loader.exec_module(new_module)
  File "<frozen importlib._bootstrap_external>", line 839, in exec_module
  File "<frozen importlib._bootstrap_external>", line 976, in get_code
  File "<frozen importlib._bootstrap_external>", line 906, in source_to_code
  File "<frozen importlib._bootstrap>", line 219, in _call_with_frames_removed
  File "/opt/airflow/dags/lastfm_top_tracks.py", line 14
    DATA_DIR = "C:\Users\Shu-han\bigdata-stack\data"  # full path to your data folder
               ^
SyntaxError: (unicode error) 'unicodeescape' codec can't decode bytes in position 2-3: truncated \UXXXXXXXX escape
[2025-12-24T15:41:47.449+0000] {processor.py:841} WARNING - No viable dags retrieved from /opt/airflow/dags/lastfm_top_tracks.py
[2025-12-24T15:41:47.478+0000] {processor.py:179} INFO - Processing /opt/airflow/dags/lastfm_top_tracks.py took 0.061 seconds
[2025-12-24T15:42:17.918+0000] {processor.py:157} INFO - Started process (PID=905) to work on /opt/airflow/dags/lastfm_top_tracks.py
[2025-12-24T15:42:17.920+0000] {processor.py:829} INFO - Processing file /opt/airflow/dags/lastfm_top_tracks.py for tasks to queue
[2025-12-24T15:42:17.921+0000] {logging_mixin.py:154} INFO - [2025-12-24T15:42:17.920+0000] {dagbag.py:536} INFO - Filling up the DagBag from /opt/airflow/dags/lastfm_top_tracks.py
[2025-12-24T15:42:17.936+0000] {logging_mixin.py:154} INFO - [2025-12-24T15:42:17.935+0000] {dagbag.py:346} ERROR - Failed to import: /opt/airflow/dags/lastfm_top_tracks.py
Traceback (most recent call last):
  File "/home/airflow/.local/lib/python3.8/site-packages/airflow/models/dagbag.py", line 342, in parse
    loader.exec_module(new_module)
  File "<frozen importlib._bootstrap_external>", line 839, in exec_module
  File "<frozen importlib._bootstrap_external>", line 976, in get_code
  File "<frozen importlib._bootstrap_external>", line 906, in source_to_code
  File "<frozen importlib._bootstrap>", line 219, in _call_with_frames_removed
  File "/opt/airflow/dags/lastfm_top_tracks.py", line 14
    DATA_DIR = "C:\Users\Shu-han\bigdata-stack\data"  # full path to your data folder
               ^
SyntaxError: (unicode error) 'unicodeescape' codec can't decode bytes in position 2-3: truncated \UXXXXXXXX escape
[2025-12-24T15:42:17.936+0000] {processor.py:841} WARNING - No viable dags retrieved from /opt/airflow/dags/lastfm_top_tracks.py
[2025-12-24T15:42:17.965+0000] {processor.py:179} INFO - Processing /opt/airflow/dags/lastfm_top_tracks.py took 0.050 seconds
[2025-12-24T15:42:48.522+0000] {processor.py:157} INFO - Started process (PID=920) to work on /opt/airflow/dags/lastfm_top_tracks.py
[2025-12-24T15:42:48.523+0000] {processor.py:829} INFO - Processing file /opt/airflow/dags/lastfm_top_tracks.py for tasks to queue
[2025-12-24T15:42:48.524+0000] {logging_mixin.py:154} INFO - [2025-12-24T15:42:48.524+0000] {dagbag.py:536} INFO - Filling up the DagBag from /opt/airflow/dags/lastfm_top_tracks.py
[2025-12-24T15:42:48.548+0000] {logging_mixin.py:154} INFO - [2025-12-24T15:42:48.547+0000] {dagbag.py:346} ERROR - Failed to import: /opt/airflow/dags/lastfm_top_tracks.py
Traceback (most recent call last):
  File "/home/airflow/.local/lib/python3.8/site-packages/airflow/models/dagbag.py", line 342, in parse
    loader.exec_module(new_module)
  File "<frozen importlib._bootstrap_external>", line 839, in exec_module
  File "<frozen importlib._bootstrap_external>", line 976, in get_code
  File "<frozen importlib._bootstrap_external>", line 906, in source_to_code
  File "<frozen importlib._bootstrap>", line 219, in _call_with_frames_removed
  File "/opt/airflow/dags/lastfm_top_tracks.py", line 14
    DATA_DIR = "C:\Users\Shu-han\bigdata-stack\data"  # full path to your data folder
               ^
SyntaxError: (unicode error) 'unicodeescape' codec can't decode bytes in position 2-3: truncated \UXXXXXXXX escape
[2025-12-24T15:42:48.549+0000] {processor.py:841} WARNING - No viable dags retrieved from /opt/airflow/dags/lastfm_top_tracks.py
[2025-12-24T15:42:48.575+0000] {processor.py:179} INFO - Processing /opt/airflow/dags/lastfm_top_tracks.py took 0.057 seconds
[2025-12-24T15:43:18.936+0000] {processor.py:157} INFO - Started process (PID=935) to work on /opt/airflow/dags/lastfm_top_tracks.py
[2025-12-24T15:43:18.937+0000] {processor.py:829} INFO - Processing file /opt/airflow/dags/lastfm_top_tracks.py for tasks to queue
[2025-12-24T15:43:18.938+0000] {logging_mixin.py:154} INFO - [2025-12-24T15:43:18.938+0000] {dagbag.py:536} INFO - Filling up the DagBag from /opt/airflow/dags/lastfm_top_tracks.py
[2025-12-24T15:43:18.954+0000] {logging_mixin.py:154} INFO - [2025-12-24T15:43:18.953+0000] {dagbag.py:346} ERROR - Failed to import: /opt/airflow/dags/lastfm_top_tracks.py
Traceback (most recent call last):
  File "/home/airflow/.local/lib/python3.8/site-packages/airflow/models/dagbag.py", line 342, in parse
    loader.exec_module(new_module)
  File "<frozen importlib._bootstrap_external>", line 839, in exec_module
  File "<frozen importlib._bootstrap_external>", line 976, in get_code
  File "<frozen importlib._bootstrap_external>", line 906, in source_to_code
  File "<frozen importlib._bootstrap>", line 219, in _call_with_frames_removed
  File "/opt/airflow/dags/lastfm_top_tracks.py", line 14
    DATA_DIR = "C:\Users\Shu-han\bigdata-stack\data"  # full path to your data folder
               ^
SyntaxError: (unicode error) 'unicodeescape' codec can't decode bytes in position 2-3: truncated \UXXXXXXXX escape
[2025-12-24T15:43:18.955+0000] {processor.py:841} WARNING - No viable dags retrieved from /opt/airflow/dags/lastfm_top_tracks.py
[2025-12-24T15:43:18.986+0000] {processor.py:179} INFO - Processing /opt/airflow/dags/lastfm_top_tracks.py took 0.054 seconds
[2025-12-24T15:43:48.373+0000] {processor.py:157} INFO - Started process (PID=950) to work on /opt/airflow/dags/lastfm_top_tracks.py
[2025-12-24T15:43:48.375+0000] {processor.py:829} INFO - Processing file /opt/airflow/dags/lastfm_top_tracks.py for tasks to queue
[2025-12-24T15:43:48.376+0000] {logging_mixin.py:154} INFO - [2025-12-24T15:43:48.376+0000] {dagbag.py:536} INFO - Filling up the DagBag from /opt/airflow/dags/lastfm_top_tracks.py
[2025-12-24T15:43:48.880+0000] {logging_mixin.py:154} INFO - [2025-12-24T15:43:48.875+0000] {dagbag.py:346} ERROR - Failed to import: /opt/airflow/dags/lastfm_top_tracks.py
Traceback (most recent call last):
  File "/home/airflow/.local/lib/python3.8/site-packages/airflow/models/dagbag.py", line 342, in parse
    loader.exec_module(new_module)
  File "<frozen importlib._bootstrap_external>", line 843, in exec_module
  File "<frozen importlib._bootstrap>", line 219, in _call_with_frames_removed
  File "/opt/airflow/dags/lastfm_top_tracks.py", line 14, in <module>
    os.makedirs(DATA_DIR, exist_ok=True)
  File "/usr/local/lib/python3.8/os.py", line 213, in makedirs
    makedirs(head, exist_ok=exist_ok)
  File "/usr/local/lib/python3.8/os.py", line 223, in makedirs
    mkdir(name, mode)
PermissionError: [Errno 13] Permission denied: '/home/shuhan'
[2025-12-24T15:43:48.881+0000] {processor.py:841} WARNING - No viable dags retrieved from /opt/airflow/dags/lastfm_top_tracks.py
[2025-12-24T15:43:48.900+0000] {processor.py:179} INFO - Processing /opt/airflow/dags/lastfm_top_tracks.py took 0.530 seconds
[2025-12-24T15:44:19.846+0000] {processor.py:157} INFO - Started process (PID=966) to work on /opt/airflow/dags/lastfm_top_tracks.py
[2025-12-24T15:44:19.847+0000] {processor.py:829} INFO - Processing file /opt/airflow/dags/lastfm_top_tracks.py for tasks to queue
[2025-12-24T15:44:19.848+0000] {logging_mixin.py:154} INFO - [2025-12-24T15:44:19.848+0000] {dagbag.py:536} INFO - Filling up the DagBag from /opt/airflow/dags/lastfm_top_tracks.py
[2025-12-24T15:44:20.322+0000] {logging_mixin.py:154} INFO - [2025-12-24T15:44:20.313+0000] {dagbag.py:346} ERROR - Failed to import: /opt/airflow/dags/lastfm_top_tracks.py
Traceback (most recent call last):
  File "/home/airflow/.local/lib/python3.8/site-packages/airflow/models/dagbag.py", line 342, in parse
    loader.exec_module(new_module)
  File "<frozen importlib._bootstrap_external>", line 843, in exec_module
  File "<frozen importlib._bootstrap>", line 219, in _call_with_frames_removed
  File "/opt/airflow/dags/lastfm_top_tracks.py", line 14, in <module>
    os.makedirs(DATA_DIR, exist_ok=True)
  File "/usr/local/lib/python3.8/os.py", line 213, in makedirs
    makedirs(head, exist_ok=exist_ok)
  File "/usr/local/lib/python3.8/os.py", line 223, in makedirs
    mkdir(name, mode)
PermissionError: [Errno 13] Permission denied: '/home/shuhan'
[2025-12-24T15:44:20.323+0000] {processor.py:841} WARNING - No viable dags retrieved from /opt/airflow/dags/lastfm_top_tracks.py
[2025-12-24T15:44:20.350+0000] {processor.py:179} INFO - Processing /opt/airflow/dags/lastfm_top_tracks.py took 0.507 seconds
[2025-12-24T15:44:51.280+0000] {processor.py:157} INFO - Started process (PID=982) to work on /opt/airflow/dags/lastfm_top_tracks.py
[2025-12-24T15:44:51.281+0000] {processor.py:829} INFO - Processing file /opt/airflow/dags/lastfm_top_tracks.py for tasks to queue
[2025-12-24T15:44:51.282+0000] {logging_mixin.py:154} INFO - [2025-12-24T15:44:51.282+0000] {dagbag.py:536} INFO - Filling up the DagBag from /opt/airflow/dags/lastfm_top_tracks.py
[2025-12-24T15:44:51.574+0000] {logging_mixin.py:154} INFO - [2025-12-24T15:44:51.567+0000] {dagbag.py:346} ERROR - Failed to import: /opt/airflow/dags/lastfm_top_tracks.py
Traceback (most recent call last):
  File "/home/airflow/.local/lib/python3.8/site-packages/airflow/models/dagbag.py", line 342, in parse
    loader.exec_module(new_module)
  File "<frozen importlib._bootstrap_external>", line 843, in exec_module
  File "<frozen importlib._bootstrap>", line 219, in _call_with_frames_removed
  File "/opt/airflow/dags/lastfm_top_tracks.py", line 14, in <module>
    os.makedirs(DATA_DIR, exist_ok=True)
  File "/usr/local/lib/python3.8/os.py", line 213, in makedirs
    makedirs(head, exist_ok=exist_ok)
  File "/usr/local/lib/python3.8/os.py", line 223, in makedirs
    mkdir(name, mode)
PermissionError: [Errno 13] Permission denied: '/home/shuhan'
[2025-12-24T15:44:51.575+0000] {processor.py:841} WARNING - No viable dags retrieved from /opt/airflow/dags/lastfm_top_tracks.py
[2025-12-24T15:44:51.598+0000] {processor.py:179} INFO - Processing /opt/airflow/dags/lastfm_top_tracks.py took 0.321 seconds
[2025-12-24T15:45:16.674+0000] {processor.py:157} INFO - Started process (PID=993) to work on /opt/airflow/dags/lastfm_top_tracks.py
[2025-12-24T15:45:16.675+0000] {processor.py:829} INFO - Processing file /opt/airflow/dags/lastfm_top_tracks.py for tasks to queue
[2025-12-24T15:45:16.677+0000] {logging_mixin.py:154} INFO - [2025-12-24T15:45:16.676+0000] {dagbag.py:536} INFO - Filling up the DagBag from /opt/airflow/dags/lastfm_top_tracks.py
[2025-12-24T15:45:17.197+0000] {processor.py:839} INFO - DAG(s) dict_keys(['lastfm_top_tracks_daily']) retrieved from /opt/airflow/dags/lastfm_top_tracks.py
[2025-12-24T15:45:17.388+0000] {logging_mixin.py:154} INFO - [2025-12-24T15:45:17.388+0000] {manager.py:499} INFO - Created Permission View: %s
[2025-12-24T15:45:17.401+0000] {logging_mixin.py:154} INFO - [2025-12-24T15:45:17.401+0000] {manager.py:499} INFO - Created Permission View: %s
[2025-12-24T15:45:17.411+0000] {logging_mixin.py:154} INFO - [2025-12-24T15:45:17.411+0000] {manager.py:499} INFO - Created Permission View: %s
[2025-12-24T15:45:17.412+0000] {logging_mixin.py:154} INFO - [2025-12-24T15:45:17.411+0000] {dag.py:2941} INFO - Sync 1 DAGs
[2025-12-24T15:45:17.423+0000] {logging_mixin.py:154} INFO - [2025-12-24T15:45:17.422+0000] {dag.py:2963} INFO - Creating ORM DAG for lastfm_top_tracks_daily
[2025-12-24T15:45:17.434+0000] {logging_mixin.py:154} INFO - [2025-12-24T15:45:17.434+0000] {dag.py:3722} INFO - Setting next_dagrun for lastfm_top_tracks_daily to 2025-12-24T00:00:00+00:00, run_after=2025-12-25T00:00:00+00:00
[2025-12-24T15:45:17.464+0000] {processor.py:179} INFO - Processing /opt/airflow/dags/lastfm_top_tracks.py took 0.793 seconds
[2025-12-24T15:45:18.545+0000] {processor.py:157} INFO - Started process (PID=999) to work on /opt/airflow/dags/lastfm_top_tracks.py
[2025-12-24T15:45:18.546+0000] {processor.py:829} INFO - Processing file /opt/airflow/dags/lastfm_top_tracks.py for tasks to queue
[2025-12-24T15:45:18.547+0000] {logging_mixin.py:154} INFO - [2025-12-24T15:45:18.547+0000] {dagbag.py:536} INFO - Filling up the DagBag from /opt/airflow/dags/lastfm_top_tracks.py
[2025-12-24T15:45:18.989+0000] {processor.py:839} INFO - DAG(s) dict_keys(['lastfm_top_tracks_daily']) retrieved from /opt/airflow/dags/lastfm_top_tracks.py
[2025-12-24T15:45:19.003+0000] {logging_mixin.py:154} INFO - [2025-12-24T15:45:19.002+0000] {dag.py:2941} INFO - Sync 1 DAGs
[2025-12-24T15:45:19.024+0000] {logging_mixin.py:154} INFO - [2025-12-24T15:45:19.024+0000] {dag.py:3722} INFO - Setting next_dagrun for lastfm_top_tracks_daily to 2025-12-24T00:00:00+00:00, run_after=2025-12-25T00:00:00+00:00
[2025-12-24T15:45:19.063+0000] {processor.py:179} INFO - Processing /opt/airflow/dags/lastfm_top_tracks.py took 0.521 seconds
[2025-12-24T15:45:38.062+0000] {processor.py:157} INFO - Started process (PID=1015) to work on /opt/airflow/dags/lastfm_top_tracks.py
[2025-12-24T15:45:38.063+0000] {processor.py:829} INFO - Processing file /opt/airflow/dags/lastfm_top_tracks.py for tasks to queue
[2025-12-24T15:45:38.064+0000] {logging_mixin.py:154} INFO - [2025-12-24T15:45:38.064+0000] {dagbag.py:536} INFO - Filling up the DagBag from /opt/airflow/dags/lastfm_top_tracks.py
[2025-12-24T15:45:38.557+0000] {logging_mixin.py:154} INFO - [2025-12-24T15:45:38.549+0000] {dagbag.py:346} ERROR - Failed to import: /opt/airflow/dags/lastfm_top_tracks.py
Traceback (most recent call last):
  File "/home/airflow/.local/lib/python3.8/site-packages/airflow/models/dagbag.py", line 342, in parse
    loader.exec_module(new_module)
  File "<frozen importlib._bootstrap_external>", line 843, in exec_module
  File "<frozen importlib._bootstrap>", line 219, in _call_with_frames_removed
  File "/opt/airflow/dags/lastfm_top_tracks.py", line 14, in <module>
    os.makedirs(DATA_DIR, exist_ok=True)
  File "/usr/local/lib/python3.8/os.py", line 223, in makedirs
    mkdir(name, mode)
PermissionError: [Errno 13] Permission denied: '../data'
[2025-12-24T15:45:38.560+0000] {processor.py:841} WARNING - No viable dags retrieved from /opt/airflow/dags/lastfm_top_tracks.py
[2025-12-24T15:45:38.578+0000] {processor.py:179} INFO - Processing /opt/airflow/dags/lastfm_top_tracks.py took 0.519 seconds
[2025-12-24T15:46:09.130+0000] {processor.py:157} INFO - Started process (PID=1031) to work on /opt/airflow/dags/lastfm_top_tracks.py
[2025-12-24T15:46:09.131+0000] {processor.py:829} INFO - Processing file /opt/airflow/dags/lastfm_top_tracks.py for tasks to queue
[2025-12-24T15:46:09.132+0000] {logging_mixin.py:154} INFO - [2025-12-24T15:46:09.132+0000] {dagbag.py:536} INFO - Filling up the DagBag from /opt/airflow/dags/lastfm_top_tracks.py
[2025-12-24T15:46:09.567+0000] {logging_mixin.py:154} INFO - [2025-12-24T15:46:09.561+0000] {dagbag.py:346} ERROR - Failed to import: /opt/airflow/dags/lastfm_top_tracks.py
Traceback (most recent call last):
  File "/home/airflow/.local/lib/python3.8/site-packages/airflow/models/dagbag.py", line 342, in parse
    loader.exec_module(new_module)
  File "<frozen importlib._bootstrap_external>", line 843, in exec_module
  File "<frozen importlib._bootstrap>", line 219, in _call_with_frames_removed
  File "/opt/airflow/dags/lastfm_top_tracks.py", line 14, in <module>
    os.makedirs(DATA_DIR, exist_ok=True)
  File "/usr/local/lib/python3.8/os.py", line 223, in makedirs
    mkdir(name, mode)
PermissionError: [Errno 13] Permission denied: '../data'
[2025-12-24T15:46:09.570+0000] {processor.py:841} WARNING - No viable dags retrieved from /opt/airflow/dags/lastfm_top_tracks.py
[2025-12-24T15:46:09.594+0000] {processor.py:179} INFO - Processing /opt/airflow/dags/lastfm_top_tracks.py took 0.466 seconds
[2025-12-24T15:46:39.710+0000] {processor.py:157} INFO - Started process (PID=1047) to work on /opt/airflow/dags/lastfm_top_tracks.py
[2025-12-24T15:46:39.711+0000] {processor.py:829} INFO - Processing file /opt/airflow/dags/lastfm_top_tracks.py for tasks to queue
[2025-12-24T15:46:39.712+0000] {logging_mixin.py:154} INFO - [2025-12-24T15:46:39.712+0000] {dagbag.py:536} INFO - Filling up the DagBag from /opt/airflow/dags/lastfm_top_tracks.py
[2025-12-24T15:46:40.070+0000] {logging_mixin.py:154} INFO - [2025-12-24T15:46:40.061+0000] {dagbag.py:346} ERROR - Failed to import: /opt/airflow/dags/lastfm_top_tracks.py
Traceback (most recent call last):
  File "/home/airflow/.local/lib/python3.8/site-packages/airflow/models/dagbag.py", line 342, in parse
    loader.exec_module(new_module)
  File "<frozen importlib._bootstrap_external>", line 843, in exec_module
  File "<frozen importlib._bootstrap>", line 219, in _call_with_frames_removed
  File "/opt/airflow/dags/lastfm_top_tracks.py", line 14, in <module>
    os.makedirs(DATA_DIR, exist_ok=True)
  File "/usr/local/lib/python3.8/os.py", line 223, in makedirs
    mkdir(name, mode)
PermissionError: [Errno 13] Permission denied: '../data'
[2025-12-24T15:46:40.073+0000] {processor.py:841} WARNING - No viable dags retrieved from /opt/airflow/dags/lastfm_top_tracks.py
[2025-12-24T15:46:40.098+0000] {processor.py:179} INFO - Processing /opt/airflow/dags/lastfm_top_tracks.py took 0.391 seconds
[2025-12-24T15:47:10.228+0000] {processor.py:157} INFO - Started process (PID=1063) to work on /opt/airflow/dags/lastfm_top_tracks.py
[2025-12-24T15:47:10.229+0000] {processor.py:829} INFO - Processing file /opt/airflow/dags/lastfm_top_tracks.py for tasks to queue
[2025-12-24T15:47:10.230+0000] {logging_mixin.py:154} INFO - [2025-12-24T15:47:10.230+0000] {dagbag.py:536} INFO - Filling up the DagBag from /opt/airflow/dags/lastfm_top_tracks.py
[2025-12-24T15:47:10.668+0000] {logging_mixin.py:154} INFO - [2025-12-24T15:47:10.660+0000] {dagbag.py:346} ERROR - Failed to import: /opt/airflow/dags/lastfm_top_tracks.py
Traceback (most recent call last):
  File "/home/airflow/.local/lib/python3.8/site-packages/airflow/models/dagbag.py", line 342, in parse
    loader.exec_module(new_module)
  File "<frozen importlib._bootstrap_external>", line 843, in exec_module
  File "<frozen importlib._bootstrap>", line 219, in _call_with_frames_removed
  File "/opt/airflow/dags/lastfm_top_tracks.py", line 14, in <module>
    os.makedirs(DATA_DIR, exist_ok=True)
  File "/usr/local/lib/python3.8/os.py", line 223, in makedirs
    mkdir(name, mode)
PermissionError: [Errno 13] Permission denied: '../data'
[2025-12-24T15:47:10.670+0000] {processor.py:841} WARNING - No viable dags retrieved from /opt/airflow/dags/lastfm_top_tracks.py
[2025-12-24T15:47:10.691+0000] {processor.py:179} INFO - Processing /opt/airflow/dags/lastfm_top_tracks.py took 0.466 seconds
[2025-12-24T15:47:40.773+0000] {processor.py:157} INFO - Started process (PID=1079) to work on /opt/airflow/dags/lastfm_top_tracks.py
[2025-12-24T15:47:40.774+0000] {processor.py:829} INFO - Processing file /opt/airflow/dags/lastfm_top_tracks.py for tasks to queue
[2025-12-24T15:47:40.775+0000] {logging_mixin.py:154} INFO - [2025-12-24T15:47:40.775+0000] {dagbag.py:536} INFO - Filling up the DagBag from /opt/airflow/dags/lastfm_top_tracks.py
[2025-12-24T15:47:41.023+0000] {logging_mixin.py:154} INFO - [2025-12-24T15:47:41.015+0000] {dagbag.py:346} ERROR - Failed to import: /opt/airflow/dags/lastfm_top_tracks.py
Traceback (most recent call last):
  File "/home/airflow/.local/lib/python3.8/site-packages/airflow/models/dagbag.py", line 342, in parse
    loader.exec_module(new_module)
  File "<frozen importlib._bootstrap_external>", line 843, in exec_module
  File "<frozen importlib._bootstrap>", line 219, in _call_with_frames_removed
  File "/opt/airflow/dags/lastfm_top_tracks.py", line 14, in <module>
    os.makedirs(DATA_DIR, exist_ok=True)
  File "/usr/local/lib/python3.8/os.py", line 223, in makedirs
    mkdir(name, mode)
PermissionError: [Errno 13] Permission denied: '../data'
[2025-12-24T15:47:41.025+0000] {processor.py:841} WARNING - No viable dags retrieved from /opt/airflow/dags/lastfm_top_tracks.py
[2025-12-24T15:47:41.044+0000] {processor.py:179} INFO - Processing /opt/airflow/dags/lastfm_top_tracks.py took 0.274 seconds
[2025-12-24T15:48:11.255+0000] {processor.py:157} INFO - Started process (PID=1095) to work on /opt/airflow/dags/lastfm_top_tracks.py
[2025-12-24T15:48:11.256+0000] {processor.py:829} INFO - Processing file /opt/airflow/dags/lastfm_top_tracks.py for tasks to queue
[2025-12-24T15:48:11.257+0000] {logging_mixin.py:154} INFO - [2025-12-24T15:48:11.256+0000] {dagbag.py:536} INFO - Filling up the DagBag from /opt/airflow/dags/lastfm_top_tracks.py
[2025-12-24T15:48:11.650+0000] {logging_mixin.py:154} INFO - [2025-12-24T15:48:11.641+0000] {dagbag.py:346} ERROR - Failed to import: /opt/airflow/dags/lastfm_top_tracks.py
Traceback (most recent call last):
  File "/home/airflow/.local/lib/python3.8/site-packages/airflow/models/dagbag.py", line 342, in parse
    loader.exec_module(new_module)
  File "<frozen importlib._bootstrap_external>", line 843, in exec_module
  File "<frozen importlib._bootstrap>", line 219, in _call_with_frames_removed
  File "/opt/airflow/dags/lastfm_top_tracks.py", line 14, in <module>
    os.makedirs(DATA_DIR, exist_ok=True)
  File "/usr/local/lib/python3.8/os.py", line 223, in makedirs
    mkdir(name, mode)
PermissionError: [Errno 13] Permission denied: '../data'
[2025-12-24T15:48:11.653+0000] {processor.py:841} WARNING - No viable dags retrieved from /opt/airflow/dags/lastfm_top_tracks.py
[2025-12-24T15:48:11.681+0000] {processor.py:179} INFO - Processing /opt/airflow/dags/lastfm_top_tracks.py took 0.429 seconds
[2025-12-24T15:48:41.836+0000] {processor.py:157} INFO - Started process (PID=1111) to work on /opt/airflow/dags/lastfm_top_tracks.py
[2025-12-24T15:48:41.837+0000] {processor.py:829} INFO - Processing file /opt/airflow/dags/lastfm_top_tracks.py for tasks to queue
[2025-12-24T15:48:41.838+0000] {logging_mixin.py:154} INFO - [2025-12-24T15:48:41.838+0000] {dagbag.py:536} INFO - Filling up the DagBag from /opt/airflow/dags/lastfm_top_tracks.py
[2025-12-24T15:48:42.196+0000] {logging_mixin.py:154} INFO - [2025-12-24T15:48:42.186+0000] {dagbag.py:346} ERROR - Failed to import: /opt/airflow/dags/lastfm_top_tracks.py
Traceback (most recent call last):
  File "/home/airflow/.local/lib/python3.8/site-packages/airflow/models/dagbag.py", line 342, in parse
    loader.exec_module(new_module)
  File "<frozen importlib._bootstrap_external>", line 843, in exec_module
  File "<frozen importlib._bootstrap>", line 219, in _call_with_frames_removed
  File "/opt/airflow/dags/lastfm_top_tracks.py", line 14, in <module>
    os.makedirs(DATA_DIR, exist_ok=True)
  File "/usr/local/lib/python3.8/os.py", line 223, in makedirs
    mkdir(name, mode)
PermissionError: [Errno 13] Permission denied: '../data'
[2025-12-24T15:48:42.199+0000] {processor.py:841} WARNING - No viable dags retrieved from /opt/airflow/dags/lastfm_top_tracks.py
[2025-12-24T15:48:42.226+0000] {processor.py:179} INFO - Processing /opt/airflow/dags/lastfm_top_tracks.py took 0.392 seconds
[2025-12-24T15:49:12.414+0000] {processor.py:157} INFO - Started process (PID=1127) to work on /opt/airflow/dags/lastfm_top_tracks.py
[2025-12-24T15:49:12.415+0000] {processor.py:829} INFO - Processing file /opt/airflow/dags/lastfm_top_tracks.py for tasks to queue
[2025-12-24T15:49:12.415+0000] {logging_mixin.py:154} INFO - [2025-12-24T15:49:12.415+0000] {dagbag.py:536} INFO - Filling up the DagBag from /opt/airflow/dags/lastfm_top_tracks.py
[2025-12-24T15:49:12.773+0000] {logging_mixin.py:154} INFO - [2025-12-24T15:49:12.763+0000] {dagbag.py:346} ERROR - Failed to import: /opt/airflow/dags/lastfm_top_tracks.py
Traceback (most recent call last):
  File "/home/airflow/.local/lib/python3.8/site-packages/airflow/models/dagbag.py", line 342, in parse
    loader.exec_module(new_module)
  File "<frozen importlib._bootstrap_external>", line 843, in exec_module
  File "<frozen importlib._bootstrap>", line 219, in _call_with_frames_removed
  File "/opt/airflow/dags/lastfm_top_tracks.py", line 14, in <module>
    os.makedirs(DATA_DIR, exist_ok=True)
  File "/usr/local/lib/python3.8/os.py", line 223, in makedirs
    mkdir(name, mode)
PermissionError: [Errno 13] Permission denied: '../data'
[2025-12-24T15:49:12.776+0000] {processor.py:841} WARNING - No viable dags retrieved from /opt/airflow/dags/lastfm_top_tracks.py
[2025-12-24T15:49:12.800+0000] {processor.py:179} INFO - Processing /opt/airflow/dags/lastfm_top_tracks.py took 0.389 seconds
[2025-12-24T15:49:42.920+0000] {processor.py:157} INFO - Started process (PID=1143) to work on /opt/airflow/dags/lastfm_top_tracks.py
[2025-12-24T15:49:42.921+0000] {processor.py:829} INFO - Processing file /opt/airflow/dags/lastfm_top_tracks.py for tasks to queue
[2025-12-24T15:49:42.922+0000] {logging_mixin.py:154} INFO - [2025-12-24T15:49:42.922+0000] {dagbag.py:536} INFO - Filling up the DagBag from /opt/airflow/dags/lastfm_top_tracks.py
[2025-12-24T15:49:43.284+0000] {logging_mixin.py:154} INFO - [2025-12-24T15:49:43.273+0000] {dagbag.py:346} ERROR - Failed to import: /opt/airflow/dags/lastfm_top_tracks.py
Traceback (most recent call last):
  File "/home/airflow/.local/lib/python3.8/site-packages/airflow/models/dagbag.py", line 342, in parse
    loader.exec_module(new_module)
  File "<frozen importlib._bootstrap_external>", line 843, in exec_module
  File "<frozen importlib._bootstrap>", line 219, in _call_with_frames_removed
  File "/opt/airflow/dags/lastfm_top_tracks.py", line 14, in <module>
    os.makedirs(DATA_DIR, exist_ok=True)
  File "/usr/local/lib/python3.8/os.py", line 223, in makedirs
    mkdir(name, mode)
PermissionError: [Errno 13] Permission denied: '../data'
[2025-12-24T15:49:43.287+0000] {processor.py:841} WARNING - No viable dags retrieved from /opt/airflow/dags/lastfm_top_tracks.py
[2025-12-24T15:49:43.306+0000] {processor.py:179} INFO - Processing /opt/airflow/dags/lastfm_top_tracks.py took 0.389 seconds
[2025-12-24T15:50:13.376+0000] {processor.py:157} INFO - Started process (PID=1159) to work on /opt/airflow/dags/lastfm_top_tracks.py
[2025-12-24T15:50:13.378+0000] {processor.py:829} INFO - Processing file /opt/airflow/dags/lastfm_top_tracks.py for tasks to queue
[2025-12-24T15:50:13.379+0000] {logging_mixin.py:154} INFO - [2025-12-24T15:50:13.378+0000] {dagbag.py:536} INFO - Filling up the DagBag from /opt/airflow/dags/lastfm_top_tracks.py
[2025-12-24T15:50:13.772+0000] {logging_mixin.py:154} INFO - [2025-12-24T15:50:13.765+0000] {dagbag.py:346} ERROR - Failed to import: /opt/airflow/dags/lastfm_top_tracks.py
Traceback (most recent call last):
  File "/home/airflow/.local/lib/python3.8/site-packages/airflow/models/dagbag.py", line 342, in parse
    loader.exec_module(new_module)
  File "<frozen importlib._bootstrap_external>", line 843, in exec_module
  File "<frozen importlib._bootstrap>", line 219, in _call_with_frames_removed
  File "/opt/airflow/dags/lastfm_top_tracks.py", line 14, in <module>
    os.makedirs(DATA_DIR, exist_ok=True)
  File "/usr/local/lib/python3.8/os.py", line 223, in makedirs
    mkdir(name, mode)
PermissionError: [Errno 13] Permission denied: '../data'
[2025-12-24T15:50:13.775+0000] {processor.py:841} WARNING - No viable dags retrieved from /opt/airflow/dags/lastfm_top_tracks.py
[2025-12-24T15:50:13.794+0000] {processor.py:179} INFO - Processing /opt/airflow/dags/lastfm_top_tracks.py took 0.421 seconds
[2025-12-24T15:50:44.758+0000] {processor.py:157} INFO - Started process (PID=1175) to work on /opt/airflow/dags/lastfm_top_tracks.py
[2025-12-24T15:50:44.759+0000] {processor.py:829} INFO - Processing file /opt/airflow/dags/lastfm_top_tracks.py for tasks to queue
[2025-12-24T15:50:44.761+0000] {logging_mixin.py:154} INFO - [2025-12-24T15:50:44.760+0000] {dagbag.py:536} INFO - Filling up the DagBag from /opt/airflow/dags/lastfm_top_tracks.py
[2025-12-24T15:50:45.106+0000] {logging_mixin.py:154} INFO - [2025-12-24T15:50:45.098+0000] {dagbag.py:346} ERROR - Failed to import: /opt/airflow/dags/lastfm_top_tracks.py
Traceback (most recent call last):
  File "/home/airflow/.local/lib/python3.8/site-packages/airflow/models/dagbag.py", line 342, in parse
    loader.exec_module(new_module)
  File "<frozen importlib._bootstrap_external>", line 843, in exec_module
  File "<frozen importlib._bootstrap>", line 219, in _call_with_frames_removed
  File "/opt/airflow/dags/lastfm_top_tracks.py", line 14, in <module>
    os.makedirs(DATA_DIR, exist_ok=True)
  File "/usr/local/lib/python3.8/os.py", line 223, in makedirs
    mkdir(name, mode)
PermissionError: [Errno 13] Permission denied: '../data'
[2025-12-24T15:50:45.107+0000] {processor.py:841} WARNING - No viable dags retrieved from /opt/airflow/dags/lastfm_top_tracks.py
[2025-12-24T15:50:45.132+0000] {processor.py:179} INFO - Processing /opt/airflow/dags/lastfm_top_tracks.py took 0.377 seconds
[2025-12-24T15:51:16.103+0000] {processor.py:157} INFO - Started process (PID=1191) to work on /opt/airflow/dags/lastfm_top_tracks.py
[2025-12-24T15:51:16.104+0000] {processor.py:829} INFO - Processing file /opt/airflow/dags/lastfm_top_tracks.py for tasks to queue
[2025-12-24T15:51:16.105+0000] {logging_mixin.py:154} INFO - [2025-12-24T15:51:16.105+0000] {dagbag.py:536} INFO - Filling up the DagBag from /opt/airflow/dags/lastfm_top_tracks.py
[2025-12-24T15:51:16.561+0000] {logging_mixin.py:154} INFO - [2025-12-24T15:51:16.557+0000] {dagbag.py:346} ERROR - Failed to import: /opt/airflow/dags/lastfm_top_tracks.py
Traceback (most recent call last):
  File "/home/airflow/.local/lib/python3.8/site-packages/airflow/models/dagbag.py", line 342, in parse
    loader.exec_module(new_module)
  File "<frozen importlib._bootstrap_external>", line 843, in exec_module
  File "<frozen importlib._bootstrap>", line 219, in _call_with_frames_removed
  File "/opt/airflow/dags/lastfm_top_tracks.py", line 14, in <module>
    os.makedirs(DATA_DIR, exist_ok=True)
  File "/usr/local/lib/python3.8/os.py", line 223, in makedirs
    mkdir(name, mode)
PermissionError: [Errno 13] Permission denied: '../data'
[2025-12-24T15:51:16.562+0000] {processor.py:841} WARNING - No viable dags retrieved from /opt/airflow/dags/lastfm_top_tracks.py
[2025-12-24T15:51:16.582+0000] {processor.py:179} INFO - Processing /opt/airflow/dags/lastfm_top_tracks.py took 0.482 seconds
[2025-12-24T15:51:46.702+0000] {processor.py:157} INFO - Started process (PID=1207) to work on /opt/airflow/dags/lastfm_top_tracks.py
[2025-12-24T15:51:46.703+0000] {processor.py:829} INFO - Processing file /opt/airflow/dags/lastfm_top_tracks.py for tasks to queue
[2025-12-24T15:51:46.704+0000] {logging_mixin.py:154} INFO - [2025-12-24T15:51:46.704+0000] {dagbag.py:536} INFO - Filling up the DagBag from /opt/airflow/dags/lastfm_top_tracks.py
[2025-12-24T15:51:47.083+0000] {logging_mixin.py:154} INFO - [2025-12-24T15:51:47.074+0000] {dagbag.py:346} ERROR - Failed to import: /opt/airflow/dags/lastfm_top_tracks.py
Traceback (most recent call last):
  File "/home/airflow/.local/lib/python3.8/site-packages/airflow/models/dagbag.py", line 342, in parse
    loader.exec_module(new_module)
  File "<frozen importlib._bootstrap_external>", line 843, in exec_module
  File "<frozen importlib._bootstrap>", line 219, in _call_with_frames_removed
  File "/opt/airflow/dags/lastfm_top_tracks.py", line 14, in <module>
    os.makedirs(DATA_DIR, exist_ok=True)
  File "/usr/local/lib/python3.8/os.py", line 223, in makedirs
    mkdir(name, mode)
PermissionError: [Errno 13] Permission denied: '../data'
[2025-12-24T15:51:47.086+0000] {processor.py:841} WARNING - No viable dags retrieved from /opt/airflow/dags/lastfm_top_tracks.py
[2025-12-24T15:51:47.105+0000] {processor.py:179} INFO - Processing /opt/airflow/dags/lastfm_top_tracks.py took 0.407 seconds
[2025-12-24T15:52:17.231+0000] {processor.py:157} INFO - Started process (PID=1223) to work on /opt/airflow/dags/lastfm_top_tracks.py
[2025-12-24T15:52:17.232+0000] {processor.py:829} INFO - Processing file /opt/airflow/dags/lastfm_top_tracks.py for tasks to queue
[2025-12-24T15:52:17.233+0000] {logging_mixin.py:154} INFO - [2025-12-24T15:52:17.233+0000] {dagbag.py:536} INFO - Filling up the DagBag from /opt/airflow/dags/lastfm_top_tracks.py
[2025-12-24T15:52:17.597+0000] {logging_mixin.py:154} INFO - [2025-12-24T15:52:17.594+0000] {dagbag.py:346} ERROR - Failed to import: /opt/airflow/dags/lastfm_top_tracks.py
Traceback (most recent call last):
  File "/home/airflow/.local/lib/python3.8/site-packages/airflow/models/dagbag.py", line 342, in parse
    loader.exec_module(new_module)
  File "<frozen importlib._bootstrap_external>", line 843, in exec_module
  File "<frozen importlib._bootstrap>", line 219, in _call_with_frames_removed
  File "/opt/airflow/dags/lastfm_top_tracks.py", line 14, in <module>
    os.makedirs(DATA_DIR, exist_ok=True)
  File "/usr/local/lib/python3.8/os.py", line 223, in makedirs
    mkdir(name, mode)
PermissionError: [Errno 13] Permission denied: '../data'
[2025-12-24T15:52:17.599+0000] {processor.py:841} WARNING - No viable dags retrieved from /opt/airflow/dags/lastfm_top_tracks.py
[2025-12-24T15:52:17.615+0000] {processor.py:179} INFO - Processing /opt/airflow/dags/lastfm_top_tracks.py took 0.386 seconds
[2025-12-24T15:52:47.724+0000] {processor.py:157} INFO - Started process (PID=1239) to work on /opt/airflow/dags/lastfm_top_tracks.py
[2025-12-24T15:52:47.725+0000] {processor.py:829} INFO - Processing file /opt/airflow/dags/lastfm_top_tracks.py for tasks to queue
[2025-12-24T15:52:47.726+0000] {logging_mixin.py:154} INFO - [2025-12-24T15:52:47.726+0000] {dagbag.py:536} INFO - Filling up the DagBag from /opt/airflow/dags/lastfm_top_tracks.py
[2025-12-24T15:52:48.078+0000] {logging_mixin.py:154} INFO - [2025-12-24T15:52:48.070+0000] {dagbag.py:346} ERROR - Failed to import: /opt/airflow/dags/lastfm_top_tracks.py
Traceback (most recent call last):
  File "/home/airflow/.local/lib/python3.8/site-packages/airflow/models/dagbag.py", line 342, in parse
    loader.exec_module(new_module)
  File "<frozen importlib._bootstrap_external>", line 843, in exec_module
  File "<frozen importlib._bootstrap>", line 219, in _call_with_frames_removed
  File "/opt/airflow/dags/lastfm_top_tracks.py", line 14, in <module>
    os.makedirs(DATA_DIR, exist_ok=True)
  File "/usr/local/lib/python3.8/os.py", line 223, in makedirs
    mkdir(name, mode)
PermissionError: [Errno 13] Permission denied: '../data'
[2025-12-24T15:52:48.082+0000] {processor.py:841} WARNING - No viable dags retrieved from /opt/airflow/dags/lastfm_top_tracks.py
[2025-12-24T15:52:48.109+0000] {processor.py:179} INFO - Processing /opt/airflow/dags/lastfm_top_tracks.py took 0.388 seconds
[2025-12-24T15:53:18.273+0000] {processor.py:157} INFO - Started process (PID=1255) to work on /opt/airflow/dags/lastfm_top_tracks.py
[2025-12-24T15:53:18.274+0000] {processor.py:829} INFO - Processing file /opt/airflow/dags/lastfm_top_tracks.py for tasks to queue
[2025-12-24T15:53:18.275+0000] {logging_mixin.py:154} INFO - [2025-12-24T15:53:18.275+0000] {dagbag.py:536} INFO - Filling up the DagBag from /opt/airflow/dags/lastfm_top_tracks.py
[2025-12-24T15:53:18.642+0000] {logging_mixin.py:154} INFO - [2025-12-24T15:53:18.634+0000] {dagbag.py:346} ERROR - Failed to import: /opt/airflow/dags/lastfm_top_tracks.py
Traceback (most recent call last):
  File "/home/airflow/.local/lib/python3.8/site-packages/airflow/models/dagbag.py", line 342, in parse
    loader.exec_module(new_module)
  File "<frozen importlib._bootstrap_external>", line 843, in exec_module
  File "<frozen importlib._bootstrap>", line 219, in _call_with_frames_removed
  File "/opt/airflow/dags/lastfm_top_tracks.py", line 14, in <module>
    os.makedirs(DATA_DIR, exist_ok=True)
  File "/usr/local/lib/python3.8/os.py", line 223, in makedirs
    mkdir(name, mode)
PermissionError: [Errno 13] Permission denied: '../data'
[2025-12-24T15:53:18.645+0000] {processor.py:841} WARNING - No viable dags retrieved from /opt/airflow/dags/lastfm_top_tracks.py
[2025-12-24T15:53:18.670+0000] {processor.py:179} INFO - Processing /opt/airflow/dags/lastfm_top_tracks.py took 0.400 seconds
[2025-12-24T15:53:48.723+0000] {processor.py:157} INFO - Started process (PID=1271) to work on /opt/airflow/dags/lastfm_top_tracks.py
[2025-12-24T15:53:48.724+0000] {processor.py:829} INFO - Processing file /opt/airflow/dags/lastfm_top_tracks.py for tasks to queue
[2025-12-24T15:53:48.725+0000] {logging_mixin.py:154} INFO - [2025-12-24T15:53:48.725+0000] {dagbag.py:536} INFO - Filling up the DagBag from /opt/airflow/dags/lastfm_top_tracks.py
[2025-12-24T15:53:49.113+0000] {logging_mixin.py:154} INFO - [2025-12-24T15:53:49.103+0000] {dagbag.py:346} ERROR - Failed to import: /opt/airflow/dags/lastfm_top_tracks.py
Traceback (most recent call last):
  File "/home/airflow/.local/lib/python3.8/site-packages/airflow/models/dagbag.py", line 342, in parse
    loader.exec_module(new_module)
  File "<frozen importlib._bootstrap_external>", line 843, in exec_module
  File "<frozen importlib._bootstrap>", line 219, in _call_with_frames_removed
  File "/opt/airflow/dags/lastfm_top_tracks.py", line 14, in <module>
    os.makedirs(DATA_DIR, exist_ok=True)
  File "/usr/local/lib/python3.8/os.py", line 223, in makedirs
    mkdir(name, mode)
PermissionError: [Errno 13] Permission denied: '../data'
[2025-12-24T15:53:49.117+0000] {processor.py:841} WARNING - No viable dags retrieved from /opt/airflow/dags/lastfm_top_tracks.py
[2025-12-24T15:53:49.135+0000] {processor.py:179} INFO - Processing /opt/airflow/dags/lastfm_top_tracks.py took 0.415 seconds
[2025-12-24T15:54:19.203+0000] {processor.py:157} INFO - Started process (PID=1287) to work on /opt/airflow/dags/lastfm_top_tracks.py
[2025-12-24T15:54:19.204+0000] {processor.py:829} INFO - Processing file /opt/airflow/dags/lastfm_top_tracks.py for tasks to queue
[2025-12-24T15:54:19.206+0000] {logging_mixin.py:154} INFO - [2025-12-24T15:54:19.205+0000] {dagbag.py:536} INFO - Filling up the DagBag from /opt/airflow/dags/lastfm_top_tracks.py
[2025-12-24T15:54:19.626+0000] {logging_mixin.py:154} INFO - [2025-12-24T15:54:19.616+0000] {dagbag.py:346} ERROR - Failed to import: /opt/airflow/dags/lastfm_top_tracks.py
Traceback (most recent call last):
  File "/home/airflow/.local/lib/python3.8/site-packages/airflow/models/dagbag.py", line 342, in parse
    loader.exec_module(new_module)
  File "<frozen importlib._bootstrap_external>", line 843, in exec_module
  File "<frozen importlib._bootstrap>", line 219, in _call_with_frames_removed
  File "/opt/airflow/dags/lastfm_top_tracks.py", line 14, in <module>
    os.makedirs(DATA_DIR, exist_ok=True)
  File "/usr/local/lib/python3.8/os.py", line 223, in makedirs
    mkdir(name, mode)
PermissionError: [Errno 13] Permission denied: '../data'
[2025-12-24T15:54:19.629+0000] {processor.py:841} WARNING - No viable dags retrieved from /opt/airflow/dags/lastfm_top_tracks.py
[2025-12-24T15:54:19.658+0000] {processor.py:179} INFO - Processing /opt/airflow/dags/lastfm_top_tracks.py took 0.458 seconds
[2025-12-24T15:54:50.590+0000] {processor.py:157} INFO - Started process (PID=1303) to work on /opt/airflow/dags/lastfm_top_tracks.py
[2025-12-24T15:54:50.592+0000] {processor.py:829} INFO - Processing file /opt/airflow/dags/lastfm_top_tracks.py for tasks to queue
[2025-12-24T15:54:50.593+0000] {logging_mixin.py:154} INFO - [2025-12-24T15:54:50.593+0000] {dagbag.py:536} INFO - Filling up the DagBag from /opt/airflow/dags/lastfm_top_tracks.py
[2025-12-24T15:54:51.022+0000] {logging_mixin.py:154} INFO - [2025-12-24T15:54:51.011+0000] {dagbag.py:346} ERROR - Failed to import: /opt/airflow/dags/lastfm_top_tracks.py
Traceback (most recent call last):
  File "/home/airflow/.local/lib/python3.8/site-packages/airflow/models/dagbag.py", line 342, in parse
    loader.exec_module(new_module)
  File "<frozen importlib._bootstrap_external>", line 843, in exec_module
  File "<frozen importlib._bootstrap>", line 219, in _call_with_frames_removed
  File "/opt/airflow/dags/lastfm_top_tracks.py", line 14, in <module>
    os.makedirs(DATA_DIR, exist_ok=True)
  File "/usr/local/lib/python3.8/os.py", line 223, in makedirs
    mkdir(name, mode)
PermissionError: [Errno 13] Permission denied: '../data'
[2025-12-24T15:54:51.026+0000] {processor.py:841} WARNING - No viable dags retrieved from /opt/airflow/dags/lastfm_top_tracks.py
[2025-12-24T15:54:51.044+0000] {processor.py:179} INFO - Processing /opt/airflow/dags/lastfm_top_tracks.py took 0.458 seconds
[2025-12-24T15:55:22.016+0000] {processor.py:157} INFO - Started process (PID=1319) to work on /opt/airflow/dags/lastfm_top_tracks.py
[2025-12-24T15:55:22.017+0000] {processor.py:829} INFO - Processing file /opt/airflow/dags/lastfm_top_tracks.py for tasks to queue
[2025-12-24T15:55:22.018+0000] {logging_mixin.py:154} INFO - [2025-12-24T15:55:22.018+0000] {dagbag.py:536} INFO - Filling up the DagBag from /opt/airflow/dags/lastfm_top_tracks.py
[2025-12-24T15:55:22.450+0000] {logging_mixin.py:154} INFO - [2025-12-24T15:55:22.441+0000] {dagbag.py:346} ERROR - Failed to import: /opt/airflow/dags/lastfm_top_tracks.py
Traceback (most recent call last):
  File "/home/airflow/.local/lib/python3.8/site-packages/airflow/models/dagbag.py", line 342, in parse
    loader.exec_module(new_module)
  File "<frozen importlib._bootstrap_external>", line 843, in exec_module
  File "<frozen importlib._bootstrap>", line 219, in _call_with_frames_removed
  File "/opt/airflow/dags/lastfm_top_tracks.py", line 14, in <module>
    os.makedirs(DATA_DIR, exist_ok=True)
  File "/usr/local/lib/python3.8/os.py", line 223, in makedirs
    mkdir(name, mode)
PermissionError: [Errno 13] Permission denied: '../data'
[2025-12-24T15:55:22.454+0000] {processor.py:841} WARNING - No viable dags retrieved from /opt/airflow/dags/lastfm_top_tracks.py
[2025-12-24T15:55:22.483+0000] {processor.py:179} INFO - Processing /opt/airflow/dags/lastfm_top_tracks.py took 0.469 seconds
[2025-12-24T15:55:53.512+0000] {processor.py:157} INFO - Started process (PID=1335) to work on /opt/airflow/dags/lastfm_top_tracks.py
[2025-12-24T15:55:53.514+0000] {processor.py:829} INFO - Processing file /opt/airflow/dags/lastfm_top_tracks.py for tasks to queue
[2025-12-24T15:55:53.515+0000] {logging_mixin.py:154} INFO - [2025-12-24T15:55:53.514+0000] {dagbag.py:536} INFO - Filling up the DagBag from /opt/airflow/dags/lastfm_top_tracks.py
[2025-12-24T15:55:54.164+0000] {logging_mixin.py:154} INFO - [2025-12-24T15:55:54.158+0000] {dagbag.py:346} ERROR - Failed to import: /opt/airflow/dags/lastfm_top_tracks.py
Traceback (most recent call last):
  File "/home/airflow/.local/lib/python3.8/site-packages/airflow/models/dagbag.py", line 342, in parse
    loader.exec_module(new_module)
  File "<frozen importlib._bootstrap_external>", line 843, in exec_module
  File "<frozen importlib._bootstrap>", line 219, in _call_with_frames_removed
  File "/opt/airflow/dags/lastfm_top_tracks.py", line 14, in <module>
    os.makedirs(DATA_DIR, exist_ok=True)
  File "/usr/local/lib/python3.8/os.py", line 223, in makedirs
    mkdir(name, mode)
PermissionError: [Errno 13] Permission denied: '../data'
[2025-12-24T15:55:54.166+0000] {processor.py:841} WARNING - No viable dags retrieved from /opt/airflow/dags/lastfm_top_tracks.py
[2025-12-24T15:55:54.186+0000] {processor.py:179} INFO - Processing /opt/airflow/dags/lastfm_top_tracks.py took 0.677 seconds
[2025-12-24T15:56:25.003+0000] {processor.py:157} INFO - Started process (PID=1351) to work on /opt/airflow/dags/lastfm_top_tracks.py
[2025-12-24T15:56:25.004+0000] {processor.py:829} INFO - Processing file /opt/airflow/dags/lastfm_top_tracks.py for tasks to queue
[2025-12-24T15:56:25.006+0000] {logging_mixin.py:154} INFO - [2025-12-24T15:56:25.005+0000] {dagbag.py:536} INFO - Filling up the DagBag from /opt/airflow/dags/lastfm_top_tracks.py
[2025-12-24T15:56:25.450+0000] {logging_mixin.py:154} INFO - [2025-12-24T15:56:25.441+0000] {dagbag.py:346} ERROR - Failed to import: /opt/airflow/dags/lastfm_top_tracks.py
Traceback (most recent call last):
  File "/home/airflow/.local/lib/python3.8/site-packages/airflow/models/dagbag.py", line 342, in parse
    loader.exec_module(new_module)
  File "<frozen importlib._bootstrap_external>", line 843, in exec_module
  File "<frozen importlib._bootstrap>", line 219, in _call_with_frames_removed
  File "/opt/airflow/dags/lastfm_top_tracks.py", line 14, in <module>
    os.makedirs(DATA_DIR, exist_ok=True)
  File "/usr/local/lib/python3.8/os.py", line 223, in makedirs
    mkdir(name, mode)
PermissionError: [Errno 13] Permission denied: '../data'
[2025-12-24T15:56:25.452+0000] {processor.py:841} WARNING - No viable dags retrieved from /opt/airflow/dags/lastfm_top_tracks.py
[2025-12-24T15:56:25.469+0000] {processor.py:179} INFO - Processing /opt/airflow/dags/lastfm_top_tracks.py took 0.470 seconds
[2025-12-24T15:56:56.435+0000] {processor.py:157} INFO - Started process (PID=1367) to work on /opt/airflow/dags/lastfm_top_tracks.py
[2025-12-24T15:56:56.436+0000] {processor.py:829} INFO - Processing file /opt/airflow/dags/lastfm_top_tracks.py for tasks to queue
[2025-12-24T15:56:56.437+0000] {logging_mixin.py:154} INFO - [2025-12-24T15:56:56.436+0000] {dagbag.py:536} INFO - Filling up the DagBag from /opt/airflow/dags/lastfm_top_tracks.py
[2025-12-24T15:56:56.878+0000] {logging_mixin.py:154} INFO - [2025-12-24T15:56:56.872+0000] {dagbag.py:346} ERROR - Failed to import: /opt/airflow/dags/lastfm_top_tracks.py
Traceback (most recent call last):
  File "/home/airflow/.local/lib/python3.8/site-packages/airflow/models/dagbag.py", line 342, in parse
    loader.exec_module(new_module)
  File "<frozen importlib._bootstrap_external>", line 843, in exec_module
  File "<frozen importlib._bootstrap>", line 219, in _call_with_frames_removed
  File "/opt/airflow/dags/lastfm_top_tracks.py", line 14, in <module>
    os.makedirs(DATA_DIR, exist_ok=True)
  File "/usr/local/lib/python3.8/os.py", line 223, in makedirs
    mkdir(name, mode)
PermissionError: [Errno 13] Permission denied: '../data'
[2025-12-24T15:56:56.880+0000] {processor.py:841} WARNING - No viable dags retrieved from /opt/airflow/dags/lastfm_top_tracks.py
[2025-12-24T15:56:56.904+0000] {processor.py:179} INFO - Processing /opt/airflow/dags/lastfm_top_tracks.py took 0.471 seconds
[2025-12-24T15:57:27.897+0000] {processor.py:157} INFO - Started process (PID=1383) to work on /opt/airflow/dags/lastfm_top_tracks.py
[2025-12-24T15:57:27.898+0000] {processor.py:829} INFO - Processing file /opt/airflow/dags/lastfm_top_tracks.py for tasks to queue
[2025-12-24T15:57:27.899+0000] {logging_mixin.py:154} INFO - [2025-12-24T15:57:27.899+0000] {dagbag.py:536} INFO - Filling up the DagBag from /opt/airflow/dags/lastfm_top_tracks.py
[2025-12-24T15:57:28.257+0000] {logging_mixin.py:154} INFO - [2025-12-24T15:57:28.246+0000] {dagbag.py:346} ERROR - Failed to import: /opt/airflow/dags/lastfm_top_tracks.py
Traceback (most recent call last):
  File "/home/airflow/.local/lib/python3.8/site-packages/airflow/models/dagbag.py", line 342, in parse
    loader.exec_module(new_module)
  File "<frozen importlib._bootstrap_external>", line 843, in exec_module
  File "<frozen importlib._bootstrap>", line 219, in _call_with_frames_removed
  File "/opt/airflow/dags/lastfm_top_tracks.py", line 14, in <module>
    os.makedirs(DATA_DIR, exist_ok=True)
  File "/usr/local/lib/python3.8/os.py", line 223, in makedirs
    mkdir(name, mode)
PermissionError: [Errno 13] Permission denied: '../data'
[2025-12-24T15:57:28.261+0000] {processor.py:841} WARNING - No viable dags retrieved from /opt/airflow/dags/lastfm_top_tracks.py
[2025-12-24T15:57:28.285+0000] {processor.py:179} INFO - Processing /opt/airflow/dags/lastfm_top_tracks.py took 0.390 seconds
[2025-12-24T15:57:58.396+0000] {processor.py:157} INFO - Started process (PID=1399) to work on /opt/airflow/dags/lastfm_top_tracks.py
[2025-12-24T15:57:58.397+0000] {processor.py:829} INFO - Processing file /opt/airflow/dags/lastfm_top_tracks.py for tasks to queue
[2025-12-24T15:57:58.398+0000] {logging_mixin.py:154} INFO - [2025-12-24T15:57:58.398+0000] {dagbag.py:536} INFO - Filling up the DagBag from /opt/airflow/dags/lastfm_top_tracks.py
[2025-12-24T15:57:58.883+0000] {logging_mixin.py:154} INFO - [2025-12-24T15:57:58.875+0000] {dagbag.py:346} ERROR - Failed to import: /opt/airflow/dags/lastfm_top_tracks.py
Traceback (most recent call last):
  File "/home/airflow/.local/lib/python3.8/site-packages/airflow/models/dagbag.py", line 342, in parse
    loader.exec_module(new_module)
  File "<frozen importlib._bootstrap_external>", line 843, in exec_module
  File "<frozen importlib._bootstrap>", line 219, in _call_with_frames_removed
  File "/opt/airflow/dags/lastfm_top_tracks.py", line 14, in <module>
    os.makedirs(DATA_DIR, exist_ok=True)
  File "/usr/local/lib/python3.8/os.py", line 223, in makedirs
    mkdir(name, mode)
PermissionError: [Errno 13] Permission denied: '../data'
[2025-12-24T15:57:58.885+0000] {processor.py:841} WARNING - No viable dags retrieved from /opt/airflow/dags/lastfm_top_tracks.py
[2025-12-24T15:57:58.912+0000] {processor.py:179} INFO - Processing /opt/airflow/dags/lastfm_top_tracks.py took 0.521 seconds
[2025-12-24T15:58:29.846+0000] {processor.py:157} INFO - Started process (PID=1415) to work on /opt/airflow/dags/lastfm_top_tracks.py
[2025-12-24T15:58:29.847+0000] {processor.py:829} INFO - Processing file /opt/airflow/dags/lastfm_top_tracks.py for tasks to queue
[2025-12-24T15:58:29.848+0000] {logging_mixin.py:154} INFO - [2025-12-24T15:58:29.848+0000] {dagbag.py:536} INFO - Filling up the DagBag from /opt/airflow/dags/lastfm_top_tracks.py
[2025-12-24T15:58:30.267+0000] {logging_mixin.py:154} INFO - [2025-12-24T15:58:30.258+0000] {dagbag.py:346} ERROR - Failed to import: /opt/airflow/dags/lastfm_top_tracks.py
Traceback (most recent call last):
  File "/home/airflow/.local/lib/python3.8/site-packages/airflow/models/dagbag.py", line 342, in parse
    loader.exec_module(new_module)
  File "<frozen importlib._bootstrap_external>", line 843, in exec_module
  File "<frozen importlib._bootstrap>", line 219, in _call_with_frames_removed
  File "/opt/airflow/dags/lastfm_top_tracks.py", line 14, in <module>
    os.makedirs(DATA_DIR, exist_ok=True)
  File "/usr/local/lib/python3.8/os.py", line 223, in makedirs
    mkdir(name, mode)
PermissionError: [Errno 13] Permission denied: '../data'
[2025-12-24T15:58:30.271+0000] {processor.py:841} WARNING - No viable dags retrieved from /opt/airflow/dags/lastfm_top_tracks.py
[2025-12-24T15:58:30.299+0000] {processor.py:179} INFO - Processing /opt/airflow/dags/lastfm_top_tracks.py took 0.457 seconds
[2025-12-24T15:59:01.204+0000] {processor.py:157} INFO - Started process (PID=1431) to work on /opt/airflow/dags/lastfm_top_tracks.py
[2025-12-24T15:59:01.205+0000] {processor.py:829} INFO - Processing file /opt/airflow/dags/lastfm_top_tracks.py for tasks to queue
[2025-12-24T15:59:01.206+0000] {logging_mixin.py:154} INFO - [2025-12-24T15:59:01.206+0000] {dagbag.py:536} INFO - Filling up the DagBag from /opt/airflow/dags/lastfm_top_tracks.py
[2025-12-24T15:59:01.625+0000] {logging_mixin.py:154} INFO - [2025-12-24T15:59:01.616+0000] {dagbag.py:346} ERROR - Failed to import: /opt/airflow/dags/lastfm_top_tracks.py
Traceback (most recent call last):
  File "/home/airflow/.local/lib/python3.8/site-packages/airflow/models/dagbag.py", line 342, in parse
    loader.exec_module(new_module)
  File "<frozen importlib._bootstrap_external>", line 843, in exec_module
  File "<frozen importlib._bootstrap>", line 219, in _call_with_frames_removed
  File "/opt/airflow/dags/lastfm_top_tracks.py", line 14, in <module>
    os.makedirs(DATA_DIR, exist_ok=True)
  File "/usr/local/lib/python3.8/os.py", line 223, in makedirs
    mkdir(name, mode)
PermissionError: [Errno 13] Permission denied: '../data'
[2025-12-24T15:59:01.627+0000] {processor.py:841} WARNING - No viable dags retrieved from /opt/airflow/dags/lastfm_top_tracks.py
[2025-12-24T15:59:01.650+0000] {processor.py:179} INFO - Processing /opt/airflow/dags/lastfm_top_tracks.py took 0.450 seconds
[2025-12-24T15:59:31.709+0000] {processor.py:157} INFO - Started process (PID=1447) to work on /opt/airflow/dags/lastfm_top_tracks.py
[2025-12-24T15:59:31.710+0000] {processor.py:829} INFO - Processing file /opt/airflow/dags/lastfm_top_tracks.py for tasks to queue
[2025-12-24T15:59:31.711+0000] {logging_mixin.py:154} INFO - [2025-12-24T15:59:31.711+0000] {dagbag.py:536} INFO - Filling up the DagBag from /opt/airflow/dags/lastfm_top_tracks.py
[2025-12-24T15:59:32.110+0000] {logging_mixin.py:154} INFO - [2025-12-24T15:59:32.102+0000] {dagbag.py:346} ERROR - Failed to import: /opt/airflow/dags/lastfm_top_tracks.py
Traceback (most recent call last):
  File "/home/airflow/.local/lib/python3.8/site-packages/airflow/models/dagbag.py", line 342, in parse
    loader.exec_module(new_module)
  File "<frozen importlib._bootstrap_external>", line 843, in exec_module
  File "<frozen importlib._bootstrap>", line 219, in _call_with_frames_removed
  File "/opt/airflow/dags/lastfm_top_tracks.py", line 14, in <module>
    os.makedirs(DATA_DIR, exist_ok=True)
  File "/usr/local/lib/python3.8/os.py", line 223, in makedirs
    mkdir(name, mode)
PermissionError: [Errno 13] Permission denied: '../data'
[2025-12-24T15:59:32.112+0000] {processor.py:841} WARNING - No viable dags retrieved from /opt/airflow/dags/lastfm_top_tracks.py
[2025-12-24T15:59:32.130+0000] {processor.py:179} INFO - Processing /opt/airflow/dags/lastfm_top_tracks.py took 0.425 seconds
[2025-12-24T16:00:02.273+0000] {processor.py:157} INFO - Started process (PID=1463) to work on /opt/airflow/dags/lastfm_top_tracks.py
[2025-12-24T16:00:02.274+0000] {processor.py:829} INFO - Processing file /opt/airflow/dags/lastfm_top_tracks.py for tasks to queue
[2025-12-24T16:00:02.276+0000] {logging_mixin.py:154} INFO - [2025-12-24T16:00:02.275+0000] {dagbag.py:536} INFO - Filling up the DagBag from /opt/airflow/dags/lastfm_top_tracks.py
[2025-12-24T16:00:02.707+0000] {logging_mixin.py:154} INFO - [2025-12-24T16:00:02.699+0000] {dagbag.py:346} ERROR - Failed to import: /opt/airflow/dags/lastfm_top_tracks.py
Traceback (most recent call last):
  File "/home/airflow/.local/lib/python3.8/site-packages/airflow/models/dagbag.py", line 342, in parse
    loader.exec_module(new_module)
  File "<frozen importlib._bootstrap_external>", line 843, in exec_module
  File "<frozen importlib._bootstrap>", line 219, in _call_with_frames_removed
  File "/opt/airflow/dags/lastfm_top_tracks.py", line 14, in <module>
    os.makedirs(DATA_DIR, exist_ok=True)
  File "/usr/local/lib/python3.8/os.py", line 223, in makedirs
    mkdir(name, mode)
PermissionError: [Errno 13] Permission denied: '../data'
[2025-12-24T16:00:02.710+0000] {processor.py:841} WARNING - No viable dags retrieved from /opt/airflow/dags/lastfm_top_tracks.py
[2025-12-24T16:00:02.730+0000] {processor.py:179} INFO - Processing /opt/airflow/dags/lastfm_top_tracks.py took 0.462 seconds
[2025-12-24T16:00:32.798+0000] {processor.py:157} INFO - Started process (PID=1479) to work on /opt/airflow/dags/lastfm_top_tracks.py
[2025-12-24T16:00:32.800+0000] {processor.py:829} INFO - Processing file /opt/airflow/dags/lastfm_top_tracks.py for tasks to queue
[2025-12-24T16:00:32.801+0000] {logging_mixin.py:154} INFO - [2025-12-24T16:00:32.801+0000] {dagbag.py:536} INFO - Filling up the DagBag from /opt/airflow/dags/lastfm_top_tracks.py
[2025-12-24T16:00:33.443+0000] {logging_mixin.py:154} INFO - [2025-12-24T16:00:33.435+0000] {dagbag.py:346} ERROR - Failed to import: /opt/airflow/dags/lastfm_top_tracks.py
Traceback (most recent call last):
  File "/home/airflow/.local/lib/python3.8/site-packages/airflow/models/dagbag.py", line 342, in parse
    loader.exec_module(new_module)
  File "<frozen importlib._bootstrap_external>", line 843, in exec_module
  File "<frozen importlib._bootstrap>", line 219, in _call_with_frames_removed
  File "/opt/airflow/dags/lastfm_top_tracks.py", line 14, in <module>
    os.makedirs(DATA_DIR, exist_ok=True)
  File "/usr/local/lib/python3.8/os.py", line 223, in makedirs
    mkdir(name, mode)
PermissionError: [Errno 13] Permission denied: '../data'
[2025-12-24T16:00:33.446+0000] {processor.py:841} WARNING - No viable dags retrieved from /opt/airflow/dags/lastfm_top_tracks.py
[2025-12-24T16:00:33.476+0000] {processor.py:179} INFO - Processing /opt/airflow/dags/lastfm_top_tracks.py took 0.683 seconds
[2025-12-24T16:01:03.964+0000] {processor.py:157} INFO - Started process (PID=1495) to work on /opt/airflow/dags/lastfm_top_tracks.py
[2025-12-24T16:01:03.965+0000] {processor.py:829} INFO - Processing file /opt/airflow/dags/lastfm_top_tracks.py for tasks to queue
[2025-12-24T16:01:03.966+0000] {logging_mixin.py:154} INFO - [2025-12-24T16:01:03.966+0000] {dagbag.py:536} INFO - Filling up the DagBag from /opt/airflow/dags/lastfm_top_tracks.py
[2025-12-24T16:01:04.369+0000] {logging_mixin.py:154} INFO - [2025-12-24T16:01:04.360+0000] {dagbag.py:346} ERROR - Failed to import: /opt/airflow/dags/lastfm_top_tracks.py
Traceback (most recent call last):
  File "/home/airflow/.local/lib/python3.8/site-packages/airflow/models/dagbag.py", line 342, in parse
    loader.exec_module(new_module)
  File "<frozen importlib._bootstrap_external>", line 843, in exec_module
  File "<frozen importlib._bootstrap>", line 219, in _call_with_frames_removed
  File "/opt/airflow/dags/lastfm_top_tracks.py", line 14, in <module>
    os.makedirs(DATA_DIR, exist_ok=True)
  File "/usr/local/lib/python3.8/os.py", line 223, in makedirs
    mkdir(name, mode)
PermissionError: [Errno 13] Permission denied: '../data'
[2025-12-24T16:01:04.372+0000] {processor.py:841} WARNING - No viable dags retrieved from /opt/airflow/dags/lastfm_top_tracks.py
[2025-12-24T16:01:04.397+0000] {processor.py:179} INFO - Processing /opt/airflow/dags/lastfm_top_tracks.py took 0.437 seconds
[2025-12-24T16:01:34.506+0000] {processor.py:157} INFO - Started process (PID=1511) to work on /opt/airflow/dags/lastfm_top_tracks.py
[2025-12-24T16:01:34.507+0000] {processor.py:829} INFO - Processing file /opt/airflow/dags/lastfm_top_tracks.py for tasks to queue
[2025-12-24T16:01:34.510+0000] {logging_mixin.py:154} INFO - [2025-12-24T16:01:34.509+0000] {dagbag.py:536} INFO - Filling up the DagBag from /opt/airflow/dags/lastfm_top_tracks.py
[2025-12-24T16:01:35.088+0000] {logging_mixin.py:154} INFO - [2025-12-24T16:01:35.083+0000] {dagbag.py:346} ERROR - Failed to import: /opt/airflow/dags/lastfm_top_tracks.py
Traceback (most recent call last):
  File "/home/airflow/.local/lib/python3.8/site-packages/airflow/models/dagbag.py", line 342, in parse
    loader.exec_module(new_module)
  File "<frozen importlib._bootstrap_external>", line 843, in exec_module
  File "<frozen importlib._bootstrap>", line 219, in _call_with_frames_removed
  File "/opt/airflow/dags/lastfm_top_tracks.py", line 14, in <module>
    os.makedirs(DATA_DIR, exist_ok=True)
  File "/usr/local/lib/python3.8/os.py", line 223, in makedirs
    mkdir(name, mode)
PermissionError: [Errno 13] Permission denied: '../data'
[2025-12-24T16:01:35.090+0000] {processor.py:841} WARNING - No viable dags retrieved from /opt/airflow/dags/lastfm_top_tracks.py
[2025-12-24T16:01:35.107+0000] {processor.py:179} INFO - Processing /opt/airflow/dags/lastfm_top_tracks.py took 0.606 seconds
[2025-12-24T16:02:05.241+0000] {processor.py:157} INFO - Started process (PID=1532) to work on /opt/airflow/dags/lastfm_top_tracks.py
[2025-12-24T16:02:05.242+0000] {processor.py:829} INFO - Processing file /opt/airflow/dags/lastfm_top_tracks.py for tasks to queue
[2025-12-24T16:02:05.243+0000] {logging_mixin.py:154} INFO - [2025-12-24T16:02:05.243+0000] {dagbag.py:536} INFO - Filling up the DagBag from /opt/airflow/dags/lastfm_top_tracks.py
[2025-12-24T16:02:05.628+0000] {logging_mixin.py:154} INFO - [2025-12-24T16:02:05.619+0000] {dagbag.py:346} ERROR - Failed to import: /opt/airflow/dags/lastfm_top_tracks.py
Traceback (most recent call last):
  File "/home/airflow/.local/lib/python3.8/site-packages/airflow/models/dagbag.py", line 342, in parse
    loader.exec_module(new_module)
  File "<frozen importlib._bootstrap_external>", line 843, in exec_module
  File "<frozen importlib._bootstrap>", line 219, in _call_with_frames_removed
  File "/opt/airflow/dags/lastfm_top_tracks.py", line 14, in <module>
    os.makedirs(DATA_DIR, exist_ok=True)
  File "/usr/local/lib/python3.8/os.py", line 223, in makedirs
    mkdir(name, mode)
PermissionError: [Errno 13] Permission denied: '../data'
[2025-12-24T16:02:05.632+0000] {processor.py:841} WARNING - No viable dags retrieved from /opt/airflow/dags/lastfm_top_tracks.py
[2025-12-24T16:02:05.649+0000] {processor.py:179} INFO - Processing /opt/airflow/dags/lastfm_top_tracks.py took 0.411 seconds
[2025-12-24T16:02:35.782+0000] {processor.py:157} INFO - Started process (PID=1548) to work on /opt/airflow/dags/lastfm_top_tracks.py
[2025-12-24T16:02:35.783+0000] {processor.py:829} INFO - Processing file /opt/airflow/dags/lastfm_top_tracks.py for tasks to queue
[2025-12-24T16:02:35.784+0000] {logging_mixin.py:154} INFO - [2025-12-24T16:02:35.784+0000] {dagbag.py:536} INFO - Filling up the DagBag from /opt/airflow/dags/lastfm_top_tracks.py
[2025-12-24T16:02:36.187+0000] {logging_mixin.py:154} INFO - [2025-12-24T16:02:36.180+0000] {dagbag.py:346} ERROR - Failed to import: /opt/airflow/dags/lastfm_top_tracks.py
Traceback (most recent call last):
  File "/home/airflow/.local/lib/python3.8/site-packages/airflow/models/dagbag.py", line 342, in parse
    loader.exec_module(new_module)
  File "<frozen importlib._bootstrap_external>", line 843, in exec_module
  File "<frozen importlib._bootstrap>", line 219, in _call_with_frames_removed
  File "/opt/airflow/dags/lastfm_top_tracks.py", line 14, in <module>
    os.makedirs(DATA_DIR, exist_ok=True)
  File "/usr/local/lib/python3.8/os.py", line 223, in makedirs
    mkdir(name, mode)
PermissionError: [Errno 13] Permission denied: '../data'
[2025-12-24T16:02:36.190+0000] {processor.py:841} WARNING - No viable dags retrieved from /opt/airflow/dags/lastfm_top_tracks.py
[2025-12-24T16:02:36.218+0000] {processor.py:179} INFO - Processing /opt/airflow/dags/lastfm_top_tracks.py took 0.439 seconds
[2025-12-24T16:16:20.645+0000] {processor.py:157} INFO - Started process (PID=168) to work on /opt/airflow/dags/lastfm_top_tracks.py
[2025-12-24T16:16:20.648+0000] {processor.py:829} INFO - Processing file /opt/airflow/dags/lastfm_top_tracks.py for tasks to queue
[2025-12-24T16:16:20.650+0000] {logging_mixin.py:154} INFO - [2025-12-24T16:16:20.649+0000] {dagbag.py:536} INFO - Filling up the DagBag from /opt/airflow/dags/lastfm_top_tracks.py
[2025-12-24T16:16:21.749+0000] {logging_mixin.py:154} INFO - [2025-12-24T16:16:21.739+0000] {dagbag.py:346} ERROR - Failed to import: /opt/airflow/dags/lastfm_top_tracks.py
Traceback (most recent call last):
  File "/home/airflow/.local/lib/python3.8/site-packages/airflow/models/dagbag.py", line 342, in parse
    loader.exec_module(new_module)
  File "<frozen importlib._bootstrap_external>", line 843, in exec_module
  File "<frozen importlib._bootstrap>", line 219, in _call_with_frames_removed
  File "/opt/airflow/dags/lastfm_top_tracks.py", line 14, in <module>
    os.makedirs(DATA_DIR, exist_ok=True)
  File "/usr/local/lib/python3.8/os.py", line 223, in makedirs
    mkdir(name, mode)
PermissionError: [Errno 13] Permission denied: '../data'
[2025-12-24T16:16:21.751+0000] {processor.py:841} WARNING - No viable dags retrieved from /opt/airflow/dags/lastfm_top_tracks.py
[2025-12-24T16:16:21.786+0000] {processor.py:179} INFO - Processing /opt/airflow/dags/lastfm_top_tracks.py took 1.148 seconds
[2025-12-24T16:16:52.349+0000] {processor.py:157} INFO - Started process (PID=194) to work on /opt/airflow/dags/lastfm_top_tracks.py
[2025-12-24T16:16:52.350+0000] {processor.py:829} INFO - Processing file /opt/airflow/dags/lastfm_top_tracks.py for tasks to queue
[2025-12-24T16:16:52.352+0000] {logging_mixin.py:154} INFO - [2025-12-24T16:16:52.351+0000] {dagbag.py:536} INFO - Filling up the DagBag from /opt/airflow/dags/lastfm_top_tracks.py
[2025-12-24T16:16:52.761+0000] {logging_mixin.py:154} INFO - [2025-12-24T16:16:52.751+0000] {dagbag.py:346} ERROR - Failed to import: /opt/airflow/dags/lastfm_top_tracks.py
Traceback (most recent call last):
  File "/home/airflow/.local/lib/python3.8/site-packages/airflow/models/dagbag.py", line 342, in parse
    loader.exec_module(new_module)
  File "<frozen importlib._bootstrap_external>", line 843, in exec_module
  File "<frozen importlib._bootstrap>", line 219, in _call_with_frames_removed
  File "/opt/airflow/dags/lastfm_top_tracks.py", line 14, in <module>
    os.makedirs(DATA_DIR, exist_ok=True)
  File "/usr/local/lib/python3.8/os.py", line 223, in makedirs
    mkdir(name, mode)
PermissionError: [Errno 13] Permission denied: '../data'
[2025-12-24T16:16:52.764+0000] {processor.py:841} WARNING - No viable dags retrieved from /opt/airflow/dags/lastfm_top_tracks.py
[2025-12-24T16:16:52.801+0000] {processor.py:179} INFO - Processing /opt/airflow/dags/lastfm_top_tracks.py took 0.457 seconds
[2025-12-24T16:17:22.906+0000] {processor.py:157} INFO - Started process (PID=210) to work on /opt/airflow/dags/lastfm_top_tracks.py
[2025-12-24T16:17:22.907+0000] {processor.py:829} INFO - Processing file /opt/airflow/dags/lastfm_top_tracks.py for tasks to queue
[2025-12-24T16:17:22.908+0000] {logging_mixin.py:154} INFO - [2025-12-24T16:17:22.908+0000] {dagbag.py:536} INFO - Filling up the DagBag from /opt/airflow/dags/lastfm_top_tracks.py
[2025-12-24T16:17:23.231+0000] {logging_mixin.py:154} INFO - [2025-12-24T16:17:23.222+0000] {dagbag.py:346} ERROR - Failed to import: /opt/airflow/dags/lastfm_top_tracks.py
Traceback (most recent call last):
  File "/home/airflow/.local/lib/python3.8/site-packages/airflow/models/dagbag.py", line 342, in parse
    loader.exec_module(new_module)
  File "<frozen importlib._bootstrap_external>", line 843, in exec_module
  File "<frozen importlib._bootstrap>", line 219, in _call_with_frames_removed
  File "/opt/airflow/dags/lastfm_top_tracks.py", line 14, in <module>
    os.makedirs(DATA_DIR, exist_ok=True)
  File "/usr/local/lib/python3.8/os.py", line 223, in makedirs
    mkdir(name, mode)
PermissionError: [Errno 13] Permission denied: '../data'
[2025-12-24T16:17:23.234+0000] {processor.py:841} WARNING - No viable dags retrieved from /opt/airflow/dags/lastfm_top_tracks.py
[2025-12-24T16:17:23.420+0000] {processor.py:179} INFO - Processing /opt/airflow/dags/lastfm_top_tracks.py took 0.517 seconds
[2025-12-24T16:17:54.435+0000] {processor.py:157} INFO - Started process (PID=226) to work on /opt/airflow/dags/lastfm_top_tracks.py
[2025-12-24T16:17:54.437+0000] {processor.py:829} INFO - Processing file /opt/airflow/dags/lastfm_top_tracks.py for tasks to queue
[2025-12-24T16:17:54.439+0000] {logging_mixin.py:154} INFO - [2025-12-24T16:17:54.439+0000] {dagbag.py:536} INFO - Filling up the DagBag from /opt/airflow/dags/lastfm_top_tracks.py
[2025-12-24T16:17:55.967+0000] {logging_mixin.py:154} INFO - [2025-12-24T16:17:55.934+0000] {dagbag.py:346} ERROR - Failed to import: /opt/airflow/dags/lastfm_top_tracks.py
Traceback (most recent call last):
  File "/home/airflow/.local/lib/python3.8/site-packages/airflow/models/dagbag.py", line 342, in parse
    loader.exec_module(new_module)
  File "<frozen importlib._bootstrap_external>", line 843, in exec_module
  File "<frozen importlib._bootstrap>", line 219, in _call_with_frames_removed
  File "/opt/airflow/dags/lastfm_top_tracks.py", line 14, in <module>
    os.makedirs(DATA_DIR, exist_ok=True)
  File "/usr/local/lib/python3.8/os.py", line 223, in makedirs
    mkdir(name, mode)
PermissionError: [Errno 13] Permission denied: '../data'
[2025-12-24T16:17:55.977+0000] {processor.py:841} WARNING - No viable dags retrieved from /opt/airflow/dags/lastfm_top_tracks.py
[2025-12-24T16:17:56.099+0000] {processor.py:179} INFO - Processing /opt/airflow/dags/lastfm_top_tracks.py took 1.673 seconds
[2025-12-24T16:18:26.809+0000] {processor.py:157} INFO - Started process (PID=242) to work on /opt/airflow/dags/lastfm_top_tracks.py
[2025-12-24T16:18:26.811+0000] {processor.py:829} INFO - Processing file /opt/airflow/dags/lastfm_top_tracks.py for tasks to queue
[2025-12-24T16:18:26.812+0000] {logging_mixin.py:154} INFO - [2025-12-24T16:18:26.812+0000] {dagbag.py:536} INFO - Filling up the DagBag from /opt/airflow/dags/lastfm_top_tracks.py
[2025-12-24T16:18:27.270+0000] {logging_mixin.py:154} INFO - [2025-12-24T16:18:27.260+0000] {dagbag.py:346} ERROR - Failed to import: /opt/airflow/dags/lastfm_top_tracks.py
Traceback (most recent call last):
  File "/home/airflow/.local/lib/python3.8/site-packages/airflow/models/dagbag.py", line 342, in parse
    loader.exec_module(new_module)
  File "<frozen importlib._bootstrap_external>", line 843, in exec_module
  File "<frozen importlib._bootstrap>", line 219, in _call_with_frames_removed
  File "/opt/airflow/dags/lastfm_top_tracks.py", line 14, in <module>
    os.makedirs(DATA_DIR, exist_ok=True)
  File "/usr/local/lib/python3.8/os.py", line 223, in makedirs
    mkdir(name, mode)
PermissionError: [Errno 13] Permission denied: '../data'
[2025-12-24T16:18:27.273+0000] {processor.py:841} WARNING - No viable dags retrieved from /opt/airflow/dags/lastfm_top_tracks.py
[2025-12-24T16:18:27.306+0000] {processor.py:179} INFO - Processing /opt/airflow/dags/lastfm_top_tracks.py took 0.501 seconds
[2025-12-24T16:18:58.331+0000] {processor.py:157} INFO - Started process (PID=258) to work on /opt/airflow/dags/lastfm_top_tracks.py
[2025-12-24T16:18:58.332+0000] {processor.py:829} INFO - Processing file /opt/airflow/dags/lastfm_top_tracks.py for tasks to queue
[2025-12-24T16:18:58.334+0000] {logging_mixin.py:154} INFO - [2025-12-24T16:18:58.333+0000] {dagbag.py:536} INFO - Filling up the DagBag from /opt/airflow/dags/lastfm_top_tracks.py
[2025-12-24T16:18:58.660+0000] {logging_mixin.py:154} INFO - [2025-12-24T16:18:58.654+0000] {dagbag.py:346} ERROR - Failed to import: /opt/airflow/dags/lastfm_top_tracks.py
Traceback (most recent call last):
  File "/home/airflow/.local/lib/python3.8/site-packages/airflow/models/dagbag.py", line 342, in parse
    loader.exec_module(new_module)
  File "<frozen importlib._bootstrap_external>", line 843, in exec_module
  File "<frozen importlib._bootstrap>", line 219, in _call_with_frames_removed
  File "/opt/airflow/dags/lastfm_top_tracks.py", line 14, in <module>
    os.makedirs(DATA_DIR, exist_ok=True)
  File "/usr/local/lib/python3.8/os.py", line 223, in makedirs
    mkdir(name, mode)
PermissionError: [Errno 13] Permission denied: '../data'
[2025-12-24T16:18:58.662+0000] {processor.py:841} WARNING - No viable dags retrieved from /opt/airflow/dags/lastfm_top_tracks.py
[2025-12-24T16:18:58.680+0000] {processor.py:179} INFO - Processing /opt/airflow/dags/lastfm_top_tracks.py took 0.352 seconds
[2025-12-24T16:19:28.839+0000] {processor.py:157} INFO - Started process (PID=274) to work on /opt/airflow/dags/lastfm_top_tracks.py
[2025-12-24T16:19:28.840+0000] {processor.py:829} INFO - Processing file /opt/airflow/dags/lastfm_top_tracks.py for tasks to queue
[2025-12-24T16:19:28.841+0000] {logging_mixin.py:154} INFO - [2025-12-24T16:19:28.841+0000] {dagbag.py:536} INFO - Filling up the DagBag from /opt/airflow/dags/lastfm_top_tracks.py
[2025-12-24T16:19:29.098+0000] {logging_mixin.py:154} INFO - [2025-12-24T16:19:29.088+0000] {dagbag.py:346} ERROR - Failed to import: /opt/airflow/dags/lastfm_top_tracks.py
Traceback (most recent call last):
  File "/home/airflow/.local/lib/python3.8/site-packages/airflow/models/dagbag.py", line 342, in parse
    loader.exec_module(new_module)
  File "<frozen importlib._bootstrap_external>", line 843, in exec_module
  File "<frozen importlib._bootstrap>", line 219, in _call_with_frames_removed
  File "/opt/airflow/dags/lastfm_top_tracks.py", line 14, in <module>
    os.makedirs(DATA_DIR, exist_ok=True)
  File "/usr/local/lib/python3.8/os.py", line 223, in makedirs
    mkdir(name, mode)
PermissionError: [Errno 13] Permission denied: '../data'
[2025-12-24T16:19:29.101+0000] {processor.py:841} WARNING - No viable dags retrieved from /opt/airflow/dags/lastfm_top_tracks.py
[2025-12-24T16:19:29.128+0000] {processor.py:179} INFO - Processing /opt/airflow/dags/lastfm_top_tracks.py took 0.292 seconds
[2025-12-24T16:19:59.403+0000] {processor.py:157} INFO - Started process (PID=290) to work on /opt/airflow/dags/lastfm_top_tracks.py
[2025-12-24T16:19:59.404+0000] {processor.py:829} INFO - Processing file /opt/airflow/dags/lastfm_top_tracks.py for tasks to queue
[2025-12-24T16:19:59.404+0000] {logging_mixin.py:154} INFO - [2025-12-24T16:19:59.404+0000] {dagbag.py:536} INFO - Filling up the DagBag from /opt/airflow/dags/lastfm_top_tracks.py
[2025-12-24T16:19:59.650+0000] {logging_mixin.py:154} INFO - [2025-12-24T16:19:59.642+0000] {dagbag.py:346} ERROR - Failed to import: /opt/airflow/dags/lastfm_top_tracks.py
Traceback (most recent call last):
  File "/home/airflow/.local/lib/python3.8/site-packages/airflow/models/dagbag.py", line 342, in parse
    loader.exec_module(new_module)
  File "<frozen importlib._bootstrap_external>", line 843, in exec_module
  File "<frozen importlib._bootstrap>", line 219, in _call_with_frames_removed
  File "/opt/airflow/dags/lastfm_top_tracks.py", line 14, in <module>
    os.makedirs(DATA_DIR, exist_ok=True)
  File "/usr/local/lib/python3.8/os.py", line 223, in makedirs
    mkdir(name, mode)
PermissionError: [Errno 13] Permission denied: '../data'
[2025-12-24T16:19:59.652+0000] {processor.py:841} WARNING - No viable dags retrieved from /opt/airflow/dags/lastfm_top_tracks.py
[2025-12-24T16:19:59.671+0000] {processor.py:179} INFO - Processing /opt/airflow/dags/lastfm_top_tracks.py took 0.271 seconds
[2025-12-24T16:20:29.867+0000] {processor.py:157} INFO - Started process (PID=306) to work on /opt/airflow/dags/lastfm_top_tracks.py
[2025-12-24T16:20:29.868+0000] {processor.py:829} INFO - Processing file /opt/airflow/dags/lastfm_top_tracks.py for tasks to queue
[2025-12-24T16:20:29.869+0000] {logging_mixin.py:154} INFO - [2025-12-24T16:20:29.869+0000] {dagbag.py:536} INFO - Filling up the DagBag from /opt/airflow/dags/lastfm_top_tracks.py
[2025-12-24T16:20:30.128+0000] {logging_mixin.py:154} INFO - [2025-12-24T16:20:30.118+0000] {dagbag.py:346} ERROR - Failed to import: /opt/airflow/dags/lastfm_top_tracks.py
Traceback (most recent call last):
  File "/home/airflow/.local/lib/python3.8/site-packages/airflow/models/dagbag.py", line 342, in parse
    loader.exec_module(new_module)
  File "<frozen importlib._bootstrap_external>", line 843, in exec_module
  File "<frozen importlib._bootstrap>", line 219, in _call_with_frames_removed
  File "/opt/airflow/dags/lastfm_top_tracks.py", line 14, in <module>
    os.makedirs(DATA_DIR, exist_ok=True)
  File "/usr/local/lib/python3.8/os.py", line 223, in makedirs
    mkdir(name, mode)
PermissionError: [Errno 13] Permission denied: '../data'
[2025-12-24T16:20:30.131+0000] {processor.py:841} WARNING - No viable dags retrieved from /opt/airflow/dags/lastfm_top_tracks.py
[2025-12-24T16:20:30.274+0000] {processor.py:179} INFO - Processing /opt/airflow/dags/lastfm_top_tracks.py took 0.409 seconds
[2025-12-24T16:21:00.347+0000] {processor.py:157} INFO - Started process (PID=322) to work on /opt/airflow/dags/lastfm_top_tracks.py
[2025-12-24T16:21:00.348+0000] {processor.py:829} INFO - Processing file /opt/airflow/dags/lastfm_top_tracks.py for tasks to queue
[2025-12-24T16:21:00.348+0000] {logging_mixin.py:154} INFO - [2025-12-24T16:21:00.348+0000] {dagbag.py:536} INFO - Filling up the DagBag from /opt/airflow/dags/lastfm_top_tracks.py
[2025-12-24T16:21:00.717+0000] {logging_mixin.py:154} INFO - [2025-12-24T16:21:00.710+0000] {dagbag.py:346} ERROR - Failed to import: /opt/airflow/dags/lastfm_top_tracks.py
Traceback (most recent call last):
  File "/home/airflow/.local/lib/python3.8/site-packages/airflow/models/dagbag.py", line 342, in parse
    loader.exec_module(new_module)
  File "<frozen importlib._bootstrap_external>", line 843, in exec_module
  File "<frozen importlib._bootstrap>", line 219, in _call_with_frames_removed
  File "/opt/airflow/dags/lastfm_top_tracks.py", line 14, in <module>
    os.makedirs(DATA_DIR, exist_ok=True)
  File "/usr/local/lib/python3.8/os.py", line 223, in makedirs
    mkdir(name, mode)
PermissionError: [Errno 13] Permission denied: '../data'
[2025-12-24T16:21:00.720+0000] {processor.py:841} WARNING - No viable dags retrieved from /opt/airflow/dags/lastfm_top_tracks.py
[2025-12-24T16:21:00.744+0000] {processor.py:179} INFO - Processing /opt/airflow/dags/lastfm_top_tracks.py took 0.401 seconds
[2025-12-24T16:21:30.875+0000] {processor.py:157} INFO - Started process (PID=338) to work on /opt/airflow/dags/lastfm_top_tracks.py
[2025-12-24T16:21:30.879+0000] {processor.py:829} INFO - Processing file /opt/airflow/dags/lastfm_top_tracks.py for tasks to queue
[2025-12-24T16:21:30.880+0000] {logging_mixin.py:154} INFO - [2025-12-24T16:21:30.880+0000] {dagbag.py:536} INFO - Filling up the DagBag from /opt/airflow/dags/lastfm_top_tracks.py
[2025-12-24T16:21:31.132+0000] {logging_mixin.py:154} INFO - [2025-12-24T16:21:31.126+0000] {dagbag.py:346} ERROR - Failed to import: /opt/airflow/dags/lastfm_top_tracks.py
Traceback (most recent call last):
  File "/home/airflow/.local/lib/python3.8/site-packages/airflow/models/dagbag.py", line 342, in parse
    loader.exec_module(new_module)
  File "<frozen importlib._bootstrap_external>", line 843, in exec_module
  File "<frozen importlib._bootstrap>", line 219, in _call_with_frames_removed
  File "/opt/airflow/dags/lastfm_top_tracks.py", line 14, in <module>
    os.makedirs(DATA_DIR, exist_ok=True)
  File "/usr/local/lib/python3.8/os.py", line 223, in makedirs
    mkdir(name, mode)
PermissionError: [Errno 13] Permission denied: '../data'
[2025-12-24T16:21:31.134+0000] {processor.py:841} WARNING - No viable dags retrieved from /opt/airflow/dags/lastfm_top_tracks.py
[2025-12-24T16:21:31.151+0000] {processor.py:179} INFO - Processing /opt/airflow/dags/lastfm_top_tracks.py took 0.279 seconds
[2025-12-24T16:22:01.417+0000] {processor.py:157} INFO - Started process (PID=354) to work on /opt/airflow/dags/lastfm_top_tracks.py
[2025-12-24T16:22:01.418+0000] {processor.py:829} INFO - Processing file /opt/airflow/dags/lastfm_top_tracks.py for tasks to queue
[2025-12-24T16:22:01.419+0000] {logging_mixin.py:154} INFO - [2025-12-24T16:22:01.419+0000] {dagbag.py:536} INFO - Filling up the DagBag from /opt/airflow/dags/lastfm_top_tracks.py
[2025-12-24T16:22:01.682+0000] {logging_mixin.py:154} INFO - [2025-12-24T16:22:01.674+0000] {dagbag.py:346} ERROR - Failed to import: /opt/airflow/dags/lastfm_top_tracks.py
Traceback (most recent call last):
  File "/home/airflow/.local/lib/python3.8/site-packages/airflow/models/dagbag.py", line 342, in parse
    loader.exec_module(new_module)
  File "<frozen importlib._bootstrap_external>", line 843, in exec_module
  File "<frozen importlib._bootstrap>", line 219, in _call_with_frames_removed
  File "/opt/airflow/dags/lastfm_top_tracks.py", line 14, in <module>
    os.makedirs(DATA_DIR, exist_ok=True)
  File "/usr/local/lib/python3.8/os.py", line 223, in makedirs
    mkdir(name, mode)
PermissionError: [Errno 13] Permission denied: '../data'
[2025-12-24T16:22:01.685+0000] {processor.py:841} WARNING - No viable dags retrieved from /opt/airflow/dags/lastfm_top_tracks.py
[2025-12-24T16:22:01.702+0000] {processor.py:179} INFO - Processing /opt/airflow/dags/lastfm_top_tracks.py took 0.288 seconds
[2025-12-24T16:22:31.900+0000] {processor.py:157} INFO - Started process (PID=370) to work on /opt/airflow/dags/lastfm_top_tracks.py
[2025-12-24T16:22:31.901+0000] {processor.py:829} INFO - Processing file /opt/airflow/dags/lastfm_top_tracks.py for tasks to queue
[2025-12-24T16:22:31.902+0000] {logging_mixin.py:154} INFO - [2025-12-24T16:22:31.902+0000] {dagbag.py:536} INFO - Filling up the DagBag from /opt/airflow/dags/lastfm_top_tracks.py
[2025-12-24T16:22:32.158+0000] {logging_mixin.py:154} INFO - [2025-12-24T16:22:32.153+0000] {dagbag.py:346} ERROR - Failed to import: /opt/airflow/dags/lastfm_top_tracks.py
Traceback (most recent call last):
  File "/home/airflow/.local/lib/python3.8/site-packages/airflow/models/dagbag.py", line 342, in parse
    loader.exec_module(new_module)
  File "<frozen importlib._bootstrap_external>", line 843, in exec_module
  File "<frozen importlib._bootstrap>", line 219, in _call_with_frames_removed
  File "/opt/airflow/dags/lastfm_top_tracks.py", line 14, in <module>
    os.makedirs(DATA_DIR, exist_ok=True)
  File "/usr/local/lib/python3.8/os.py", line 223, in makedirs
    mkdir(name, mode)
PermissionError: [Errno 13] Permission denied: '../data'
[2025-12-24T16:22:32.160+0000] {processor.py:841} WARNING - No viable dags retrieved from /opt/airflow/dags/lastfm_top_tracks.py
[2025-12-24T16:22:32.178+0000] {processor.py:179} INFO - Processing /opt/airflow/dags/lastfm_top_tracks.py took 0.282 seconds
[2025-12-24T16:23:02.332+0000] {processor.py:157} INFO - Started process (PID=386) to work on /opt/airflow/dags/lastfm_top_tracks.py
[2025-12-24T16:23:02.333+0000] {processor.py:829} INFO - Processing file /opt/airflow/dags/lastfm_top_tracks.py for tasks to queue
[2025-12-24T16:23:02.334+0000] {logging_mixin.py:154} INFO - [2025-12-24T16:23:02.333+0000] {dagbag.py:536} INFO - Filling up the DagBag from /opt/airflow/dags/lastfm_top_tracks.py
[2025-12-24T16:23:02.611+0000] {logging_mixin.py:154} INFO - [2025-12-24T16:23:02.602+0000] {dagbag.py:346} ERROR - Failed to import: /opt/airflow/dags/lastfm_top_tracks.py
Traceback (most recent call last):
  File "/home/airflow/.local/lib/python3.8/site-packages/airflow/models/dagbag.py", line 342, in parse
    loader.exec_module(new_module)
  File "<frozen importlib._bootstrap_external>", line 843, in exec_module
  File "<frozen importlib._bootstrap>", line 219, in _call_with_frames_removed
  File "/opt/airflow/dags/lastfm_top_tracks.py", line 14, in <module>
    os.makedirs(DATA_DIR, exist_ok=True)
  File "/usr/local/lib/python3.8/os.py", line 223, in makedirs
    mkdir(name, mode)
PermissionError: [Errno 13] Permission denied: '../data'
[2025-12-24T16:23:02.614+0000] {processor.py:841} WARNING - No viable dags retrieved from /opt/airflow/dags/lastfm_top_tracks.py
[2025-12-24T16:23:02.635+0000] {processor.py:179} INFO - Processing /opt/airflow/dags/lastfm_top_tracks.py took 0.307 seconds
[2025-12-24T16:23:32.769+0000] {processor.py:157} INFO - Started process (PID=402) to work on /opt/airflow/dags/lastfm_top_tracks.py
[2025-12-24T16:23:32.770+0000] {processor.py:829} INFO - Processing file /opt/airflow/dags/lastfm_top_tracks.py for tasks to queue
[2025-12-24T16:23:32.771+0000] {logging_mixin.py:154} INFO - [2025-12-24T16:23:32.771+0000] {dagbag.py:536} INFO - Filling up the DagBag from /opt/airflow/dags/lastfm_top_tracks.py
[2025-12-24T16:23:33.176+0000] {logging_mixin.py:154} INFO - [2025-12-24T16:23:33.171+0000] {dagbag.py:346} ERROR - Failed to import: /opt/airflow/dags/lastfm_top_tracks.py
Traceback (most recent call last):
  File "/home/airflow/.local/lib/python3.8/site-packages/airflow/models/dagbag.py", line 342, in parse
    loader.exec_module(new_module)
  File "<frozen importlib._bootstrap_external>", line 843, in exec_module
  File "<frozen importlib._bootstrap>", line 219, in _call_with_frames_removed
  File "/opt/airflow/dags/lastfm_top_tracks.py", line 14, in <module>
    os.makedirs(DATA_DIR, exist_ok=True)
  File "/usr/local/lib/python3.8/os.py", line 223, in makedirs
    mkdir(name, mode)
PermissionError: [Errno 13] Permission denied: '../data'
[2025-12-24T16:23:33.177+0000] {processor.py:841} WARNING - No viable dags retrieved from /opt/airflow/dags/lastfm_top_tracks.py
[2025-12-24T16:23:33.201+0000] {processor.py:179} INFO - Processing /opt/airflow/dags/lastfm_top_tracks.py took 0.435 seconds
[2025-12-24T16:24:43.721+0000] {processor.py:157} INFO - Started process (PID=167) to work on /opt/airflow/dags/lastfm_top_tracks.py
[2025-12-24T16:24:43.730+0000] {processor.py:829} INFO - Processing file /opt/airflow/dags/lastfm_top_tracks.py for tasks to queue
[2025-12-24T16:24:43.759+0000] {logging_mixin.py:154} INFO - [2025-12-24T16:24:43.757+0000] {dagbag.py:536} INFO - Filling up the DagBag from /opt/airflow/dags/lastfm_top_tracks.py
[2025-12-24T16:24:45.430+0000] {logging_mixin.py:154} INFO - [2025-12-24T16:24:45.406+0000] {dagbag.py:346} ERROR - Failed to import: /opt/airflow/dags/lastfm_top_tracks.py
Traceback (most recent call last):
  File "/home/airflow/.local/lib/python3.8/site-packages/airflow/models/dagbag.py", line 342, in parse
    loader.exec_module(new_module)
  File "<frozen importlib._bootstrap_external>", line 843, in exec_module
  File "<frozen importlib._bootstrap>", line 219, in _call_with_frames_removed
  File "/opt/airflow/dags/lastfm_top_tracks.py", line 14, in <module>
    os.makedirs(DATA_DIR, exist_ok=True)
  File "/usr/local/lib/python3.8/os.py", line 223, in makedirs
    mkdir(name, mode)
PermissionError: [Errno 13] Permission denied: '../data'
[2025-12-24T16:24:45.438+0000] {processor.py:841} WARNING - No viable dags retrieved from /opt/airflow/dags/lastfm_top_tracks.py
[2025-12-24T16:24:45.531+0000] {processor.py:179} INFO - Processing /opt/airflow/dags/lastfm_top_tracks.py took 1.836 seconds
[2025-12-24T16:25:16.220+0000] {processor.py:157} INFO - Started process (PID=193) to work on /opt/airflow/dags/lastfm_top_tracks.py
[2025-12-24T16:25:16.221+0000] {processor.py:829} INFO - Processing file /opt/airflow/dags/lastfm_top_tracks.py for tasks to queue
[2025-12-24T16:25:16.222+0000] {logging_mixin.py:154} INFO - [2025-12-24T16:25:16.222+0000] {dagbag.py:536} INFO - Filling up the DagBag from /opt/airflow/dags/lastfm_top_tracks.py
[2025-12-24T16:25:16.585+0000] {logging_mixin.py:154} INFO - [2025-12-24T16:25:16.577+0000] {dagbag.py:346} ERROR - Failed to import: /opt/airflow/dags/lastfm_top_tracks.py
Traceback (most recent call last):
  File "/home/airflow/.local/lib/python3.8/site-packages/airflow/models/dagbag.py", line 342, in parse
    loader.exec_module(new_module)
  File "<frozen importlib._bootstrap_external>", line 843, in exec_module
  File "<frozen importlib._bootstrap>", line 219, in _call_with_frames_removed
  File "/opt/airflow/dags/lastfm_top_tracks.py", line 14, in <module>
    os.makedirs(DATA_DIR, exist_ok=True)
  File "/usr/local/lib/python3.8/os.py", line 223, in makedirs
    mkdir(name, mode)
PermissionError: [Errno 13] Permission denied: '../data'
[2025-12-24T16:25:16.588+0000] {processor.py:841} WARNING - No viable dags retrieved from /opt/airflow/dags/lastfm_top_tracks.py
[2025-12-24T16:25:16.614+0000] {processor.py:179} INFO - Processing /opt/airflow/dags/lastfm_top_tracks.py took 0.397 seconds
[2025-12-24T16:25:46.738+0000] {processor.py:157} INFO - Started process (PID=209) to work on /opt/airflow/dags/lastfm_top_tracks.py
[2025-12-24T16:25:46.739+0000] {processor.py:829} INFO - Processing file /opt/airflow/dags/lastfm_top_tracks.py for tasks to queue
[2025-12-24T16:25:46.740+0000] {logging_mixin.py:154} INFO - [2025-12-24T16:25:46.740+0000] {dagbag.py:536} INFO - Filling up the DagBag from /opt/airflow/dags/lastfm_top_tracks.py
[2025-12-24T16:25:47.059+0000] {logging_mixin.py:154} INFO - [2025-12-24T16:25:47.054+0000] {dagbag.py:346} ERROR - Failed to import: /opt/airflow/dags/lastfm_top_tracks.py
Traceback (most recent call last):
  File "/home/airflow/.local/lib/python3.8/site-packages/airflow/models/dagbag.py", line 342, in parse
    loader.exec_module(new_module)
  File "<frozen importlib._bootstrap_external>", line 843, in exec_module
  File "<frozen importlib._bootstrap>", line 219, in _call_with_frames_removed
  File "/opt/airflow/dags/lastfm_top_tracks.py", line 14, in <module>
    os.makedirs(DATA_DIR, exist_ok=True)
  File "/usr/local/lib/python3.8/os.py", line 223, in makedirs
    mkdir(name, mode)
PermissionError: [Errno 13] Permission denied: '../data'
[2025-12-24T16:25:47.061+0000] {processor.py:841} WARNING - No viable dags retrieved from /opt/airflow/dags/lastfm_top_tracks.py
[2025-12-24T16:25:47.224+0000] {processor.py:179} INFO - Processing /opt/airflow/dags/lastfm_top_tracks.py took 0.490 seconds
[2025-12-24T16:26:18.176+0000] {processor.py:157} INFO - Started process (PID=225) to work on /opt/airflow/dags/lastfm_top_tracks.py
[2025-12-24T16:26:18.177+0000] {processor.py:829} INFO - Processing file /opt/airflow/dags/lastfm_top_tracks.py for tasks to queue
[2025-12-24T16:26:18.178+0000] {logging_mixin.py:154} INFO - [2025-12-24T16:26:18.178+0000] {dagbag.py:536} INFO - Filling up the DagBag from /opt/airflow/dags/lastfm_top_tracks.py
[2025-12-24T16:26:18.501+0000] {logging_mixin.py:154} INFO - [2025-12-24T16:26:18.489+0000] {dagbag.py:346} ERROR - Failed to import: /opt/airflow/dags/lastfm_top_tracks.py
Traceback (most recent call last):
  File "/home/airflow/.local/lib/python3.8/site-packages/airflow/models/dagbag.py", line 342, in parse
    loader.exec_module(new_module)
  File "<frozen importlib._bootstrap_external>", line 843, in exec_module
  File "<frozen importlib._bootstrap>", line 219, in _call_with_frames_removed
  File "/opt/airflow/dags/lastfm_top_tracks.py", line 14, in <module>
    os.makedirs(DATA_DIR, exist_ok=True)
  File "/usr/local/lib/python3.8/os.py", line 223, in makedirs
    mkdir(name, mode)
PermissionError: [Errno 13] Permission denied: '../data'
[2025-12-24T16:26:18.503+0000] {processor.py:841} WARNING - No viable dags retrieved from /opt/airflow/dags/lastfm_top_tracks.py
[2025-12-24T16:26:18.526+0000] {processor.py:179} INFO - Processing /opt/airflow/dags/lastfm_top_tracks.py took 0.353 seconds
[2025-12-24T16:26:48.761+0000] {processor.py:157} INFO - Started process (PID=241) to work on /opt/airflow/dags/lastfm_top_tracks.py
[2025-12-24T16:26:48.762+0000] {processor.py:829} INFO - Processing file /opt/airflow/dags/lastfm_top_tracks.py for tasks to queue
[2025-12-24T16:26:48.764+0000] {logging_mixin.py:154} INFO - [2025-12-24T16:26:48.764+0000] {dagbag.py:536} INFO - Filling up the DagBag from /opt/airflow/dags/lastfm_top_tracks.py
[2025-12-24T16:26:49.036+0000] {logging_mixin.py:154} INFO - [2025-12-24T16:26:49.026+0000] {dagbag.py:346} ERROR - Failed to import: /opt/airflow/dags/lastfm_top_tracks.py
Traceback (most recent call last):
  File "/home/airflow/.local/lib/python3.8/site-packages/airflow/models/dagbag.py", line 342, in parse
    loader.exec_module(new_module)
  File "<frozen importlib._bootstrap_external>", line 843, in exec_module
  File "<frozen importlib._bootstrap>", line 219, in _call_with_frames_removed
  File "/opt/airflow/dags/lastfm_top_tracks.py", line 14, in <module>
    os.makedirs(DATA_DIR, exist_ok=True)
  File "/usr/local/lib/python3.8/os.py", line 223, in makedirs
    mkdir(name, mode)
PermissionError: [Errno 13] Permission denied: '../data'
[2025-12-24T16:26:49.039+0000] {processor.py:841} WARNING - No viable dags retrieved from /opt/airflow/dags/lastfm_top_tracks.py
[2025-12-24T16:26:49.062+0000] {processor.py:179} INFO - Processing /opt/airflow/dags/lastfm_top_tracks.py took 0.305 seconds
[2025-12-24T16:27:19.344+0000] {processor.py:157} INFO - Started process (PID=257) to work on /opt/airflow/dags/lastfm_top_tracks.py
[2025-12-24T16:27:19.345+0000] {processor.py:829} INFO - Processing file /opt/airflow/dags/lastfm_top_tracks.py for tasks to queue
[2025-12-24T16:27:19.346+0000] {logging_mixin.py:154} INFO - [2025-12-24T16:27:19.346+0000] {dagbag.py:536} INFO - Filling up the DagBag from /opt/airflow/dags/lastfm_top_tracks.py
[2025-12-24T16:27:19.650+0000] {logging_mixin.py:154} INFO - [2025-12-24T16:27:19.640+0000] {dagbag.py:346} ERROR - Failed to import: /opt/airflow/dags/lastfm_top_tracks.py
Traceback (most recent call last):
  File "/home/airflow/.local/lib/python3.8/site-packages/airflow/models/dagbag.py", line 342, in parse
    loader.exec_module(new_module)
  File "<frozen importlib._bootstrap_external>", line 843, in exec_module
  File "<frozen importlib._bootstrap>", line 219, in _call_with_frames_removed
  File "/opt/airflow/dags/lastfm_top_tracks.py", line 14, in <module>
    os.makedirs(DATA_DIR, exist_ok=True)
  File "/usr/local/lib/python3.8/os.py", line 223, in makedirs
    mkdir(name, mode)
PermissionError: [Errno 13] Permission denied: '../data'
[2025-12-24T16:27:19.653+0000] {processor.py:841} WARNING - No viable dags retrieved from /opt/airflow/dags/lastfm_top_tracks.py
[2025-12-24T16:27:19.675+0000] {processor.py:179} INFO - Processing /opt/airflow/dags/lastfm_top_tracks.py took 0.335 seconds
[2025-12-24T16:27:49.828+0000] {processor.py:157} INFO - Started process (PID=273) to work on /opt/airflow/dags/lastfm_top_tracks.py
[2025-12-24T16:27:49.829+0000] {processor.py:829} INFO - Processing file /opt/airflow/dags/lastfm_top_tracks.py for tasks to queue
[2025-12-24T16:27:49.830+0000] {logging_mixin.py:154} INFO - [2025-12-24T16:27:49.830+0000] {dagbag.py:536} INFO - Filling up the DagBag from /opt/airflow/dags/lastfm_top_tracks.py
[2025-12-24T16:27:50.233+0000] {logging_mixin.py:154} INFO - [2025-12-24T16:27:50.227+0000] {dagbag.py:346} ERROR - Failed to import: /opt/airflow/dags/lastfm_top_tracks.py
Traceback (most recent call last):
  File "/home/airflow/.local/lib/python3.8/site-packages/airflow/models/dagbag.py", line 342, in parse
    loader.exec_module(new_module)
  File "<frozen importlib._bootstrap_external>", line 843, in exec_module
  File "<frozen importlib._bootstrap>", line 219, in _call_with_frames_removed
  File "/opt/airflow/dags/lastfm_top_tracks.py", line 14, in <module>
    os.makedirs(DATA_DIR, exist_ok=True)
  File "/usr/local/lib/python3.8/os.py", line 223, in makedirs
    mkdir(name, mode)
PermissionError: [Errno 13] Permission denied: '../data'
[2025-12-24T16:27:50.235+0000] {processor.py:841} WARNING - No viable dags retrieved from /opt/airflow/dags/lastfm_top_tracks.py
[2025-12-24T16:27:50.256+0000] {processor.py:179} INFO - Processing /opt/airflow/dags/lastfm_top_tracks.py took 0.433 seconds
[2025-12-24T16:28:20.405+0000] {processor.py:157} INFO - Started process (PID=289) to work on /opt/airflow/dags/lastfm_top_tracks.py
[2025-12-24T16:28:20.406+0000] {processor.py:829} INFO - Processing file /opt/airflow/dags/lastfm_top_tracks.py for tasks to queue
[2025-12-24T16:28:20.407+0000] {logging_mixin.py:154} INFO - [2025-12-24T16:28:20.407+0000] {dagbag.py:536} INFO - Filling up the DagBag from /opt/airflow/dags/lastfm_top_tracks.py
[2025-12-24T16:28:20.891+0000] {logging_mixin.py:154} INFO - [2025-12-24T16:28:20.883+0000] {dagbag.py:346} ERROR - Failed to import: /opt/airflow/dags/lastfm_top_tracks.py
Traceback (most recent call last):
  File "/home/airflow/.local/lib/python3.8/site-packages/airflow/models/dagbag.py", line 342, in parse
    loader.exec_module(new_module)
  File "<frozen importlib._bootstrap_external>", line 843, in exec_module
  File "<frozen importlib._bootstrap>", line 219, in _call_with_frames_removed
  File "/opt/airflow/dags/lastfm_top_tracks.py", line 14, in <module>
    os.makedirs(DATA_DIR, exist_ok=True)
  File "/usr/local/lib/python3.8/os.py", line 223, in makedirs
    mkdir(name, mode)
PermissionError: [Errno 13] Permission denied: '../data'
[2025-12-24T16:28:20.893+0000] {processor.py:841} WARNING - No viable dags retrieved from /opt/airflow/dags/lastfm_top_tracks.py
[2025-12-24T16:28:20.928+0000] {processor.py:179} INFO - Processing /opt/airflow/dags/lastfm_top_tracks.py took 0.527 seconds
[2025-12-24T16:28:51.742+0000] {processor.py:157} INFO - Started process (PID=300) to work on /opt/airflow/dags/lastfm_top_tracks.py
[2025-12-24T16:28:51.743+0000] {processor.py:829} INFO - Processing file /opt/airflow/dags/lastfm_top_tracks.py for tasks to queue
[2025-12-24T16:28:51.744+0000] {logging_mixin.py:154} INFO - [2025-12-24T16:28:51.744+0000] {dagbag.py:536} INFO - Filling up the DagBag from /opt/airflow/dags/lastfm_top_tracks.py
[2025-12-24T16:28:52.113+0000] {logging_mixin.py:154} INFO - [2025-12-24T16:28:52.101+0000] {dagbag.py:346} ERROR - Failed to import: /opt/airflow/dags/lastfm_top_tracks.py
Traceback (most recent call last):
  File "/home/airflow/.local/lib/python3.8/site-packages/airflow/models/dagbag.py", line 342, in parse
    loader.exec_module(new_module)
  File "<frozen importlib._bootstrap_external>", line 843, in exec_module
  File "<frozen importlib._bootstrap>", line 219, in _call_with_frames_removed
  File "/opt/airflow/dags/lastfm_top_tracks.py", line 14, in <module>
    os.makedirs(DATA_DIR, exist_ok=True)
  File "/usr/local/lib/python3.8/os.py", line 223, in makedirs
    mkdir(name, mode)
PermissionError: [Errno 13] Permission denied: '../data'
[2025-12-24T16:28:52.116+0000] {processor.py:841} WARNING - No viable dags retrieved from /opt/airflow/dags/lastfm_top_tracks.py
[2025-12-24T16:28:52.330+0000] {processor.py:179} INFO - Processing /opt/airflow/dags/lastfm_top_tracks.py took 0.592 seconds
[2025-12-24T16:28:57.049+0000] {processor.py:157} INFO - Started process (PID=306) to work on /opt/airflow/dags/lastfm_top_tracks.py
[2025-12-24T16:28:57.051+0000] {processor.py:829} INFO - Processing file /opt/airflow/dags/lastfm_top_tracks.py for tasks to queue
[2025-12-24T16:28:57.054+0000] {logging_mixin.py:154} INFO - [2025-12-24T16:28:57.053+0000] {dagbag.py:536} INFO - Filling up the DagBag from /opt/airflow/dags/lastfm_top_tracks.py
[2025-12-24T16:28:58.392+0000] {logging_mixin.py:154} INFO - [2025-12-24T16:28:58.335+0000] {dagbag.py:346} ERROR - Failed to import: /opt/airflow/dags/lastfm_top_tracks.py
Traceback (most recent call last):
  File "/home/airflow/.local/lib/python3.8/site-packages/airflow/models/dagbag.py", line 342, in parse
    loader.exec_module(new_module)
  File "<frozen importlib._bootstrap_external>", line 843, in exec_module
  File "<frozen importlib._bootstrap>", line 219, in _call_with_frames_removed
  File "/opt/airflow/dags/lastfm_top_tracks.py", line 14, in <module>
    os.makedirs(DATA_DIR, exist_ok=True)
  File "/usr/local/lib/python3.8/os.py", line 223, in makedirs
    mkdir(name, mode)
FileNotFoundError: [Errno 2] No such file or directory: ''
[2025-12-24T16:28:58.395+0000] {processor.py:841} WARNING - No viable dags retrieved from /opt/airflow/dags/lastfm_top_tracks.py
[2025-12-24T16:28:58.441+0000] {processor.py:179} INFO - Processing /opt/airflow/dags/lastfm_top_tracks.py took 1.398 seconds
[2025-12-24T16:29:01.535+0000] {processor.py:157} INFO - Started process (PID=312) to work on /opt/airflow/dags/lastfm_top_tracks.py
[2025-12-24T16:29:01.537+0000] {processor.py:829} INFO - Processing file /opt/airflow/dags/lastfm_top_tracks.py for tasks to queue
[2025-12-24T16:29:01.538+0000] {logging_mixin.py:154} INFO - [2025-12-24T16:29:01.538+0000] {dagbag.py:536} INFO - Filling up the DagBag from /opt/airflow/dags/lastfm_top_tracks.py
[2025-12-24T16:29:02.088+0000] {processor.py:839} INFO - DAG(s) dict_keys(['lastfm_top_tracks_daily']) retrieved from /opt/airflow/dags/lastfm_top_tracks.py
[2025-12-24T16:29:02.357+0000] {logging_mixin.py:154} INFO - [2025-12-24T16:29:02.356+0000] {dag.py:2941} INFO - Sync 1 DAGs
[2025-12-24T16:29:02.384+0000] {logging_mixin.py:154} INFO - [2025-12-24T16:29:02.384+0000] {dag.py:3722} INFO - Setting next_dagrun for lastfm_top_tracks_daily to 2025-12-24T00:00:00+00:00, run_after=2025-12-25T00:00:00+00:00
[2025-12-24T16:29:02.441+0000] {processor.py:179} INFO - Processing /opt/airflow/dags/lastfm_top_tracks.py took 0.911 seconds
[2025-12-24T16:29:32.557+0000] {processor.py:157} INFO - Started process (PID=323) to work on /opt/airflow/dags/lastfm_top_tracks.py
[2025-12-24T16:29:32.559+0000] {processor.py:829} INFO - Processing file /opt/airflow/dags/lastfm_top_tracks.py for tasks to queue
[2025-12-24T16:29:32.561+0000] {logging_mixin.py:154} INFO - [2025-12-24T16:29:32.561+0000] {dagbag.py:536} INFO - Filling up the DagBag from /opt/airflow/dags/lastfm_top_tracks.py
[2025-12-24T16:29:33.117+0000] {processor.py:839} INFO - DAG(s) dict_keys(['lastfm_top_tracks_daily']) retrieved from /opt/airflow/dags/lastfm_top_tracks.py
[2025-12-24T16:29:33.160+0000] {logging_mixin.py:154} INFO - [2025-12-24T16:29:33.159+0000] {dag.py:2941} INFO - Sync 1 DAGs
[2025-12-24T16:29:33.210+0000] {logging_mixin.py:154} INFO - [2025-12-24T16:29:33.209+0000] {dag.py:3722} INFO - Setting next_dagrun for lastfm_top_tracks_daily to 2025-12-24T00:00:00+00:00, run_after=2025-12-25T00:00:00+00:00
[2025-12-24T16:29:33.513+0000] {processor.py:179} INFO - Processing /opt/airflow/dags/lastfm_top_tracks.py took 0.963 seconds
[2025-12-24T16:30:27.782+0000] {processor.py:157} INFO - Started process (PID=167) to work on /opt/airflow/dags/lastfm_top_tracks.py
[2025-12-24T16:30:27.784+0000] {processor.py:829} INFO - Processing file /opt/airflow/dags/lastfm_top_tracks.py for tasks to queue
[2025-12-24T16:30:27.786+0000] {logging_mixin.py:154} INFO - [2025-12-24T16:30:27.785+0000] {dagbag.py:536} INFO - Filling up the DagBag from /opt/airflow/dags/lastfm_top_tracks.py
[2025-12-24T16:30:28.468+0000] {processor.py:839} INFO - DAG(s) dict_keys(['lastfm_top_tracks_daily']) retrieved from /opt/airflow/dags/lastfm_top_tracks.py
[2025-12-24T16:30:28.535+0000] {logging_mixin.py:154} INFO - [2025-12-24T16:30:28.534+0000] {dag.py:2941} INFO - Sync 1 DAGs
[2025-12-24T16:30:28.799+0000] {logging_mixin.py:154} INFO - [2025-12-24T16:30:28.799+0000] {dag.py:3722} INFO - Setting next_dagrun for lastfm_top_tracks_daily to 2025-12-24T00:00:00+00:00, run_after=2025-12-25T00:00:00+00:00
[2025-12-24T16:30:28.841+0000] {processor.py:179} INFO - Processing /opt/airflow/dags/lastfm_top_tracks.py took 1.076 seconds
[2025-12-24T16:30:59.293+0000] {processor.py:157} INFO - Started process (PID=183) to work on /opt/airflow/dags/lastfm_top_tracks.py
[2025-12-24T16:30:59.296+0000] {processor.py:829} INFO - Processing file /opt/airflow/dags/lastfm_top_tracks.py for tasks to queue
[2025-12-24T16:30:59.297+0000] {logging_mixin.py:154} INFO - [2025-12-24T16:30:59.297+0000] {dagbag.py:536} INFO - Filling up the DagBag from /opt/airflow/dags/lastfm_top_tracks.py
[2025-12-24T16:30:59.783+0000] {processor.py:839} INFO - DAG(s) dict_keys(['lastfm_top_tracks_daily']) retrieved from /opt/airflow/dags/lastfm_top_tracks.py
[2025-12-24T16:31:00.001+0000] {logging_mixin.py:154} INFO - [2025-12-24T16:30:59.999+0000] {dag.py:2941} INFO - Sync 1 DAGs
[2025-12-24T16:31:00.050+0000] {logging_mixin.py:154} INFO - [2025-12-24T16:31:00.049+0000] {dag.py:3722} INFO - Setting next_dagrun for lastfm_top_tracks_daily to 2025-12-24T00:00:00+00:00, run_after=2025-12-25T00:00:00+00:00
[2025-12-24T16:31:00.082+0000] {processor.py:179} INFO - Processing /opt/airflow/dags/lastfm_top_tracks.py took 0.796 seconds
[2025-12-24T16:31:30.504+0000] {processor.py:157} INFO - Started process (PID=194) to work on /opt/airflow/dags/lastfm_top_tracks.py
[2025-12-24T16:31:30.505+0000] {processor.py:829} INFO - Processing file /opt/airflow/dags/lastfm_top_tracks.py for tasks to queue
[2025-12-24T16:31:30.506+0000] {logging_mixin.py:154} INFO - [2025-12-24T16:31:30.506+0000] {dagbag.py:536} INFO - Filling up the DagBag from /opt/airflow/dags/lastfm_top_tracks.py
[2025-12-24T16:31:30.882+0000] {processor.py:839} INFO - DAG(s) dict_keys(['lastfm_top_tracks_daily']) retrieved from /opt/airflow/dags/lastfm_top_tracks.py
[2025-12-24T16:31:30.904+0000] {logging_mixin.py:154} INFO - [2025-12-24T16:31:30.903+0000] {dag.py:2941} INFO - Sync 1 DAGs
[2025-12-24T16:31:30.924+0000] {logging_mixin.py:154} INFO - [2025-12-24T16:31:30.923+0000] {dag.py:3722} INFO - Setting next_dagrun for lastfm_top_tracks_daily to 2025-12-24T00:00:00+00:00, run_after=2025-12-25T00:00:00+00:00
[2025-12-24T16:31:30.941+0000] {processor.py:179} INFO - Processing /opt/airflow/dags/lastfm_top_tracks.py took 0.441 seconds
[2025-12-24T16:32:01.048+0000] {processor.py:157} INFO - Started process (PID=205) to work on /opt/airflow/dags/lastfm_top_tracks.py
[2025-12-24T16:32:01.050+0000] {processor.py:829} INFO - Processing file /opt/airflow/dags/lastfm_top_tracks.py for tasks to queue
[2025-12-24T16:32:01.051+0000] {logging_mixin.py:154} INFO - [2025-12-24T16:32:01.051+0000] {dagbag.py:536} INFO - Filling up the DagBag from /opt/airflow/dags/lastfm_top_tracks.py
[2025-12-24T16:32:01.382+0000] {processor.py:839} INFO - DAG(s) dict_keys(['lastfm_top_tracks_daily']) retrieved from /opt/airflow/dags/lastfm_top_tracks.py
[2025-12-24T16:32:01.405+0000] {logging_mixin.py:154} INFO - [2025-12-24T16:32:01.405+0000] {dag.py:2941} INFO - Sync 1 DAGs
[2025-12-24T16:32:01.425+0000] {logging_mixin.py:154} INFO - [2025-12-24T16:32:01.425+0000] {dag.py:3722} INFO - Setting next_dagrun for lastfm_top_tracks_daily to 2025-12-24T00:00:00+00:00, run_after=2025-12-25T00:00:00+00:00
[2025-12-24T16:32:01.448+0000] {processor.py:179} INFO - Processing /opt/airflow/dags/lastfm_top_tracks.py took 0.403 seconds
[2025-12-24T16:32:31.514+0000] {processor.py:157} INFO - Started process (PID=216) to work on /opt/airflow/dags/lastfm_top_tracks.py
[2025-12-24T16:32:31.516+0000] {processor.py:829} INFO - Processing file /opt/airflow/dags/lastfm_top_tracks.py for tasks to queue
[2025-12-24T16:32:31.517+0000] {logging_mixin.py:154} INFO - [2025-12-24T16:32:31.516+0000] {dagbag.py:536} INFO - Filling up the DagBag from /opt/airflow/dags/lastfm_top_tracks.py
[2025-12-24T16:32:31.783+0000] {processor.py:839} INFO - DAG(s) dict_keys(['lastfm_top_tracks_daily']) retrieved from /opt/airflow/dags/lastfm_top_tracks.py
[2025-12-24T16:32:31.805+0000] {logging_mixin.py:154} INFO - [2025-12-24T16:32:31.805+0000] {dag.py:2941} INFO - Sync 1 DAGs
[2025-12-24T16:32:31.826+0000] {logging_mixin.py:154} INFO - [2025-12-24T16:32:31.826+0000] {dag.py:3722} INFO - Setting next_dagrun for lastfm_top_tracks_daily to 2025-12-24T00:00:00+00:00, run_after=2025-12-25T00:00:00+00:00
[2025-12-24T16:32:31.962+0000] {processor.py:179} INFO - Processing /opt/airflow/dags/lastfm_top_tracks.py took 0.452 seconds
[2025-12-24T16:33:02.893+0000] {processor.py:157} INFO - Started process (PID=227) to work on /opt/airflow/dags/lastfm_top_tracks.py
[2025-12-24T16:33:02.894+0000] {processor.py:829} INFO - Processing file /opt/airflow/dags/lastfm_top_tracks.py for tasks to queue
[2025-12-24T16:33:02.896+0000] {logging_mixin.py:154} INFO - [2025-12-24T16:33:02.895+0000] {dagbag.py:536} INFO - Filling up the DagBag from /opt/airflow/dags/lastfm_top_tracks.py
[2025-12-24T16:33:03.136+0000] {processor.py:839} INFO - DAG(s) dict_keys(['lastfm_top_tracks_daily']) retrieved from /opt/airflow/dags/lastfm_top_tracks.py
[2025-12-24T16:33:03.159+0000] {logging_mixin.py:154} INFO - [2025-12-24T16:33:03.158+0000] {dag.py:2941} INFO - Sync 1 DAGs
[2025-12-24T16:33:03.300+0000] {logging_mixin.py:154} INFO - [2025-12-24T16:33:03.300+0000] {dag.py:3722} INFO - Setting next_dagrun for lastfm_top_tracks_daily to 2025-12-24T00:00:00+00:00, run_after=2025-12-25T00:00:00+00:00
[2025-12-24T16:33:03.321+0000] {processor.py:179} INFO - Processing /opt/airflow/dags/lastfm_top_tracks.py took 0.431 seconds
[2025-12-24T16:33:33.456+0000] {processor.py:157} INFO - Started process (PID=238) to work on /opt/airflow/dags/lastfm_top_tracks.py
[2025-12-24T16:33:33.458+0000] {processor.py:829} INFO - Processing file /opt/airflow/dags/lastfm_top_tracks.py for tasks to queue
[2025-12-24T16:33:33.458+0000] {logging_mixin.py:154} INFO - [2025-12-24T16:33:33.458+0000] {dagbag.py:536} INFO - Filling up the DagBag from /opt/airflow/dags/lastfm_top_tracks.py
[2025-12-24T16:33:33.700+0000] {processor.py:839} INFO - DAG(s) dict_keys(['lastfm_top_tracks_daily']) retrieved from /opt/airflow/dags/lastfm_top_tracks.py
[2025-12-24T16:33:33.724+0000] {logging_mixin.py:154} INFO - [2025-12-24T16:33:33.723+0000] {dag.py:2941} INFO - Sync 1 DAGs
[2025-12-24T16:33:33.860+0000] {logging_mixin.py:154} INFO - [2025-12-24T16:33:33.860+0000] {dag.py:3722} INFO - Setting next_dagrun for lastfm_top_tracks_daily to 2025-12-24T00:00:00+00:00, run_after=2025-12-25T00:00:00+00:00
[2025-12-24T16:33:33.880+0000] {processor.py:179} INFO - Processing /opt/airflow/dags/lastfm_top_tracks.py took 0.427 seconds
[2025-12-24T16:34:04.806+0000] {processor.py:157} INFO - Started process (PID=249) to work on /opt/airflow/dags/lastfm_top_tracks.py
[2025-12-24T16:34:04.807+0000] {processor.py:829} INFO - Processing file /opt/airflow/dags/lastfm_top_tracks.py for tasks to queue
[2025-12-24T16:34:04.808+0000] {logging_mixin.py:154} INFO - [2025-12-24T16:34:04.808+0000] {dagbag.py:536} INFO - Filling up the DagBag from /opt/airflow/dags/lastfm_top_tracks.py
[2025-12-24T16:34:05.052+0000] {processor.py:839} INFO - DAG(s) dict_keys(['lastfm_top_tracks_daily']) retrieved from /opt/airflow/dags/lastfm_top_tracks.py
[2025-12-24T16:34:05.191+0000] {logging_mixin.py:154} INFO - [2025-12-24T16:34:05.190+0000] {dag.py:2941} INFO - Sync 1 DAGs
[2025-12-24T16:34:05.209+0000] {logging_mixin.py:154} INFO - [2025-12-24T16:34:05.209+0000] {dag.py:3722} INFO - Setting next_dagrun for lastfm_top_tracks_daily to 2025-12-24T00:00:00+00:00, run_after=2025-12-25T00:00:00+00:00
[2025-12-24T16:34:05.239+0000] {processor.py:179} INFO - Processing /opt/airflow/dags/lastfm_top_tracks.py took 0.436 seconds
[2025-12-24T16:34:35.371+0000] {processor.py:157} INFO - Started process (PID=260) to work on /opt/airflow/dags/lastfm_top_tracks.py
[2025-12-24T16:34:35.373+0000] {processor.py:829} INFO - Processing file /opt/airflow/dags/lastfm_top_tracks.py for tasks to queue
[2025-12-24T16:34:35.374+0000] {logging_mixin.py:154} INFO - [2025-12-24T16:34:35.374+0000] {dagbag.py:536} INFO - Filling up the DagBag from /opt/airflow/dags/lastfm_top_tracks.py
[2025-12-24T16:34:35.833+0000] {processor.py:839} INFO - DAG(s) dict_keys(['lastfm_top_tracks_daily']) retrieved from /opt/airflow/dags/lastfm_top_tracks.py
[2025-12-24T16:34:35.854+0000] {logging_mixin.py:154} INFO - [2025-12-24T16:34:35.854+0000] {dag.py:2941} INFO - Sync 1 DAGs
[2025-12-24T16:34:35.876+0000] {logging_mixin.py:154} INFO - [2025-12-24T16:34:35.876+0000] {dag.py:3722} INFO - Setting next_dagrun for lastfm_top_tracks_daily to 2025-12-24T00:00:00+00:00, run_after=2025-12-25T00:00:00+00:00
[2025-12-24T16:34:35.905+0000] {processor.py:179} INFO - Processing /opt/airflow/dags/lastfm_top_tracks.py took 0.537 seconds
[2025-12-24T16:35:06.589+0000] {processor.py:157} INFO - Started process (PID=271) to work on /opt/airflow/dags/lastfm_top_tracks.py
[2025-12-24T16:35:06.591+0000] {processor.py:829} INFO - Processing file /opt/airflow/dags/lastfm_top_tracks.py for tasks to queue
[2025-12-24T16:35:06.592+0000] {logging_mixin.py:154} INFO - [2025-12-24T16:35:06.591+0000] {dagbag.py:536} INFO - Filling up the DagBag from /opt/airflow/dags/lastfm_top_tracks.py
[2025-12-24T16:35:07.004+0000] {processor.py:839} INFO - DAG(s) dict_keys(['lastfm_top_tracks_daily']) retrieved from /opt/airflow/dags/lastfm_top_tracks.py
[2025-12-24T16:35:07.024+0000] {logging_mixin.py:154} INFO - [2025-12-24T16:35:07.023+0000] {dag.py:2941} INFO - Sync 1 DAGs
[2025-12-24T16:35:07.047+0000] {logging_mixin.py:154} INFO - [2025-12-24T16:35:07.046+0000] {dag.py:3722} INFO - Setting next_dagrun for lastfm_top_tracks_daily to 2025-12-24T00:00:00+00:00, run_after=2025-12-25T00:00:00+00:00
[2025-12-24T16:35:07.075+0000] {processor.py:179} INFO - Processing /opt/airflow/dags/lastfm_top_tracks.py took 0.490 seconds
[2025-12-24T16:35:38.000+0000] {processor.py:157} INFO - Started process (PID=282) to work on /opt/airflow/dags/lastfm_top_tracks.py
[2025-12-24T16:35:38.002+0000] {processor.py:829} INFO - Processing file /opt/airflow/dags/lastfm_top_tracks.py for tasks to queue
[2025-12-24T16:35:38.003+0000] {logging_mixin.py:154} INFO - [2025-12-24T16:35:38.002+0000] {dagbag.py:536} INFO - Filling up the DagBag from /opt/airflow/dags/lastfm_top_tracks.py
[2025-12-24T16:35:38.415+0000] {processor.py:839} INFO - DAG(s) dict_keys(['lastfm_top_tracks_daily']) retrieved from /opt/airflow/dags/lastfm_top_tracks.py
[2025-12-24T16:35:38.452+0000] {logging_mixin.py:154} INFO - [2025-12-24T16:35:38.452+0000] {dag.py:2941} INFO - Sync 1 DAGs
[2025-12-24T16:35:38.639+0000] {logging_mixin.py:154} INFO - [2025-12-24T16:35:38.638+0000] {dag.py:3722} INFO - Setting next_dagrun for lastfm_top_tracks_daily to 2025-12-24T00:00:00+00:00, run_after=2025-12-25T00:00:00+00:00
[2025-12-24T16:35:38.659+0000] {processor.py:179} INFO - Processing /opt/airflow/dags/lastfm_top_tracks.py took 0.662 seconds
[2025-12-24T16:36:09.397+0000] {processor.py:157} INFO - Started process (PID=293) to work on /opt/airflow/dags/lastfm_top_tracks.py
[2025-12-24T16:36:09.398+0000] {processor.py:829} INFO - Processing file /opt/airflow/dags/lastfm_top_tracks.py for tasks to queue
[2025-12-24T16:36:09.401+0000] {logging_mixin.py:154} INFO - [2025-12-24T16:36:09.400+0000] {dagbag.py:536} INFO - Filling up the DagBag from /opt/airflow/dags/lastfm_top_tracks.py
[2025-12-24T16:36:10.034+0000] {processor.py:839} INFO - DAG(s) dict_keys(['lastfm_top_tracks_daily']) retrieved from /opt/airflow/dags/lastfm_top_tracks.py
[2025-12-24T16:36:10.083+0000] {logging_mixin.py:154} INFO - [2025-12-24T16:36:10.082+0000] {dag.py:2941} INFO - Sync 1 DAGs
[2025-12-24T16:36:10.418+0000] {logging_mixin.py:154} INFO - [2025-12-24T16:36:10.417+0000] {dag.py:3722} INFO - Setting next_dagrun for lastfm_top_tracks_daily to 2025-12-24T00:00:00+00:00, run_after=2025-12-25T00:00:00+00:00
[2025-12-24T16:36:10.466+0000] {processor.py:179} INFO - Processing /opt/airflow/dags/lastfm_top_tracks.py took 1.075 seconds
[2025-12-24T16:36:40.838+0000] {processor.py:157} INFO - Started process (PID=304) to work on /opt/airflow/dags/lastfm_top_tracks.py
[2025-12-24T16:36:40.840+0000] {processor.py:829} INFO - Processing file /opt/airflow/dags/lastfm_top_tracks.py for tasks to queue
[2025-12-24T16:36:40.842+0000] {logging_mixin.py:154} INFO - [2025-12-24T16:36:40.841+0000] {dagbag.py:536} INFO - Filling up the DagBag from /opt/airflow/dags/lastfm_top_tracks.py
[2025-12-24T16:36:41.306+0000] {processor.py:839} INFO - DAG(s) dict_keys(['lastfm_top_tracks_daily']) retrieved from /opt/airflow/dags/lastfm_top_tracks.py
[2025-12-24T16:36:41.574+0000] {logging_mixin.py:154} INFO - [2025-12-24T16:36:41.341+0000] {dag.py:2941} INFO - Sync 1 DAGs
[2025-12-24T16:36:41.614+0000] {logging_mixin.py:154} INFO - [2025-12-24T16:36:41.614+0000] {dag.py:3722} INFO - Setting next_dagrun for lastfm_top_tracks_daily to 2025-12-24T00:00:00+00:00, run_after=2025-12-25T00:00:00+00:00
[2025-12-24T16:36:41.645+0000] {processor.py:179} INFO - Processing /opt/airflow/dags/lastfm_top_tracks.py took 0.813 seconds
[2025-12-24T16:37:11.997+0000] {processor.py:157} INFO - Started process (PID=315) to work on /opt/airflow/dags/lastfm_top_tracks.py
[2025-12-24T16:37:11.998+0000] {processor.py:829} INFO - Processing file /opt/airflow/dags/lastfm_top_tracks.py for tasks to queue
[2025-12-24T16:37:11.999+0000] {logging_mixin.py:154} INFO - [2025-12-24T16:37:11.999+0000] {dagbag.py:536} INFO - Filling up the DagBag from /opt/airflow/dags/lastfm_top_tracks.py
[2025-12-24T16:37:12.331+0000] {processor.py:839} INFO - DAG(s) dict_keys(['lastfm_top_tracks_daily']) retrieved from /opt/airflow/dags/lastfm_top_tracks.py
[2025-12-24T16:37:12.513+0000] {logging_mixin.py:154} INFO - [2025-12-24T16:37:12.512+0000] {dag.py:2941} INFO - Sync 1 DAGs
[2025-12-24T16:37:12.538+0000] {logging_mixin.py:154} INFO - [2025-12-24T16:37:12.537+0000] {dag.py:3722} INFO - Setting next_dagrun for lastfm_top_tracks_daily to 2025-12-24T00:00:00+00:00, run_after=2025-12-25T00:00:00+00:00
[2025-12-24T16:37:12.562+0000] {processor.py:179} INFO - Processing /opt/airflow/dags/lastfm_top_tracks.py took 0.569 seconds
[2025-12-24T16:37:43.422+0000] {processor.py:157} INFO - Started process (PID=326) to work on /opt/airflow/dags/lastfm_top_tracks.py
[2025-12-24T16:37:43.423+0000] {processor.py:829} INFO - Processing file /opt/airflow/dags/lastfm_top_tracks.py for tasks to queue
[2025-12-24T16:37:43.424+0000] {logging_mixin.py:154} INFO - [2025-12-24T16:37:43.424+0000] {dagbag.py:536} INFO - Filling up the DagBag from /opt/airflow/dags/lastfm_top_tracks.py
[2025-12-24T16:37:43.812+0000] {processor.py:839} INFO - DAG(s) dict_keys(['lastfm_top_tracks_daily']) retrieved from /opt/airflow/dags/lastfm_top_tracks.py
[2025-12-24T16:37:43.832+0000] {logging_mixin.py:154} INFO - [2025-12-24T16:37:43.831+0000] {dag.py:2941} INFO - Sync 1 DAGs
[2025-12-24T16:37:43.849+0000] {logging_mixin.py:154} INFO - [2025-12-24T16:37:43.849+0000] {dag.py:3722} INFO - Setting next_dagrun for lastfm_top_tracks_daily to 2025-12-24T00:00:00+00:00, run_after=2025-12-25T00:00:00+00:00
[2025-12-24T16:37:43.870+0000] {processor.py:179} INFO - Processing /opt/airflow/dags/lastfm_top_tracks.py took 0.452 seconds
[2025-12-24T16:38:14.043+0000] {processor.py:157} INFO - Started process (PID=337) to work on /opt/airflow/dags/lastfm_top_tracks.py
[2025-12-24T16:38:14.045+0000] {processor.py:829} INFO - Processing file /opt/airflow/dags/lastfm_top_tracks.py for tasks to queue
[2025-12-24T16:38:14.046+0000] {logging_mixin.py:154} INFO - [2025-12-24T16:38:14.046+0000] {dagbag.py:536} INFO - Filling up the DagBag from /opt/airflow/dags/lastfm_top_tracks.py
[2025-12-24T16:38:14.319+0000] {processor.py:839} INFO - DAG(s) dict_keys(['lastfm_top_tracks_daily']) retrieved from /opt/airflow/dags/lastfm_top_tracks.py
[2025-12-24T16:38:14.344+0000] {logging_mixin.py:154} INFO - [2025-12-24T16:38:14.343+0000] {dag.py:2941} INFO - Sync 1 DAGs
[2025-12-24T16:38:14.365+0000] {logging_mixin.py:154} INFO - [2025-12-24T16:38:14.365+0000] {dag.py:3722} INFO - Setting next_dagrun for lastfm_top_tracks_daily to 2025-12-24T00:00:00+00:00, run_after=2025-12-25T00:00:00+00:00
[2025-12-24T16:38:14.501+0000] {processor.py:179} INFO - Processing /opt/airflow/dags/lastfm_top_tracks.py took 0.462 seconds
[2025-12-24T16:38:45.379+0000] {processor.py:157} INFO - Started process (PID=348) to work on /opt/airflow/dags/lastfm_top_tracks.py
[2025-12-24T16:38:45.380+0000] {processor.py:829} INFO - Processing file /opt/airflow/dags/lastfm_top_tracks.py for tasks to queue
[2025-12-24T16:38:45.381+0000] {logging_mixin.py:154} INFO - [2025-12-24T16:38:45.381+0000] {dagbag.py:536} INFO - Filling up the DagBag from /opt/airflow/dags/lastfm_top_tracks.py
[2025-12-24T16:38:45.626+0000] {processor.py:839} INFO - DAG(s) dict_keys(['lastfm_top_tracks_daily']) retrieved from /opt/airflow/dags/lastfm_top_tracks.py
[2025-12-24T16:38:45.649+0000] {logging_mixin.py:154} INFO - [2025-12-24T16:38:45.648+0000] {dag.py:2941} INFO - Sync 1 DAGs
[2025-12-24T16:38:45.777+0000] {logging_mixin.py:154} INFO - [2025-12-24T16:38:45.777+0000] {dag.py:3722} INFO - Setting next_dagrun for lastfm_top_tracks_daily to 2025-12-24T00:00:00+00:00, run_after=2025-12-25T00:00:00+00:00
[2025-12-24T16:38:45.807+0000] {processor.py:179} INFO - Processing /opt/airflow/dags/lastfm_top_tracks.py took 0.432 seconds
[2025-12-24T16:39:15.879+0000] {processor.py:157} INFO - Started process (PID=359) to work on /opt/airflow/dags/lastfm_top_tracks.py
[2025-12-24T16:39:15.880+0000] {processor.py:829} INFO - Processing file /opt/airflow/dags/lastfm_top_tracks.py for tasks to queue
[2025-12-24T16:39:15.881+0000] {logging_mixin.py:154} INFO - [2025-12-24T16:39:15.880+0000] {dagbag.py:536} INFO - Filling up the DagBag from /opt/airflow/dags/lastfm_top_tracks.py
[2025-12-24T16:39:16.118+0000] {processor.py:839} INFO - DAG(s) dict_keys(['lastfm_top_tracks_daily']) retrieved from /opt/airflow/dags/lastfm_top_tracks.py
[2025-12-24T16:39:16.141+0000] {logging_mixin.py:154} INFO - [2025-12-24T16:39:16.141+0000] {dag.py:2941} INFO - Sync 1 DAGs
[2025-12-24T16:39:16.270+0000] {logging_mixin.py:154} INFO - [2025-12-24T16:39:16.270+0000] {dag.py:3722} INFO - Setting next_dagrun for lastfm_top_tracks_daily to 2025-12-24T00:00:00+00:00, run_after=2025-12-25T00:00:00+00:00
[2025-12-24T16:39:16.294+0000] {processor.py:179} INFO - Processing /opt/airflow/dags/lastfm_top_tracks.py took 0.418 seconds
[2025-12-24T16:39:47.231+0000] {processor.py:157} INFO - Started process (PID=370) to work on /opt/airflow/dags/lastfm_top_tracks.py
[2025-12-24T16:39:47.232+0000] {processor.py:829} INFO - Processing file /opt/airflow/dags/lastfm_top_tracks.py for tasks to queue
[2025-12-24T16:39:47.233+0000] {logging_mixin.py:154} INFO - [2025-12-24T16:39:47.233+0000] {dagbag.py:536} INFO - Filling up the DagBag from /opt/airflow/dags/lastfm_top_tracks.py
[2025-12-24T16:39:47.494+0000] {processor.py:839} INFO - DAG(s) dict_keys(['lastfm_top_tracks_daily']) retrieved from /opt/airflow/dags/lastfm_top_tracks.py
[2025-12-24T16:39:47.632+0000] {logging_mixin.py:154} INFO - [2025-12-24T16:39:47.515+0000] {dag.py:2941} INFO - Sync 1 DAGs
[2025-12-24T16:39:47.654+0000] {logging_mixin.py:154} INFO - [2025-12-24T16:39:47.654+0000] {dag.py:3722} INFO - Setting next_dagrun for lastfm_top_tracks_daily to 2025-12-24T00:00:00+00:00, run_after=2025-12-25T00:00:00+00:00
[2025-12-24T16:39:47.679+0000] {processor.py:179} INFO - Processing /opt/airflow/dags/lastfm_top_tracks.py took 0.451 seconds
[2025-12-24T16:40:17.826+0000] {processor.py:157} INFO - Started process (PID=381) to work on /opt/airflow/dags/lastfm_top_tracks.py
[2025-12-24T16:40:17.828+0000] {processor.py:829} INFO - Processing file /opt/airflow/dags/lastfm_top_tracks.py for tasks to queue
[2025-12-24T16:40:17.829+0000] {logging_mixin.py:154} INFO - [2025-12-24T16:40:17.829+0000] {dagbag.py:536} INFO - Filling up the DagBag from /opt/airflow/dags/lastfm_top_tracks.py
[2025-12-24T16:40:18.196+0000] {processor.py:839} INFO - DAG(s) dict_keys(['lastfm_top_tracks_daily']) retrieved from /opt/airflow/dags/lastfm_top_tracks.py
[2025-12-24T16:40:18.217+0000] {logging_mixin.py:154} INFO - [2025-12-24T16:40:18.216+0000] {dag.py:2941} INFO - Sync 1 DAGs
[2025-12-24T16:40:18.238+0000] {logging_mixin.py:154} INFO - [2025-12-24T16:40:18.238+0000] {dag.py:3722} INFO - Setting next_dagrun for lastfm_top_tracks_daily to 2025-12-24T00:00:00+00:00, run_after=2025-12-25T00:00:00+00:00
[2025-12-24T16:40:18.265+0000] {processor.py:179} INFO - Processing /opt/airflow/dags/lastfm_top_tracks.py took 0.442 seconds
[2025-12-24T16:40:48.340+0000] {processor.py:157} INFO - Started process (PID=392) to work on /opt/airflow/dags/lastfm_top_tracks.py
[2025-12-24T16:40:48.341+0000] {processor.py:829} INFO - Processing file /opt/airflow/dags/lastfm_top_tracks.py for tasks to queue
[2025-12-24T16:40:48.343+0000] {logging_mixin.py:154} INFO - [2025-12-24T16:40:48.342+0000] {dagbag.py:536} INFO - Filling up the DagBag from /opt/airflow/dags/lastfm_top_tracks.py
[2025-12-24T16:40:48.739+0000] {processor.py:839} INFO - DAG(s) dict_keys(['lastfm_top_tracks_daily']) retrieved from /opt/airflow/dags/lastfm_top_tracks.py
[2025-12-24T16:40:48.759+0000] {logging_mixin.py:154} INFO - [2025-12-24T16:40:48.758+0000] {dag.py:2941} INFO - Sync 1 DAGs
[2025-12-24T16:40:48.777+0000] {logging_mixin.py:154} INFO - [2025-12-24T16:40:48.777+0000] {dag.py:3722} INFO - Setting next_dagrun for lastfm_top_tracks_daily to 2025-12-24T00:00:00+00:00, run_after=2025-12-25T00:00:00+00:00
[2025-12-24T16:40:48.796+0000] {processor.py:179} INFO - Processing /opt/airflow/dags/lastfm_top_tracks.py took 0.459 seconds
[2025-12-24T16:41:19.675+0000] {processor.py:157} INFO - Started process (PID=403) to work on /opt/airflow/dags/lastfm_top_tracks.py
[2025-12-24T16:41:19.676+0000] {processor.py:829} INFO - Processing file /opt/airflow/dags/lastfm_top_tracks.py for tasks to queue
[2025-12-24T16:41:19.677+0000] {logging_mixin.py:154} INFO - [2025-12-24T16:41:19.677+0000] {dagbag.py:536} INFO - Filling up the DagBag from /opt/airflow/dags/lastfm_top_tracks.py
[2025-12-24T16:41:19.992+0000] {processor.py:839} INFO - DAG(s) dict_keys(['lastfm_top_tracks_daily']) retrieved from /opt/airflow/dags/lastfm_top_tracks.py
[2025-12-24T16:41:20.018+0000] {logging_mixin.py:154} INFO - [2025-12-24T16:41:20.017+0000] {dag.py:2941} INFO - Sync 1 DAGs
[2025-12-24T16:41:20.044+0000] {logging_mixin.py:154} INFO - [2025-12-24T16:41:20.044+0000] {dag.py:3722} INFO - Setting next_dagrun for lastfm_top_tracks_daily to 2025-12-24T00:00:00+00:00, run_after=2025-12-25T00:00:00+00:00
[2025-12-24T16:41:20.192+0000] {processor.py:179} INFO - Processing /opt/airflow/dags/lastfm_top_tracks.py took 0.521 seconds
[2025-12-24T16:41:51.157+0000] {processor.py:157} INFO - Started process (PID=414) to work on /opt/airflow/dags/lastfm_top_tracks.py
[2025-12-24T16:41:51.158+0000] {processor.py:829} INFO - Processing file /opt/airflow/dags/lastfm_top_tracks.py for tasks to queue
[2025-12-24T16:41:51.159+0000] {logging_mixin.py:154} INFO - [2025-12-24T16:41:51.159+0000] {dagbag.py:536} INFO - Filling up the DagBag from /opt/airflow/dags/lastfm_top_tracks.py
[2025-12-24T16:41:51.412+0000] {processor.py:839} INFO - DAG(s) dict_keys(['lastfm_top_tracks_daily']) retrieved from /opt/airflow/dags/lastfm_top_tracks.py
[2025-12-24T16:41:51.434+0000] {logging_mixin.py:154} INFO - [2025-12-24T16:41:51.433+0000] {dag.py:2941} INFO - Sync 1 DAGs
[2025-12-24T16:41:51.570+0000] {logging_mixin.py:154} INFO - [2025-12-24T16:41:51.570+0000] {dag.py:3722} INFO - Setting next_dagrun for lastfm_top_tracks_daily to 2025-12-24T00:00:00+00:00, run_after=2025-12-25T00:00:00+00:00
[2025-12-24T16:41:51.595+0000] {processor.py:179} INFO - Processing /opt/airflow/dags/lastfm_top_tracks.py took 0.442 seconds
[2025-12-24T16:42:21.653+0000] {processor.py:157} INFO - Started process (PID=425) to work on /opt/airflow/dags/lastfm_top_tracks.py
[2025-12-24T16:42:21.654+0000] {processor.py:829} INFO - Processing file /opt/airflow/dags/lastfm_top_tracks.py for tasks to queue
[2025-12-24T16:42:21.655+0000] {logging_mixin.py:154} INFO - [2025-12-24T16:42:21.655+0000] {dagbag.py:536} INFO - Filling up the DagBag from /opt/airflow/dags/lastfm_top_tracks.py
[2025-12-24T16:42:21.923+0000] {processor.py:839} INFO - DAG(s) dict_keys(['lastfm_top_tracks_daily']) retrieved from /opt/airflow/dags/lastfm_top_tracks.py
[2025-12-24T16:42:21.948+0000] {logging_mixin.py:154} INFO - [2025-12-24T16:42:21.947+0000] {dag.py:2941} INFO - Sync 1 DAGs
[2025-12-24T16:42:22.082+0000] {logging_mixin.py:154} INFO - [2025-12-24T16:42:22.082+0000] {dag.py:3722} INFO - Setting next_dagrun for lastfm_top_tracks_daily to 2025-12-24T00:00:00+00:00, run_after=2025-12-25T00:00:00+00:00
[2025-12-24T16:42:22.113+0000] {processor.py:179} INFO - Processing /opt/airflow/dags/lastfm_top_tracks.py took 0.464 seconds
[2025-12-24T16:42:52.962+0000] {processor.py:157} INFO - Started process (PID=436) to work on /opt/airflow/dags/lastfm_top_tracks.py
[2025-12-24T16:42:52.963+0000] {processor.py:829} INFO - Processing file /opt/airflow/dags/lastfm_top_tracks.py for tasks to queue
[2025-12-24T16:42:52.964+0000] {logging_mixin.py:154} INFO - [2025-12-24T16:42:52.963+0000] {dagbag.py:536} INFO - Filling up the DagBag from /opt/airflow/dags/lastfm_top_tracks.py
[2025-12-24T16:42:53.239+0000] {processor.py:839} INFO - DAG(s) dict_keys(['lastfm_top_tracks_daily']) retrieved from /opt/airflow/dags/lastfm_top_tracks.py
[2025-12-24T16:42:53.376+0000] {logging_mixin.py:154} INFO - [2025-12-24T16:42:53.375+0000] {dag.py:2941} INFO - Sync 1 DAGs
[2025-12-24T16:42:53.394+0000] {logging_mixin.py:154} INFO - [2025-12-24T16:42:53.394+0000] {dag.py:3722} INFO - Setting next_dagrun for lastfm_top_tracks_daily to 2025-12-24T00:00:00+00:00, run_after=2025-12-25T00:00:00+00:00
[2025-12-24T16:42:53.417+0000] {processor.py:179} INFO - Processing /opt/airflow/dags/lastfm_top_tracks.py took 0.458 seconds
[2025-12-24T16:43:23.545+0000] {processor.py:157} INFO - Started process (PID=447) to work on /opt/airflow/dags/lastfm_top_tracks.py
[2025-12-24T16:43:23.546+0000] {processor.py:829} INFO - Processing file /opt/airflow/dags/lastfm_top_tracks.py for tasks to queue
[2025-12-24T16:43:23.547+0000] {logging_mixin.py:154} INFO - [2025-12-24T16:43:23.547+0000] {dagbag.py:536} INFO - Filling up the DagBag from /opt/airflow/dags/lastfm_top_tracks.py
[2025-12-24T16:43:23.937+0000] {processor.py:839} INFO - DAG(s) dict_keys(['lastfm_top_tracks_daily']) retrieved from /opt/airflow/dags/lastfm_top_tracks.py
[2025-12-24T16:43:23.958+0000] {logging_mixin.py:154} INFO - [2025-12-24T16:43:23.958+0000] {dag.py:2941} INFO - Sync 1 DAGs
[2025-12-24T16:43:23.978+0000] {logging_mixin.py:154} INFO - [2025-12-24T16:43:23.978+0000] {dag.py:3722} INFO - Setting next_dagrun for lastfm_top_tracks_daily to 2025-12-24T00:00:00+00:00, run_after=2025-12-25T00:00:00+00:00
[2025-12-24T16:43:24.005+0000] {processor.py:179} INFO - Processing /opt/airflow/dags/lastfm_top_tracks.py took 0.463 seconds
[2025-12-24T16:43:54.846+0000] {processor.py:157} INFO - Started process (PID=458) to work on /opt/airflow/dags/lastfm_top_tracks.py
[2025-12-24T16:43:54.847+0000] {processor.py:829} INFO - Processing file /opt/airflow/dags/lastfm_top_tracks.py for tasks to queue
[2025-12-24T16:43:54.848+0000] {logging_mixin.py:154} INFO - [2025-12-24T16:43:54.848+0000] {dagbag.py:536} INFO - Filling up the DagBag from /opt/airflow/dags/lastfm_top_tracks.py
[2025-12-24T16:43:55.230+0000] {processor.py:839} INFO - DAG(s) dict_keys(['lastfm_top_tracks_daily']) retrieved from /opt/airflow/dags/lastfm_top_tracks.py
[2025-12-24T16:43:55.251+0000] {logging_mixin.py:154} INFO - [2025-12-24T16:43:55.251+0000] {dag.py:2941} INFO - Sync 1 DAGs
[2025-12-24T16:43:55.270+0000] {logging_mixin.py:154} INFO - [2025-12-24T16:43:55.269+0000] {dag.py:3722} INFO - Setting next_dagrun for lastfm_top_tracks_daily to 2025-12-24T00:00:00+00:00, run_after=2025-12-25T00:00:00+00:00
[2025-12-24T16:43:55.295+0000] {processor.py:179} INFO - Processing /opt/airflow/dags/lastfm_top_tracks.py took 0.452 seconds
[2025-12-24T16:44:25.408+0000] {processor.py:157} INFO - Started process (PID=469) to work on /opt/airflow/dags/lastfm_top_tracks.py
[2025-12-24T16:44:25.409+0000] {processor.py:829} INFO - Processing file /opt/airflow/dags/lastfm_top_tracks.py for tasks to queue
[2025-12-24T16:44:25.411+0000] {logging_mixin.py:154} INFO - [2025-12-24T16:44:25.411+0000] {dagbag.py:536} INFO - Filling up the DagBag from /opt/airflow/dags/lastfm_top_tracks.py
[2025-12-24T16:44:25.709+0000] {processor.py:839} INFO - DAG(s) dict_keys(['lastfm_top_tracks_daily']) retrieved from /opt/airflow/dags/lastfm_top_tracks.py
[2025-12-24T16:44:25.735+0000] {logging_mixin.py:154} INFO - [2025-12-24T16:44:25.734+0000] {dag.py:2941} INFO - Sync 1 DAGs
[2025-12-24T16:44:25.875+0000] {logging_mixin.py:154} INFO - [2025-12-24T16:44:25.875+0000] {dag.py:3722} INFO - Setting next_dagrun for lastfm_top_tracks_daily to 2025-12-24T00:00:00+00:00, run_after=2025-12-25T00:00:00+00:00
[2025-12-24T16:44:25.902+0000] {processor.py:179} INFO - Processing /opt/airflow/dags/lastfm_top_tracks.py took 0.498 seconds
[2025-12-24T16:44:56.754+0000] {processor.py:157} INFO - Started process (PID=480) to work on /opt/airflow/dags/lastfm_top_tracks.py
[2025-12-24T16:44:56.769+0000] {processor.py:829} INFO - Processing file /opt/airflow/dags/lastfm_top_tracks.py for tasks to queue
[2025-12-24T16:44:56.773+0000] {logging_mixin.py:154} INFO - [2025-12-24T16:44:56.772+0000] {dagbag.py:536} INFO - Filling up the DagBag from /opt/airflow/dags/lastfm_top_tracks.py
[2025-12-24T16:44:57.142+0000] {processor.py:839} INFO - DAG(s) dict_keys(['lastfm_top_tracks_daily']) retrieved from /opt/airflow/dags/lastfm_top_tracks.py
[2025-12-24T16:44:57.168+0000] {logging_mixin.py:154} INFO - [2025-12-24T16:44:57.168+0000] {dag.py:2941} INFO - Sync 1 DAGs
[2025-12-24T16:44:57.453+0000] {logging_mixin.py:154} INFO - [2025-12-24T16:44:57.453+0000] {dag.py:3722} INFO - Setting next_dagrun for lastfm_top_tracks_daily to 2025-12-24T00:00:00+00:00, run_after=2025-12-25T00:00:00+00:00
[2025-12-24T16:44:57.476+0000] {processor.py:179} INFO - Processing /opt/airflow/dags/lastfm_top_tracks.py took 0.742 seconds
[2025-12-24T16:45:27.101+0000] {processor.py:157} INFO - Started process (PID=491) to work on /opt/airflow/dags/lastfm_top_tracks.py
[2025-12-24T16:45:27.102+0000] {processor.py:829} INFO - Processing file /opt/airflow/dags/lastfm_top_tracks.py for tasks to queue
[2025-12-24T16:45:27.103+0000] {logging_mixin.py:154} INFO - [2025-12-24T16:45:27.103+0000] {dagbag.py:536} INFO - Filling up the DagBag from /opt/airflow/dags/lastfm_top_tracks.py
[2025-12-24T16:45:27.118+0000] {logging_mixin.py:154} INFO - [2025-12-24T16:45:27.117+0000] {dagbag.py:346} ERROR - Failed to import: /opt/airflow/dags/lastfm_top_tracks.py
Traceback (most recent call last):
  File "/home/airflow/.local/lib/python3.8/site-packages/airflow/models/dagbag.py", line 342, in parse
    loader.exec_module(new_module)
  File "<frozen importlib._bootstrap_external>", line 839, in exec_module
  File "<frozen importlib._bootstrap_external>", line 976, in get_code
  File "<frozen importlib._bootstrap_external>", line 906, in source_to_code
  File "<frozen importlib._bootstrap>", line 219, in _call_with_frames_removed
  File "/opt/airflow/dags/lastfm_top_tracks.py", line 67
    start_date=datetime(2025, 12, 24),
    ^
SyntaxError: invalid syntax
[2025-12-24T16:45:27.119+0000] {processor.py:841} WARNING - No viable dags retrieved from /opt/airflow/dags/lastfm_top_tracks.py
[2025-12-24T16:45:27.144+0000] {processor.py:179} INFO - Processing /opt/airflow/dags/lastfm_top_tracks.py took 0.047 seconds
[2025-12-24T16:45:29.261+0000] {processor.py:157} INFO - Started process (PID=496) to work on /opt/airflow/dags/lastfm_top_tracks.py
[2025-12-24T16:45:29.263+0000] {processor.py:829} INFO - Processing file /opt/airflow/dags/lastfm_top_tracks.py for tasks to queue
[2025-12-24T16:45:29.265+0000] {logging_mixin.py:154} INFO - [2025-12-24T16:45:29.264+0000] {dagbag.py:536} INFO - Filling up the DagBag from /opt/airflow/dags/lastfm_top_tracks.py
[2025-12-24T16:45:29.325+0000] {logging_mixin.py:154} INFO - [2025-12-24T16:45:29.323+0000] {dagbag.py:346} ERROR - Failed to import: /opt/airflow/dags/lastfm_top_tracks.py
Traceback (most recent call last):
  File "/home/airflow/.local/lib/python3.8/site-packages/airflow/models/dagbag.py", line 342, in parse
    loader.exec_module(new_module)
  File "<frozen importlib._bootstrap_external>", line 839, in exec_module
  File "<frozen importlib._bootstrap_external>", line 976, in get_code
  File "<frozen importlib._bootstrap_external>", line 906, in source_to_code
  File "<frozen importlib._bootstrap>", line 219, in _call_with_frames_removed
  File "/opt/airflow/dags/lastfm_top_tracks.py", line 67
    start_date=datetime(2025, 12, 24),
    ^
SyntaxError: invalid syntax
[2025-12-24T16:45:29.327+0000] {processor.py:841} WARNING - No viable dags retrieved from /opt/airflow/dags/lastfm_top_tracks.py
[2025-12-24T16:45:29.366+0000] {processor.py:179} INFO - Processing /opt/airflow/dags/lastfm_top_tracks.py took 0.111 seconds
[2025-12-24T16:45:34.359+0000] {processor.py:157} INFO - Started process (PID=501) to work on /opt/airflow/dags/lastfm_top_tracks.py
[2025-12-24T16:45:34.360+0000] {processor.py:829} INFO - Processing file /opt/airflow/dags/lastfm_top_tracks.py for tasks to queue
[2025-12-24T16:45:34.362+0000] {logging_mixin.py:154} INFO - [2025-12-24T16:45:34.361+0000] {dagbag.py:536} INFO - Filling up the DagBag from /opt/airflow/dags/lastfm_top_tracks.py
[2025-12-24T16:45:34.701+0000] {processor.py:839} INFO - DAG(s) dict_keys(['lastfm_top_tracks_daily']) retrieved from /opt/airflow/dags/lastfm_top_tracks.py
[2025-12-24T16:45:35.032+0000] {logging_mixin.py:154} INFO - [2025-12-24T16:45:35.031+0000] {dag.py:2941} INFO - Sync 1 DAGs
[2025-12-24T16:45:35.059+0000] {logging_mixin.py:154} INFO - [2025-12-24T16:45:35.059+0000] {dag.py:3722} INFO - Setting next_dagrun for lastfm_top_tracks_daily to 2025-12-24T16:44:35.059378+00:00, run_after=2025-12-24T16:45:35.059378+00:00
[2025-12-24T16:45:35.097+0000] {processor.py:179} INFO - Processing /opt/airflow/dags/lastfm_top_tracks.py took 0.744 seconds
[2025-12-24T16:46:05.431+0000] {processor.py:157} INFO - Started process (PID=515) to work on /opt/airflow/dags/lastfm_top_tracks.py
[2025-12-24T16:46:05.432+0000] {processor.py:829} INFO - Processing file /opt/airflow/dags/lastfm_top_tracks.py for tasks to queue
[2025-12-24T16:46:05.434+0000] {logging_mixin.py:154} INFO - [2025-12-24T16:46:05.433+0000] {dagbag.py:536} INFO - Filling up the DagBag from /opt/airflow/dags/lastfm_top_tracks.py
[2025-12-24T16:46:05.805+0000] {processor.py:839} INFO - DAG(s) dict_keys(['lastfm_top_tracks_daily']) retrieved from /opt/airflow/dags/lastfm_top_tracks.py
[2025-12-24T16:46:05.983+0000] {logging_mixin.py:154} INFO - [2025-12-24T16:46:05.982+0000] {dag.py:2941} INFO - Sync 1 DAGs
[2025-12-24T16:46:06.005+0000] {logging_mixin.py:154} INFO - [2025-12-24T16:46:06.005+0000] {dag.py:3722} INFO - Setting next_dagrun for lastfm_top_tracks_daily to 2025-12-24T16:45:35.059378+00:00, run_after=2025-12-24T16:46:35.059378+00:00
[2025-12-24T16:46:06.028+0000] {processor.py:179} INFO - Processing /opt/airflow/dags/lastfm_top_tracks.py took 0.601 seconds
[2025-12-24T16:46:36.891+0000] {processor.py:157} INFO - Started process (PID=528) to work on /opt/airflow/dags/lastfm_top_tracks.py
[2025-12-24T16:46:36.893+0000] {processor.py:829} INFO - Processing file /opt/airflow/dags/lastfm_top_tracks.py for tasks to queue
[2025-12-24T16:46:36.896+0000] {logging_mixin.py:154} INFO - [2025-12-24T16:46:36.895+0000] {dagbag.py:536} INFO - Filling up the DagBag from /opt/airflow/dags/lastfm_top_tracks.py
[2025-12-24T16:46:37.509+0000] {processor.py:839} INFO - DAG(s) dict_keys(['lastfm_top_tracks_daily']) retrieved from /opt/airflow/dags/lastfm_top_tracks.py
[2025-12-24T16:46:37.539+0000] {logging_mixin.py:154} INFO - [2025-12-24T16:46:37.538+0000] {dag.py:2941} INFO - Sync 1 DAGs
[2025-12-24T16:46:37.565+0000] {logging_mixin.py:154} INFO - [2025-12-24T16:46:37.565+0000] {dag.py:3722} INFO - Setting next_dagrun for lastfm_top_tracks_daily to 2025-12-24T16:46:35.059378+00:00, run_after=2025-12-24T16:47:35.059378+00:00
[2025-12-24T16:46:37.595+0000] {processor.py:179} INFO - Processing /opt/airflow/dags/lastfm_top_tracks.py took 0.709 seconds
[2025-12-24T16:47:08.325+0000] {processor.py:157} INFO - Started process (PID=540) to work on /opt/airflow/dags/lastfm_top_tracks.py
[2025-12-24T16:47:08.327+0000] {processor.py:829} INFO - Processing file /opt/airflow/dags/lastfm_top_tracks.py for tasks to queue
[2025-12-24T16:47:08.328+0000] {logging_mixin.py:154} INFO - [2025-12-24T16:47:08.327+0000] {dagbag.py:536} INFO - Filling up the DagBag from /opt/airflow/dags/lastfm_top_tracks.py
[2025-12-24T16:47:08.739+0000] {processor.py:839} INFO - DAG(s) dict_keys(['lastfm_top_tracks_daily']) retrieved from /opt/airflow/dags/lastfm_top_tracks.py
[2025-12-24T16:47:08.762+0000] {logging_mixin.py:154} INFO - [2025-12-24T16:47:08.762+0000] {dag.py:2941} INFO - Sync 1 DAGs
[2025-12-24T16:47:08.783+0000] {logging_mixin.py:154} INFO - [2025-12-24T16:47:08.782+0000] {dag.py:3722} INFO - Setting next_dagrun for lastfm_top_tracks_daily to 2025-12-24T16:46:35.059378+00:00, run_after=2025-12-24T16:47:35.059378+00:00
[2025-12-24T16:47:08.810+0000] {processor.py:179} INFO - Processing /opt/airflow/dags/lastfm_top_tracks.py took 0.488 seconds
[2025-12-24T16:47:38.971+0000] {processor.py:157} INFO - Started process (PID=554) to work on /opt/airflow/dags/lastfm_top_tracks.py
[2025-12-24T16:47:38.972+0000] {processor.py:829} INFO - Processing file /opt/airflow/dags/lastfm_top_tracks.py for tasks to queue
[2025-12-24T16:47:38.973+0000] {logging_mixin.py:154} INFO - [2025-12-24T16:47:38.973+0000] {dagbag.py:536} INFO - Filling up the DagBag from /opt/airflow/dags/lastfm_top_tracks.py
[2025-12-24T16:47:39.340+0000] {processor.py:839} INFO - DAG(s) dict_keys(['lastfm_top_tracks_daily']) retrieved from /opt/airflow/dags/lastfm_top_tracks.py
[2025-12-24T16:47:39.365+0000] {logging_mixin.py:154} INFO - [2025-12-24T16:47:39.364+0000] {dag.py:2941} INFO - Sync 1 DAGs
[2025-12-24T16:47:39.384+0000] {logging_mixin.py:154} INFO - [2025-12-24T16:47:39.384+0000] {dag.py:3722} INFO - Setting next_dagrun for lastfm_top_tracks_daily to 2025-12-24T16:47:35.059378+00:00, run_after=2025-12-24T16:48:35.059378+00:00
[2025-12-24T16:47:39.416+0000] {processor.py:179} INFO - Processing /opt/airflow/dags/lastfm_top_tracks.py took 0.448 seconds
[2025-12-24T16:48:10.235+0000] {processor.py:157} INFO - Started process (PID=565) to work on /opt/airflow/dags/lastfm_top_tracks.py
[2025-12-24T16:48:10.236+0000] {processor.py:829} INFO - Processing file /opt/airflow/dags/lastfm_top_tracks.py for tasks to queue
[2025-12-24T16:48:10.237+0000] {logging_mixin.py:154} INFO - [2025-12-24T16:48:10.237+0000] {dagbag.py:536} INFO - Filling up the DagBag from /opt/airflow/dags/lastfm_top_tracks.py
[2025-12-24T16:48:10.498+0000] {processor.py:839} INFO - DAG(s) dict_keys(['lastfm_top_tracks_daily']) retrieved from /opt/airflow/dags/lastfm_top_tracks.py
[2025-12-24T16:48:10.527+0000] {logging_mixin.py:154} INFO - [2025-12-24T16:48:10.526+0000] {dag.py:2941} INFO - Sync 1 DAGs
[2025-12-24T16:48:10.673+0000] {logging_mixin.py:154} INFO - [2025-12-24T16:48:10.673+0000] {dag.py:3722} INFO - Setting next_dagrun for lastfm_top_tracks_daily to 2025-12-24T16:47:35.059378+00:00, run_after=2025-12-24T16:48:35.059378+00:00
[2025-12-24T16:48:10.694+0000] {processor.py:179} INFO - Processing /opt/airflow/dags/lastfm_top_tracks.py took 0.462 seconds
[2025-12-24T16:48:40.784+0000] {processor.py:157} INFO - Started process (PID=576) to work on /opt/airflow/dags/lastfm_top_tracks.py
[2025-12-24T16:48:40.785+0000] {processor.py:829} INFO - Processing file /opt/airflow/dags/lastfm_top_tracks.py for tasks to queue
[2025-12-24T16:48:40.786+0000] {logging_mixin.py:154} INFO - [2025-12-24T16:48:40.786+0000] {dagbag.py:536} INFO - Filling up the DagBag from /opt/airflow/dags/lastfm_top_tracks.py
[2025-12-24T16:48:41.066+0000] {processor.py:839} INFO - DAG(s) dict_keys(['lastfm_top_tracks_daily']) retrieved from /opt/airflow/dags/lastfm_top_tracks.py
[2025-12-24T16:48:41.212+0000] {logging_mixin.py:154} INFO - [2025-12-24T16:48:41.212+0000] {dag.py:2941} INFO - Sync 1 DAGs
[2025-12-24T16:48:41.229+0000] {logging_mixin.py:154} INFO - [2025-12-24T16:48:41.229+0000] {dag.py:3722} INFO - Setting next_dagrun for lastfm_top_tracks_daily to 2025-12-24T16:47:41.229432+00:00, run_after=2025-12-24T16:48:41.229432+00:00
[2025-12-24T16:48:41.254+0000] {processor.py:179} INFO - Processing /opt/airflow/dags/lastfm_top_tracks.py took 0.474 seconds
[2025-12-24T16:49:12.108+0000] {processor.py:157} INFO - Started process (PID=587) to work on /opt/airflow/dags/lastfm_top_tracks.py
[2025-12-24T16:49:12.109+0000] {processor.py:829} INFO - Processing file /opt/airflow/dags/lastfm_top_tracks.py for tasks to queue
[2025-12-24T16:49:12.110+0000] {logging_mixin.py:154} INFO - [2025-12-24T16:49:12.110+0000] {dagbag.py:536} INFO - Filling up the DagBag from /opt/airflow/dags/lastfm_top_tracks.py
[2025-12-24T16:49:12.472+0000] {processor.py:839} INFO - DAG(s) dict_keys(['lastfm_top_tracks_daily']) retrieved from /opt/airflow/dags/lastfm_top_tracks.py
[2025-12-24T16:49:12.493+0000] {logging_mixin.py:154} INFO - [2025-12-24T16:49:12.492+0000] {dag.py:2941} INFO - Sync 1 DAGs
[2025-12-24T16:49:12.509+0000] {logging_mixin.py:154} INFO - [2025-12-24T16:49:12.509+0000] {dag.py:3722} INFO - Setting next_dagrun for lastfm_top_tracks_daily to 2025-12-24T16:48:12.509566+00:00, run_after=2025-12-24T16:49:12.509566+00:00
[2025-12-24T16:49:12.532+0000] {processor.py:179} INFO - Processing /opt/airflow/dags/lastfm_top_tracks.py took 0.427 seconds
[2025-12-24T16:49:42.629+0000] {processor.py:157} INFO - Started process (PID=598) to work on /opt/airflow/dags/lastfm_top_tracks.py
[2025-12-24T16:49:42.630+0000] {processor.py:829} INFO - Processing file /opt/airflow/dags/lastfm_top_tracks.py for tasks to queue
[2025-12-24T16:49:42.631+0000] {logging_mixin.py:154} INFO - [2025-12-24T16:49:42.630+0000] {dagbag.py:536} INFO - Filling up the DagBag from /opt/airflow/dags/lastfm_top_tracks.py
[2025-12-24T16:49:42.995+0000] {processor.py:839} INFO - DAG(s) dict_keys(['lastfm_top_tracks_daily']) retrieved from /opt/airflow/dags/lastfm_top_tracks.py
[2025-12-24T16:49:43.017+0000] {logging_mixin.py:154} INFO - [2025-12-24T16:49:43.017+0000] {dag.py:2941} INFO - Sync 1 DAGs
[2025-12-24T16:49:43.036+0000] {logging_mixin.py:154} INFO - [2025-12-24T16:49:43.036+0000] {dag.py:3722} INFO - Setting next_dagrun for lastfm_top_tracks_daily to 2025-12-24T16:48:43.035914+00:00, run_after=2025-12-24T16:49:43.035914+00:00
[2025-12-24T16:49:43.065+0000] {processor.py:179} INFO - Processing /opt/airflow/dags/lastfm_top_tracks.py took 0.439 seconds
[2025-12-24T16:50:13.936+0000] {processor.py:157} INFO - Started process (PID=609) to work on /opt/airflow/dags/lastfm_top_tracks.py
[2025-12-24T16:50:13.937+0000] {processor.py:829} INFO - Processing file /opt/airflow/dags/lastfm_top_tracks.py for tasks to queue
[2025-12-24T16:50:13.938+0000] {logging_mixin.py:154} INFO - [2025-12-24T16:50:13.937+0000] {dagbag.py:536} INFO - Filling up the DagBag from /opt/airflow/dags/lastfm_top_tracks.py
[2025-12-24T16:50:14.351+0000] {processor.py:839} INFO - DAG(s) dict_keys(['lastfm_top_tracks_daily']) retrieved from /opt/airflow/dags/lastfm_top_tracks.py
[2025-12-24T16:50:14.371+0000] {logging_mixin.py:154} INFO - [2025-12-24T16:50:14.371+0000] {dag.py:2941} INFO - Sync 1 DAGs
[2025-12-24T16:50:14.390+0000] {logging_mixin.py:154} INFO - [2025-12-24T16:50:14.390+0000] {dag.py:3722} INFO - Setting next_dagrun for lastfm_top_tracks_daily to 2025-12-24T16:49:14.390091+00:00, run_after=2025-12-24T16:50:14.390091+00:00
[2025-12-24T16:50:14.420+0000] {processor.py:179} INFO - Processing /opt/airflow/dags/lastfm_top_tracks.py took 0.487 seconds
[2025-12-24T16:50:44.523+0000] {processor.py:157} INFO - Started process (PID=625) to work on /opt/airflow/dags/lastfm_top_tracks.py
[2025-12-24T16:50:44.524+0000] {processor.py:829} INFO - Processing file /opt/airflow/dags/lastfm_top_tracks.py for tasks to queue
[2025-12-24T16:50:44.525+0000] {logging_mixin.py:154} INFO - [2025-12-24T16:50:44.525+0000] {dagbag.py:536} INFO - Filling up the DagBag from /opt/airflow/dags/lastfm_top_tracks.py
[2025-12-24T16:50:44.846+0000] {processor.py:839} INFO - DAG(s) dict_keys(['lastfm_top_tracks_daily']) retrieved from /opt/airflow/dags/lastfm_top_tracks.py
[2025-12-24T16:50:44.895+0000] {logging_mixin.py:154} INFO - [2025-12-24T16:50:44.894+0000] {dag.py:2941} INFO - Sync 1 DAGs
[2025-12-24T16:50:45.047+0000] {logging_mixin.py:154} INFO - [2025-12-24T16:50:45.047+0000] {dag.py:3722} INFO - Setting next_dagrun for lastfm_top_tracks_daily to 2025-12-24T16:49:45.047270+00:00, run_after=2025-12-24T16:50:45.047270+00:00
[2025-12-24T16:50:45.077+0000] {processor.py:179} INFO - Processing /opt/airflow/dags/lastfm_top_tracks.py took 0.557 seconds
[2025-12-24T16:51:13.362+0000] {processor.py:157} INFO - Started process (PID=631) to work on /opt/airflow/dags/lastfm_top_tracks.py
[2025-12-24T16:51:13.363+0000] {processor.py:829} INFO - Processing file /opt/airflow/dags/lastfm_top_tracks.py for tasks to queue
[2025-12-24T16:51:13.364+0000] {logging_mixin.py:154} INFO - [2025-12-24T16:51:13.364+0000] {dagbag.py:536} INFO - Filling up the DagBag from /opt/airflow/dags/lastfm_top_tracks.py
[2025-12-24T16:51:13.376+0000] {logging_mixin.py:154} INFO - [2025-12-24T16:51:13.375+0000] {dagbag.py:346} ERROR - Failed to import: /opt/airflow/dags/lastfm_top_tracks.py
Traceback (most recent call last):
  File "/home/airflow/.local/lib/python3.8/site-packages/airflow/models/dagbag.py", line 342, in parse
    loader.exec_module(new_module)
  File "<frozen importlib._bootstrap_external>", line 839, in exec_module
  File "<frozen importlib._bootstrap_external>", line 976, in get_code
  File "<frozen importlib._bootstrap_external>", line 906, in source_to_code
  File "<frozen importlib._bootstrap>", line 219, in _call_with_frames_removed
  File "/opt/airflow/dags/lastfm_top_tracks.py", line 13
    DATA_DIR = ""/opt/airflow/data""  # adjust to your data folder
                                  ^
SyntaxError: invalid syntax
[2025-12-24T16:51:13.377+0000] {processor.py:841} WARNING - No viable dags retrieved from /opt/airflow/dags/lastfm_top_tracks.py
[2025-12-24T16:51:13.407+0000] {processor.py:179} INFO - Processing /opt/airflow/dags/lastfm_top_tracks.py took 0.049 seconds
[2025-12-24T16:51:16.511+0000] {processor.py:157} INFO - Started process (PID=641) to work on /opt/airflow/dags/lastfm_top_tracks.py
[2025-12-24T16:51:16.512+0000] {processor.py:829} INFO - Processing file /opt/airflow/dags/lastfm_top_tracks.py for tasks to queue
[2025-12-24T16:51:16.513+0000] {logging_mixin.py:154} INFO - [2025-12-24T16:51:16.512+0000] {dagbag.py:536} INFO - Filling up the DagBag from /opt/airflow/dags/lastfm_top_tracks.py
[2025-12-24T16:51:16.526+0000] {logging_mixin.py:154} INFO - [2025-12-24T16:51:16.525+0000] {dagbag.py:346} ERROR - Failed to import: /opt/airflow/dags/lastfm_top_tracks.py
Traceback (most recent call last):
  File "/home/airflow/.local/lib/python3.8/site-packages/airflow/models/dagbag.py", line 342, in parse
    loader.exec_module(new_module)
  File "<frozen importlib._bootstrap_external>", line 839, in exec_module
  File "<frozen importlib._bootstrap_external>", line 976, in get_code
  File "<frozen importlib._bootstrap_external>", line 906, in source_to_code
  File "<frozen importlib._bootstrap>", line 219, in _call_with_frames_removed
  File "/opt/airflow/dags/lastfm_top_tracks.py", line 13
    DATA_DIR = ""/opt/airflow/data"  # adjust to your data folder
                                                                ^
SyntaxError: EOL while scanning string literal
[2025-12-24T16:51:16.526+0000] {processor.py:841} WARNING - No viable dags retrieved from /opt/airflow/dags/lastfm_top_tracks.py
[2025-12-24T16:51:16.547+0000] {processor.py:179} INFO - Processing /opt/airflow/dags/lastfm_top_tracks.py took 0.040 seconds
[2025-12-24T16:51:17.582+0000] {processor.py:157} INFO - Started process (PID=646) to work on /opt/airflow/dags/lastfm_top_tracks.py
[2025-12-24T16:51:17.583+0000] {processor.py:829} INFO - Processing file /opt/airflow/dags/lastfm_top_tracks.py for tasks to queue
[2025-12-24T16:51:17.584+0000] {logging_mixin.py:154} INFO - [2025-12-24T16:51:17.584+0000] {dagbag.py:536} INFO - Filling up the DagBag from /opt/airflow/dags/lastfm_top_tracks.py
[2025-12-24T16:51:17.857+0000] {processor.py:839} INFO - DAG(s) dict_keys(['lastfm_top_tracks_daily']) retrieved from /opt/airflow/dags/lastfm_top_tracks.py
[2025-12-24T16:51:18.009+0000] {logging_mixin.py:154} INFO - [2025-12-24T16:51:18.008+0000] {dag.py:2941} INFO - Sync 1 DAGs
[2025-12-24T16:51:18.025+0000] {logging_mixin.py:154} INFO - [2025-12-24T16:51:18.025+0000] {dag.py:3722} INFO - Setting next_dagrun for lastfm_top_tracks_daily to 2025-12-24T16:50:18.025618+00:00, run_after=2025-12-24T16:51:18.025618+00:00
[2025-12-24T16:51:18.062+0000] {processor.py:179} INFO - Processing /opt/airflow/dags/lastfm_top_tracks.py took 0.483 seconds
[2025-12-24T16:51:48.909+0000] {processor.py:157} INFO - Started process (PID=657) to work on /opt/airflow/dags/lastfm_top_tracks.py
[2025-12-24T16:51:48.911+0000] {processor.py:829} INFO - Processing file /opt/airflow/dags/lastfm_top_tracks.py for tasks to queue
[2025-12-24T16:51:48.912+0000] {logging_mixin.py:154} INFO - [2025-12-24T16:51:48.912+0000] {dagbag.py:536} INFO - Filling up the DagBag from /opt/airflow/dags/lastfm_top_tracks.py
[2025-12-24T16:51:49.372+0000] {processor.py:839} INFO - DAG(s) dict_keys(['lastfm_top_tracks_daily']) retrieved from /opt/airflow/dags/lastfm_top_tracks.py
[2025-12-24T16:51:49.593+0000] {logging_mixin.py:154} INFO - [2025-12-24T16:51:49.592+0000] {dag.py:2941} INFO - Sync 1 DAGs
[2025-12-24T16:51:49.627+0000] {logging_mixin.py:154} INFO - [2025-12-24T16:51:49.627+0000] {dag.py:3722} INFO - Setting next_dagrun for lastfm_top_tracks_daily to 2025-12-24T16:51:18.025618+00:00, run_after=2025-12-24T16:52:18.025618+00:00
[2025-12-24T16:51:49.667+0000] {processor.py:179} INFO - Processing /opt/airflow/dags/lastfm_top_tracks.py took 0.762 seconds
[2025-12-24T16:52:20.300+0000] {processor.py:157} INFO - Started process (PID=677) to work on /opt/airflow/dags/lastfm_top_tracks.py
[2025-12-24T16:52:20.301+0000] {processor.py:829} INFO - Processing file /opt/airflow/dags/lastfm_top_tracks.py for tasks to queue
[2025-12-24T16:52:20.302+0000] {logging_mixin.py:154} INFO - [2025-12-24T16:52:20.302+0000] {dagbag.py:536} INFO - Filling up the DagBag from /opt/airflow/dags/lastfm_top_tracks.py
[2025-12-24T16:52:20.756+0000] {processor.py:839} INFO - DAG(s) dict_keys(['lastfm_top_tracks_daily']) retrieved from /opt/airflow/dags/lastfm_top_tracks.py
[2025-12-24T16:52:20.783+0000] {logging_mixin.py:154} INFO - [2025-12-24T16:52:20.782+0000] {dag.py:2941} INFO - Sync 1 DAGs
[2025-12-24T16:52:20.805+0000] {logging_mixin.py:154} INFO - [2025-12-24T16:52:20.805+0000] {dag.py:3722} INFO - Setting next_dagrun for lastfm_top_tracks_daily to 2025-12-24T16:52:18.025618+00:00, run_after=2025-12-24T16:53:18.025618+00:00
[2025-12-24T16:52:20.830+0000] {processor.py:179} INFO - Processing /opt/airflow/dags/lastfm_top_tracks.py took 0.533 seconds
[2025-12-24T16:52:51.728+0000] {processor.py:157} INFO - Started process (PID=688) to work on /opt/airflow/dags/lastfm_top_tracks.py
[2025-12-24T16:52:51.730+0000] {processor.py:829} INFO - Processing file /opt/airflow/dags/lastfm_top_tracks.py for tasks to queue
[2025-12-24T16:52:51.730+0000] {logging_mixin.py:154} INFO - [2025-12-24T16:52:51.730+0000] {dagbag.py:536} INFO - Filling up the DagBag from /opt/airflow/dags/lastfm_top_tracks.py
[2025-12-24T16:52:52.122+0000] {processor.py:839} INFO - DAG(s) dict_keys(['lastfm_top_tracks_daily']) retrieved from /opt/airflow/dags/lastfm_top_tracks.py
[2025-12-24T16:52:52.154+0000] {logging_mixin.py:154} INFO - [2025-12-24T16:52:52.153+0000] {dag.py:2941} INFO - Sync 1 DAGs
[2025-12-24T16:52:52.185+0000] {logging_mixin.py:154} INFO - [2025-12-24T16:52:52.185+0000] {dag.py:3722} INFO - Setting next_dagrun for lastfm_top_tracks_daily to 2025-12-24T16:52:18.025618+00:00, run_after=2025-12-24T16:53:18.025618+00:00
[2025-12-24T16:52:52.216+0000] {processor.py:179} INFO - Processing /opt/airflow/dags/lastfm_top_tracks.py took 0.491 seconds
[2025-12-24T16:53:22.501+0000] {processor.py:157} INFO - Started process (PID=702) to work on /opt/airflow/dags/lastfm_top_tracks.py
[2025-12-24T16:53:22.503+0000] {processor.py:829} INFO - Processing file /opt/airflow/dags/lastfm_top_tracks.py for tasks to queue
[2025-12-24T16:53:22.504+0000] {logging_mixin.py:154} INFO - [2025-12-24T16:53:22.503+0000] {dagbag.py:536} INFO - Filling up the DagBag from /opt/airflow/dags/lastfm_top_tracks.py
[2025-12-24T16:53:22.821+0000] {processor.py:839} INFO - DAG(s) dict_keys(['lastfm_top_tracks_daily']) retrieved from /opt/airflow/dags/lastfm_top_tracks.py
[2025-12-24T16:53:22.855+0000] {logging_mixin.py:154} INFO - [2025-12-24T16:53:22.855+0000] {dag.py:2941} INFO - Sync 1 DAGs
[2025-12-24T16:53:23.067+0000] {logging_mixin.py:154} INFO - [2025-12-24T16:53:23.067+0000] {dag.py:3722} INFO - Setting next_dagrun for lastfm_top_tracks_daily to 2025-12-24T16:53:18.025618+00:00, run_after=2025-12-24T16:54:18.025618+00:00
[2025-12-24T16:53:23.091+0000] {processor.py:179} INFO - Processing /opt/airflow/dags/lastfm_top_tracks.py took 0.593 seconds
[2025-12-24T16:53:53.415+0000] {processor.py:157} INFO - Started process (PID=713) to work on /opt/airflow/dags/lastfm_top_tracks.py
[2025-12-24T16:53:53.416+0000] {processor.py:829} INFO - Processing file /opt/airflow/dags/lastfm_top_tracks.py for tasks to queue
[2025-12-24T16:53:53.417+0000] {logging_mixin.py:154} INFO - [2025-12-24T16:53:53.417+0000] {dagbag.py:536} INFO - Filling up the DagBag from /opt/airflow/dags/lastfm_top_tracks.py
[2025-12-24T16:53:53.715+0000] {processor.py:839} INFO - DAG(s) dict_keys(['lastfm_top_tracks_daily']) retrieved from /opt/airflow/dags/lastfm_top_tracks.py
[2025-12-24T16:53:53.741+0000] {logging_mixin.py:154} INFO - [2025-12-24T16:53:53.740+0000] {dag.py:2941} INFO - Sync 1 DAGs
[2025-12-24T16:53:53.890+0000] {logging_mixin.py:154} INFO - [2025-12-24T16:53:53.889+0000] {dag.py:3722} INFO - Setting next_dagrun for lastfm_top_tracks_daily to 2025-12-24T16:53:18.025618+00:00, run_after=2025-12-24T16:54:18.025618+00:00
[2025-12-24T16:53:53.921+0000] {processor.py:179} INFO - Processing /opt/airflow/dags/lastfm_top_tracks.py took 0.511 seconds
[2025-12-24T16:54:24.191+0000] {processor.py:157} INFO - Started process (PID=724) to work on /opt/airflow/dags/lastfm_top_tracks.py
[2025-12-24T16:54:24.194+0000] {processor.py:829} INFO - Processing file /opt/airflow/dags/lastfm_top_tracks.py for tasks to queue
[2025-12-24T16:54:24.197+0000] {logging_mixin.py:154} INFO - [2025-12-24T16:54:24.196+0000] {dagbag.py:536} INFO - Filling up the DagBag from /opt/airflow/dags/lastfm_top_tracks.py
[2025-12-24T16:54:25.015+0000] {processor.py:839} INFO - DAG(s) dict_keys(['lastfm_top_tracks_daily']) retrieved from /opt/airflow/dags/lastfm_top_tracks.py
[2025-12-24T16:54:25.372+0000] {logging_mixin.py:154} INFO - [2025-12-24T16:54:25.371+0000] {dag.py:2941} INFO - Sync 1 DAGs
[2025-12-24T16:54:25.426+0000] {logging_mixin.py:154} INFO - [2025-12-24T16:54:25.425+0000] {dag.py:3722} INFO - Setting next_dagrun for lastfm_top_tracks_daily to 2025-12-24T16:53:25.425355+00:00, run_after=2025-12-24T16:54:25.425355+00:00
[2025-12-24T16:54:25.474+0000] {processor.py:179} INFO - Processing /opt/airflow/dags/lastfm_top_tracks.py took 1.296 seconds
[2025-12-24T16:54:55.667+0000] {processor.py:157} INFO - Started process (PID=735) to work on /opt/airflow/dags/lastfm_top_tracks.py
[2025-12-24T16:54:55.670+0000] {processor.py:829} INFO - Processing file /opt/airflow/dags/lastfm_top_tracks.py for tasks to queue
[2025-12-24T16:54:55.672+0000] {logging_mixin.py:154} INFO - [2025-12-24T16:54:55.671+0000] {dagbag.py:536} INFO - Filling up the DagBag from /opt/airflow/dags/lastfm_top_tracks.py
[2025-12-24T16:54:56.831+0000] {processor.py:839} INFO - DAG(s) dict_keys(['lastfm_top_tracks_daily']) retrieved from /opt/airflow/dags/lastfm_top_tracks.py
[2025-12-24T16:54:56.874+0000] {logging_mixin.py:154} INFO - [2025-12-24T16:54:56.873+0000] {dag.py:2941} INFO - Sync 1 DAGs
[2025-12-24T16:54:56.916+0000] {logging_mixin.py:154} INFO - [2025-12-24T16:54:56.915+0000] {dag.py:3722} INFO - Setting next_dagrun for lastfm_top_tracks_daily to 2025-12-24T16:53:56.915651+00:00, run_after=2025-12-24T16:54:56.915651+00:00
[2025-12-24T16:54:56.956+0000] {processor.py:179} INFO - Processing /opt/airflow/dags/lastfm_top_tracks.py took 1.295 seconds
[2025-12-24T16:55:27.068+0000] {processor.py:157} INFO - Started process (PID=749) to work on /opt/airflow/dags/lastfm_top_tracks.py
[2025-12-24T16:55:27.069+0000] {processor.py:829} INFO - Processing file /opt/airflow/dags/lastfm_top_tracks.py for tasks to queue
[2025-12-24T16:55:27.070+0000] {logging_mixin.py:154} INFO - [2025-12-24T16:55:27.070+0000] {dagbag.py:536} INFO - Filling up the DagBag from /opt/airflow/dags/lastfm_top_tracks.py
[2025-12-24T16:55:27.642+0000] {processor.py:839} INFO - DAG(s) dict_keys(['lastfm_top_tracks_daily']) retrieved from /opt/airflow/dags/lastfm_top_tracks.py
[2025-12-24T16:55:27.665+0000] {logging_mixin.py:154} INFO - [2025-12-24T16:55:27.664+0000] {dag.py:2941} INFO - Sync 1 DAGs
[2025-12-24T16:55:27.684+0000] {logging_mixin.py:154} INFO - [2025-12-24T16:55:27.684+0000] {dag.py:3722} INFO - Setting next_dagrun for lastfm_top_tracks_daily to 2025-12-24T16:54:56.915651+00:00, run_after=2025-12-24T16:55:56.915651+00:00
[2025-12-24T16:55:27.708+0000] {processor.py:179} INFO - Processing /opt/airflow/dags/lastfm_top_tracks.py took 0.644 seconds
[2025-12-24T16:55:58.542+0000] {processor.py:157} INFO - Started process (PID=763) to work on /opt/airflow/dags/lastfm_top_tracks.py
[2025-12-24T16:55:58.543+0000] {processor.py:829} INFO - Processing file /opt/airflow/dags/lastfm_top_tracks.py for tasks to queue
[2025-12-24T16:55:58.544+0000] {logging_mixin.py:154} INFO - [2025-12-24T16:55:58.544+0000] {dagbag.py:536} INFO - Filling up the DagBag from /opt/airflow/dags/lastfm_top_tracks.py
[2025-12-24T16:55:58.930+0000] {processor.py:839} INFO - DAG(s) dict_keys(['lastfm_top_tracks_daily']) retrieved from /opt/airflow/dags/lastfm_top_tracks.py
[2025-12-24T16:55:58.951+0000] {logging_mixin.py:154} INFO - [2025-12-24T16:55:58.951+0000] {dag.py:2941} INFO - Sync 1 DAGs
[2025-12-24T16:55:58.970+0000] {logging_mixin.py:154} INFO - [2025-12-24T16:55:58.970+0000] {dag.py:3722} INFO - Setting next_dagrun for lastfm_top_tracks_daily to 2025-12-24T16:55:56.915651+00:00, run_after=2025-12-24T16:56:56.915651+00:00
[2025-12-24T16:55:58.991+0000] {processor.py:179} INFO - Processing /opt/airflow/dags/lastfm_top_tracks.py took 0.452 seconds
[2025-12-24T16:56:29.163+0000] {processor.py:157} INFO - Started process (PID=774) to work on /opt/airflow/dags/lastfm_top_tracks.py
[2025-12-24T16:56:29.164+0000] {processor.py:829} INFO - Processing file /opt/airflow/dags/lastfm_top_tracks.py for tasks to queue
[2025-12-24T16:56:29.165+0000] {logging_mixin.py:154} INFO - [2025-12-24T16:56:29.165+0000] {dagbag.py:536} INFO - Filling up the DagBag from /opt/airflow/dags/lastfm_top_tracks.py
[2025-12-24T16:56:29.427+0000] {processor.py:839} INFO - DAG(s) dict_keys(['lastfm_top_tracks_daily']) retrieved from /opt/airflow/dags/lastfm_top_tracks.py
[2025-12-24T16:56:29.455+0000] {logging_mixin.py:154} INFO - [2025-12-24T16:56:29.455+0000] {dag.py:2941} INFO - Sync 1 DAGs
[2025-12-24T16:56:29.655+0000] {logging_mixin.py:154} INFO - [2025-12-24T16:56:29.654+0000] {dag.py:3722} INFO - Setting next_dagrun for lastfm_top_tracks_daily to 2025-12-24T16:55:56.915651+00:00, run_after=2025-12-24T16:56:56.915651+00:00
[2025-12-24T16:56:29.674+0000] {processor.py:179} INFO - Processing /opt/airflow/dags/lastfm_top_tracks.py took 0.514 seconds
[2025-12-24T16:57:00.467+0000] {processor.py:157} INFO - Started process (PID=785) to work on /opt/airflow/dags/lastfm_top_tracks.py
[2025-12-24T16:57:00.468+0000] {processor.py:829} INFO - Processing file /opt/airflow/dags/lastfm_top_tracks.py for tasks to queue
[2025-12-24T16:57:00.469+0000] {logging_mixin.py:154} INFO - [2025-12-24T16:57:00.468+0000] {dagbag.py:536} INFO - Filling up the DagBag from /opt/airflow/dags/lastfm_top_tracks.py
[2025-12-24T16:57:00.726+0000] {processor.py:839} INFO - DAG(s) dict_keys(['lastfm_top_tracks_daily']) retrieved from /opt/airflow/dags/lastfm_top_tracks.py
[2025-12-24T16:57:00.865+0000] {logging_mixin.py:154} INFO - [2025-12-24T16:57:00.864+0000] {dag.py:2941} INFO - Sync 1 DAGs
[2025-12-24T16:57:00.883+0000] {logging_mixin.py:154} INFO - [2025-12-24T16:57:00.883+0000] {dag.py:3722} INFO - Setting next_dagrun for lastfm_top_tracks_daily to 2025-12-24T16:56:00.883245+00:00, run_after=2025-12-24T16:57:00.883245+00:00
[2025-12-24T16:57:00.903+0000] {processor.py:179} INFO - Processing /opt/airflow/dags/lastfm_top_tracks.py took 0.440 seconds
[2025-12-24T16:57:31.859+0000] {processor.py:157} INFO - Started process (PID=796) to work on /opt/airflow/dags/lastfm_top_tracks.py
[2025-12-24T16:57:31.861+0000] {processor.py:829} INFO - Processing file /opt/airflow/dags/lastfm_top_tracks.py for tasks to queue
[2025-12-24T16:57:31.862+0000] {logging_mixin.py:154} INFO - [2025-12-24T16:57:31.862+0000] {dagbag.py:536} INFO - Filling up the DagBag from /opt/airflow/dags/lastfm_top_tracks.py
[2025-12-24T16:57:32.355+0000] {processor.py:839} INFO - DAG(s) dict_keys(['lastfm_top_tracks_daily']) retrieved from /opt/airflow/dags/lastfm_top_tracks.py
[2025-12-24T16:57:32.379+0000] {logging_mixin.py:154} INFO - [2025-12-24T16:57:32.379+0000] {dag.py:2941} INFO - Sync 1 DAGs
[2025-12-24T16:57:32.401+0000] {logging_mixin.py:154} INFO - [2025-12-24T16:57:32.401+0000] {dag.py:3722} INFO - Setting next_dagrun for lastfm_top_tracks_daily to 2025-12-24T16:56:32.401152+00:00, run_after=2025-12-24T16:57:32.401152+00:00
[2025-12-24T16:57:32.422+0000] {processor.py:179} INFO - Processing /opt/airflow/dags/lastfm_top_tracks.py took 0.568 seconds
[2025-12-24T16:58:01.923+0000] {processor.py:157} INFO - Started process (PID=167) to work on /opt/airflow/dags/lastfm_top_tracks.py
[2025-12-24T16:58:01.925+0000] {processor.py:829} INFO - Processing file /opt/airflow/dags/lastfm_top_tracks.py for tasks to queue
[2025-12-24T16:58:01.926+0000] {logging_mixin.py:154} INFO - [2025-12-24T16:58:01.926+0000] {dagbag.py:536} INFO - Filling up the DagBag from /opt/airflow/dags/lastfm_top_tracks.py
[2025-12-24T16:58:03.479+0000] {processor.py:839} INFO - DAG(s) dict_keys(['lastfm_top_tracks_daily']) retrieved from /opt/airflow/dags/lastfm_top_tracks.py
[2025-12-24T16:58:03.511+0000] {logging_mixin.py:154} INFO - [2025-12-24T16:58:03.509+0000] {dag.py:2941} INFO - Sync 1 DAGs
[2025-12-24T16:58:03.530+0000] {logging_mixin.py:154} INFO - [2025-12-24T16:58:03.530+0000] {dag.py:3722} INFO - Setting next_dagrun for lastfm_top_tracks_daily to 2025-12-24T16:57:03.529933+00:00, run_after=2025-12-24T16:58:03.529933+00:00
[2025-12-24T16:58:03.573+0000] {processor.py:179} INFO - Processing /opt/airflow/dags/lastfm_top_tracks.py took 1.655 seconds
[2025-12-24T16:58:34.481+0000] {processor.py:157} INFO - Started process (PID=183) to work on /opt/airflow/dags/lastfm_top_tracks.py
[2025-12-24T16:58:34.482+0000] {processor.py:829} INFO - Processing file /opt/airflow/dags/lastfm_top_tracks.py for tasks to queue
[2025-12-24T16:58:34.483+0000] {logging_mixin.py:154} INFO - [2025-12-24T16:58:34.483+0000] {dagbag.py:536} INFO - Filling up the DagBag from /opt/airflow/dags/lastfm_top_tracks.py
[2025-12-24T16:58:34.856+0000] {processor.py:839} INFO - DAG(s) dict_keys(['lastfm_top_tracks_daily']) retrieved from /opt/airflow/dags/lastfm_top_tracks.py
[2025-12-24T16:58:34.876+0000] {logging_mixin.py:154} INFO - [2025-12-24T16:58:34.876+0000] {dag.py:2941} INFO - Sync 1 DAGs
[2025-12-24T16:58:34.897+0000] {logging_mixin.py:154} INFO - [2025-12-24T16:58:34.897+0000] {dag.py:3722} INFO - Setting next_dagrun for lastfm_top_tracks_daily to 2025-12-24T16:57:34.896864+00:00, run_after=2025-12-24T16:58:34.896864+00:00
[2025-12-24T16:58:34.919+0000] {processor.py:179} INFO - Processing /opt/airflow/dags/lastfm_top_tracks.py took 0.441 seconds
[2025-12-24T16:59:05.014+0000] {processor.py:157} INFO - Started process (PID=197) to work on /opt/airflow/dags/lastfm_top_tracks.py
[2025-12-24T16:59:05.015+0000] {processor.py:829} INFO - Processing file /opt/airflow/dags/lastfm_top_tracks.py for tasks to queue
[2025-12-24T16:59:05.016+0000] {logging_mixin.py:154} INFO - [2025-12-24T16:59:05.016+0000] {dagbag.py:536} INFO - Filling up the DagBag from /opt/airflow/dags/lastfm_top_tracks.py
[2025-12-24T16:59:05.468+0000] {processor.py:839} INFO - DAG(s) dict_keys(['lastfm_top_tracks_daily']) retrieved from /opt/airflow/dags/lastfm_top_tracks.py
[2025-12-24T16:59:05.491+0000] {logging_mixin.py:154} INFO - [2025-12-24T16:59:05.490+0000] {dag.py:2941} INFO - Sync 1 DAGs
[2025-12-24T16:59:05.511+0000] {logging_mixin.py:154} INFO - [2025-12-24T16:59:05.511+0000] {dag.py:3722} INFO - Setting next_dagrun for lastfm_top_tracks_daily to 2025-12-24T16:58:34.896864+00:00, run_after=2025-12-24T16:59:34.896864+00:00
[2025-12-24T16:59:05.534+0000] {processor.py:179} INFO - Processing /opt/airflow/dags/lastfm_top_tracks.py took 0.525 seconds
[2025-12-24T16:59:35.696+0000] {processor.py:157} INFO - Started process (PID=208) to work on /opt/airflow/dags/lastfm_top_tracks.py
[2025-12-24T16:59:35.701+0000] {processor.py:829} INFO - Processing file /opt/airflow/dags/lastfm_top_tracks.py for tasks to queue
[2025-12-24T16:59:35.703+0000] {logging_mixin.py:154} INFO - [2025-12-24T16:59:35.702+0000] {dagbag.py:536} INFO - Filling up the DagBag from /opt/airflow/dags/lastfm_top_tracks.py
[2025-12-24T16:59:36.833+0000] {processor.py:839} INFO - DAG(s) dict_keys(['lastfm_top_tracks_daily']) retrieved from /opt/airflow/dags/lastfm_top_tracks.py
[2025-12-24T16:59:36.901+0000] {logging_mixin.py:154} INFO - [2025-12-24T16:59:36.899+0000] {dag.py:2941} INFO - Sync 1 DAGs
[2025-12-24T16:59:36.973+0000] {logging_mixin.py:154} INFO - [2025-12-24T16:59:36.972+0000] {dag.py:3722} INFO - Setting next_dagrun for lastfm_top_tracks_daily to 2025-12-24T16:58:36.972366+00:00, run_after=2025-12-24T16:59:36.972366+00:00
[2025-12-24T16:59:37.037+0000] {processor.py:179} INFO - Processing /opt/airflow/dags/lastfm_top_tracks.py took 1.353 seconds
[2025-12-24T17:00:07.193+0000] {processor.py:157} INFO - Started process (PID=219) to work on /opt/airflow/dags/lastfm_top_tracks.py
[2025-12-24T17:00:07.194+0000] {processor.py:829} INFO - Processing file /opt/airflow/dags/lastfm_top_tracks.py for tasks to queue
[2025-12-24T17:00:07.195+0000] {logging_mixin.py:154} INFO - [2025-12-24T17:00:07.194+0000] {dagbag.py:536} INFO - Filling up the DagBag from /opt/airflow/dags/lastfm_top_tracks.py
[2025-12-24T17:00:07.627+0000] {processor.py:839} INFO - DAG(s) dict_keys(['lastfm_top_tracks_daily']) retrieved from /opt/airflow/dags/lastfm_top_tracks.py
[2025-12-24T17:00:07.654+0000] {logging_mixin.py:154} INFO - [2025-12-24T17:00:07.654+0000] {dag.py:2941} INFO - Sync 1 DAGs
[2025-12-24T17:00:07.679+0000] {logging_mixin.py:154} INFO - [2025-12-24T17:00:07.679+0000] {dag.py:3722} INFO - Setting next_dagrun for lastfm_top_tracks_daily to 2025-12-24T16:59:07.678975+00:00, run_after=2025-12-24T17:00:07.678975+00:00
[2025-12-24T17:00:07.705+0000] {processor.py:179} INFO - Processing /opt/airflow/dags/lastfm_top_tracks.py took 0.515 seconds
[2025-12-24T17:00:38.542+0000] {processor.py:157} INFO - Started process (PID=230) to work on /opt/airflow/dags/lastfm_top_tracks.py
[2025-12-24T17:00:38.544+0000] {processor.py:829} INFO - Processing file /opt/airflow/dags/lastfm_top_tracks.py for tasks to queue
[2025-12-24T17:00:38.545+0000] {logging_mixin.py:154} INFO - [2025-12-24T17:00:38.545+0000] {dagbag.py:536} INFO - Filling up the DagBag from /opt/airflow/dags/lastfm_top_tracks.py
[2025-12-24T17:00:39.087+0000] {processor.py:839} INFO - DAG(s) dict_keys(['lastfm_top_tracks_daily']) retrieved from /opt/airflow/dags/lastfm_top_tracks.py
[2025-12-24T17:00:39.119+0000] {logging_mixin.py:154} INFO - [2025-12-24T17:00:39.119+0000] {dag.py:2941} INFO - Sync 1 DAGs
[2025-12-24T17:00:39.143+0000] {logging_mixin.py:154} INFO - [2025-12-24T17:00:39.143+0000] {dag.py:3722} INFO - Setting next_dagrun for lastfm_top_tracks_daily to 2025-12-24T16:59:39.143076+00:00, run_after=2025-12-24T17:00:39.143076+00:00
[2025-12-24T17:00:39.169+0000] {processor.py:179} INFO - Processing /opt/airflow/dags/lastfm_top_tracks.py took 0.632 seconds
[2025-12-24T17:01:09.956+0000] {processor.py:157} INFO - Started process (PID=241) to work on /opt/airflow/dags/lastfm_top_tracks.py
[2025-12-24T17:01:09.958+0000] {processor.py:829} INFO - Processing file /opt/airflow/dags/lastfm_top_tracks.py for tasks to queue
[2025-12-24T17:01:09.960+0000] {logging_mixin.py:154} INFO - [2025-12-24T17:01:09.959+0000] {dagbag.py:536} INFO - Filling up the DagBag from /opt/airflow/dags/lastfm_top_tracks.py
[2025-12-24T17:01:10.648+0000] {processor.py:839} INFO - DAG(s) dict_keys(['lastfm_top_tracks_daily']) retrieved from /opt/airflow/dags/lastfm_top_tracks.py
[2025-12-24T17:01:10.758+0000] {logging_mixin.py:154} INFO - [2025-12-24T17:01:10.757+0000] {dag.py:2941} INFO - Sync 1 DAGs
[2025-12-24T17:01:10.843+0000] {logging_mixin.py:154} INFO - [2025-12-24T17:01:10.839+0000] {dag.py:3722} INFO - Setting next_dagrun for lastfm_top_tracks_daily to 2025-12-24T17:00:10.836130+00:00, run_after=2025-12-24T17:01:10.836130+00:00
[2025-12-24T17:01:10.898+0000] {processor.py:179} INFO - Processing /opt/airflow/dags/lastfm_top_tracks.py took 0.947 seconds
[2025-12-24T17:01:41.343+0000] {processor.py:157} INFO - Started process (PID=252) to work on /opt/airflow/dags/lastfm_top_tracks.py
[2025-12-24T17:01:41.344+0000] {processor.py:829} INFO - Processing file /opt/airflow/dags/lastfm_top_tracks.py for tasks to queue
[2025-12-24T17:01:41.345+0000] {logging_mixin.py:154} INFO - [2025-12-24T17:01:41.345+0000] {dagbag.py:536} INFO - Filling up the DagBag from /opt/airflow/dags/lastfm_top_tracks.py
[2025-12-24T17:01:41.754+0000] {processor.py:839} INFO - DAG(s) dict_keys(['lastfm_top_tracks_daily']) retrieved from /opt/airflow/dags/lastfm_top_tracks.py
[2025-12-24T17:01:41.775+0000] {logging_mixin.py:154} INFO - [2025-12-24T17:01:41.774+0000] {dag.py:2941} INFO - Sync 1 DAGs
[2025-12-24T17:01:41.793+0000] {logging_mixin.py:154} INFO - [2025-12-24T17:01:41.792+0000] {dag.py:3722} INFO - Setting next_dagrun for lastfm_top_tracks_daily to 2025-12-24T17:00:41.792667+00:00, run_after=2025-12-24T17:01:41.792667+00:00
[2025-12-24T17:01:41.823+0000] {processor.py:179} INFO - Processing /opt/airflow/dags/lastfm_top_tracks.py took 0.484 seconds
[2025-12-24T17:02:11.917+0000] {processor.py:157} INFO - Started process (PID=263) to work on /opt/airflow/dags/lastfm_top_tracks.py
[2025-12-24T17:02:11.919+0000] {processor.py:829} INFO - Processing file /opt/airflow/dags/lastfm_top_tracks.py for tasks to queue
[2025-12-24T17:02:11.920+0000] {logging_mixin.py:154} INFO - [2025-12-24T17:02:11.920+0000] {dagbag.py:536} INFO - Filling up the DagBag from /opt/airflow/dags/lastfm_top_tracks.py
[2025-12-24T17:02:12.498+0000] {processor.py:839} INFO - DAG(s) dict_keys(['lastfm_top_tracks_daily']) retrieved from /opt/airflow/dags/lastfm_top_tracks.py
[2025-12-24T17:02:12.530+0000] {logging_mixin.py:154} INFO - [2025-12-24T17:02:12.530+0000] {dag.py:2941} INFO - Sync 1 DAGs
[2025-12-24T17:02:12.564+0000] {logging_mixin.py:154} INFO - [2025-12-24T17:02:12.563+0000] {dag.py:3722} INFO - Setting next_dagrun for lastfm_top_tracks_daily to 2025-12-24T17:01:12.563190+00:00, run_after=2025-12-24T17:02:12.563190+00:00
[2025-12-24T17:02:12.598+0000] {processor.py:179} INFO - Processing /opt/airflow/dags/lastfm_top_tracks.py took 0.685 seconds
[2025-12-24T17:02:43.095+0000] {processor.py:157} INFO - Started process (PID=274) to work on /opt/airflow/dags/lastfm_top_tracks.py
[2025-12-24T17:02:43.097+0000] {processor.py:829} INFO - Processing file /opt/airflow/dags/lastfm_top_tracks.py for tasks to queue
[2025-12-24T17:02:43.099+0000] {logging_mixin.py:154} INFO - [2025-12-24T17:02:43.098+0000] {dagbag.py:536} INFO - Filling up the DagBag from /opt/airflow/dags/lastfm_top_tracks.py
[2025-12-24T17:02:43.638+0000] {processor.py:839} INFO - DAG(s) dict_keys(['lastfm_top_tracks_daily']) retrieved from /opt/airflow/dags/lastfm_top_tracks.py
[2025-12-24T17:02:43.665+0000] {logging_mixin.py:154} INFO - [2025-12-24T17:02:43.664+0000] {dag.py:2941} INFO - Sync 1 DAGs
[2025-12-24T17:02:43.691+0000] {logging_mixin.py:154} INFO - [2025-12-24T17:02:43.691+0000] {dag.py:3722} INFO - Setting next_dagrun for lastfm_top_tracks_daily to 2025-12-24T17:01:43.691223+00:00, run_after=2025-12-24T17:02:43.691223+00:00
[2025-12-24T17:02:43.722+0000] {processor.py:179} INFO - Processing /opt/airflow/dags/lastfm_top_tracks.py took 0.631 seconds
[2025-12-24T17:03:14.593+0000] {processor.py:157} INFO - Started process (PID=285) to work on /opt/airflow/dags/lastfm_top_tracks.py
[2025-12-24T17:03:14.594+0000] {processor.py:829} INFO - Processing file /opt/airflow/dags/lastfm_top_tracks.py for tasks to queue
[2025-12-24T17:03:14.595+0000] {logging_mixin.py:154} INFO - [2025-12-24T17:03:14.595+0000] {dagbag.py:536} INFO - Filling up the DagBag from /opt/airflow/dags/lastfm_top_tracks.py
[2025-12-24T17:03:15.003+0000] {processor.py:839} INFO - DAG(s) dict_keys(['lastfm_top_tracks_daily']) retrieved from /opt/airflow/dags/lastfm_top_tracks.py
[2025-12-24T17:03:15.032+0000] {logging_mixin.py:154} INFO - [2025-12-24T17:03:15.032+0000] {dag.py:2941} INFO - Sync 1 DAGs
[2025-12-24T17:03:15.054+0000] {logging_mixin.py:154} INFO - [2025-12-24T17:03:15.054+0000] {dag.py:3722} INFO - Setting next_dagrun for lastfm_top_tracks_daily to 2025-12-24T17:02:15.054164+00:00, run_after=2025-12-24T17:03:15.054164+00:00
[2025-12-24T17:03:15.079+0000] {processor.py:179} INFO - Processing /opt/airflow/dags/lastfm_top_tracks.py took 0.490 seconds
[2025-12-24T17:03:45.173+0000] {processor.py:157} INFO - Started process (PID=296) to work on /opt/airflow/dags/lastfm_top_tracks.py
[2025-12-24T17:03:45.174+0000] {processor.py:829} INFO - Processing file /opt/airflow/dags/lastfm_top_tracks.py for tasks to queue
[2025-12-24T17:03:45.175+0000] {logging_mixin.py:154} INFO - [2025-12-24T17:03:45.175+0000] {dagbag.py:536} INFO - Filling up the DagBag from /opt/airflow/dags/lastfm_top_tracks.py
[2025-12-24T17:03:45.586+0000] {processor.py:839} INFO - DAG(s) dict_keys(['lastfm_top_tracks_daily']) retrieved from /opt/airflow/dags/lastfm_top_tracks.py
[2025-12-24T17:03:45.620+0000] {logging_mixin.py:154} INFO - [2025-12-24T17:03:45.620+0000] {dag.py:2941} INFO - Sync 1 DAGs
[2025-12-24T17:03:45.657+0000] {logging_mixin.py:154} INFO - [2025-12-24T17:03:45.657+0000] {dag.py:3722} INFO - Setting next_dagrun for lastfm_top_tracks_daily to 2025-12-24T17:02:45.657038+00:00, run_after=2025-12-24T17:03:45.657038+00:00
[2025-12-24T17:03:45.683+0000] {processor.py:179} INFO - Processing /opt/airflow/dags/lastfm_top_tracks.py took 0.514 seconds
[2025-12-24T17:04:16.489+0000] {processor.py:157} INFO - Started process (PID=307) to work on /opt/airflow/dags/lastfm_top_tracks.py
[2025-12-24T17:04:16.490+0000] {processor.py:829} INFO - Processing file /opt/airflow/dags/lastfm_top_tracks.py for tasks to queue
[2025-12-24T17:04:16.491+0000] {logging_mixin.py:154} INFO - [2025-12-24T17:04:16.491+0000] {dagbag.py:536} INFO - Filling up the DagBag from /opt/airflow/dags/lastfm_top_tracks.py
[2025-12-24T17:04:16.893+0000] {processor.py:839} INFO - DAG(s) dict_keys(['lastfm_top_tracks_daily']) retrieved from /opt/airflow/dags/lastfm_top_tracks.py
[2025-12-24T17:04:16.915+0000] {logging_mixin.py:154} INFO - [2025-12-24T17:04:16.914+0000] {dag.py:2941} INFO - Sync 1 DAGs
[2025-12-24T17:04:16.935+0000] {logging_mixin.py:154} INFO - [2025-12-24T17:04:16.935+0000] {dag.py:3722} INFO - Setting next_dagrun for lastfm_top_tracks_daily to 2025-12-24T17:03:16.935463+00:00, run_after=2025-12-24T17:04:16.935463+00:00
[2025-12-24T17:04:16.957+0000] {processor.py:179} INFO - Processing /opt/airflow/dags/lastfm_top_tracks.py took 0.472 seconds
[2025-12-24T17:04:47.023+0000] {processor.py:157} INFO - Started process (PID=318) to work on /opt/airflow/dags/lastfm_top_tracks.py
[2025-12-24T17:04:47.024+0000] {processor.py:829} INFO - Processing file /opt/airflow/dags/lastfm_top_tracks.py for tasks to queue
[2025-12-24T17:04:47.025+0000] {logging_mixin.py:154} INFO - [2025-12-24T17:04:47.025+0000] {dagbag.py:536} INFO - Filling up the DagBag from /opt/airflow/dags/lastfm_top_tracks.py
[2025-12-24T17:04:47.392+0000] {processor.py:839} INFO - DAG(s) dict_keys(['lastfm_top_tracks_daily']) retrieved from /opt/airflow/dags/lastfm_top_tracks.py
[2025-12-24T17:04:47.413+0000] {logging_mixin.py:154} INFO - [2025-12-24T17:04:47.413+0000] {dag.py:2941} INFO - Sync 1 DAGs
[2025-12-24T17:04:47.431+0000] {logging_mixin.py:154} INFO - [2025-12-24T17:04:47.431+0000] {dag.py:3722} INFO - Setting next_dagrun for lastfm_top_tracks_daily to 2025-12-24T17:03:47.431302+00:00, run_after=2025-12-24T17:04:47.431302+00:00
[2025-12-24T17:04:47.452+0000] {processor.py:179} INFO - Processing /opt/airflow/dags/lastfm_top_tracks.py took 0.432 seconds
[2025-12-24T17:05:18.370+0000] {processor.py:157} INFO - Started process (PID=329) to work on /opt/airflow/dags/lastfm_top_tracks.py
[2025-12-24T17:05:18.371+0000] {processor.py:829} INFO - Processing file /opt/airflow/dags/lastfm_top_tracks.py for tasks to queue
[2025-12-24T17:05:18.372+0000] {logging_mixin.py:154} INFO - [2025-12-24T17:05:18.371+0000] {dagbag.py:536} INFO - Filling up the DagBag from /opt/airflow/dags/lastfm_top_tracks.py
[2025-12-24T17:05:18.736+0000] {processor.py:839} INFO - DAG(s) dict_keys(['lastfm_top_tracks_daily']) retrieved from /opt/airflow/dags/lastfm_top_tracks.py
[2025-12-24T17:05:18.757+0000] {logging_mixin.py:154} INFO - [2025-12-24T17:05:18.757+0000] {dag.py:2941} INFO - Sync 1 DAGs
[2025-12-24T17:05:18.774+0000] {logging_mixin.py:154} INFO - [2025-12-24T17:05:18.774+0000] {dag.py:3722} INFO - Setting next_dagrun for lastfm_top_tracks_daily to 2025-12-24T17:04:18.774399+00:00, run_after=2025-12-24T17:05:18.774399+00:00
[2025-12-24T17:05:18.803+0000] {processor.py:179} INFO - Processing /opt/airflow/dags/lastfm_top_tracks.py took 0.437 seconds
[2025-12-24T17:05:48.949+0000] {processor.py:157} INFO - Started process (PID=340) to work on /opt/airflow/dags/lastfm_top_tracks.py
[2025-12-24T17:05:48.950+0000] {processor.py:829} INFO - Processing file /opt/airflow/dags/lastfm_top_tracks.py for tasks to queue
[2025-12-24T17:05:48.951+0000] {logging_mixin.py:154} INFO - [2025-12-24T17:05:48.951+0000] {dagbag.py:536} INFO - Filling up the DagBag from /opt/airflow/dags/lastfm_top_tracks.py
[2025-12-24T17:05:49.326+0000] {processor.py:839} INFO - DAG(s) dict_keys(['lastfm_top_tracks_daily']) retrieved from /opt/airflow/dags/lastfm_top_tracks.py
[2025-12-24T17:05:49.350+0000] {logging_mixin.py:154} INFO - [2025-12-24T17:05:49.349+0000] {dag.py:2941} INFO - Sync 1 DAGs
[2025-12-24T17:05:49.369+0000] {logging_mixin.py:154} INFO - [2025-12-24T17:05:49.369+0000] {dag.py:3722} INFO - Setting next_dagrun for lastfm_top_tracks_daily to 2025-12-24T17:04:49.368840+00:00, run_after=2025-12-24T17:05:49.368840+00:00
[2025-12-24T17:05:49.389+0000] {processor.py:179} INFO - Processing /opt/airflow/dags/lastfm_top_tracks.py took 0.443 seconds
[2025-12-24T17:06:20.304+0000] {processor.py:157} INFO - Started process (PID=351) to work on /opt/airflow/dags/lastfm_top_tracks.py
[2025-12-24T17:06:20.305+0000] {processor.py:829} INFO - Processing file /opt/airflow/dags/lastfm_top_tracks.py for tasks to queue
[2025-12-24T17:06:20.306+0000] {logging_mixin.py:154} INFO - [2025-12-24T17:06:20.305+0000] {dagbag.py:536} INFO - Filling up the DagBag from /opt/airflow/dags/lastfm_top_tracks.py
[2025-12-24T17:06:20.668+0000] {processor.py:839} INFO - DAG(s) dict_keys(['lastfm_top_tracks_daily']) retrieved from /opt/airflow/dags/lastfm_top_tracks.py
[2025-12-24T17:06:20.688+0000] {logging_mixin.py:154} INFO - [2025-12-24T17:06:20.688+0000] {dag.py:2941} INFO - Sync 1 DAGs
[2025-12-24T17:06:20.705+0000] {logging_mixin.py:154} INFO - [2025-12-24T17:06:20.704+0000] {dag.py:3722} INFO - Setting next_dagrun for lastfm_top_tracks_daily to 2025-12-24T17:05:20.704704+00:00, run_after=2025-12-24T17:06:20.704704+00:00
[2025-12-24T17:06:20.729+0000] {processor.py:179} INFO - Processing /opt/airflow/dags/lastfm_top_tracks.py took 0.429 seconds
[2025-12-24T17:06:50.812+0000] {processor.py:157} INFO - Started process (PID=362) to work on /opt/airflow/dags/lastfm_top_tracks.py
[2025-12-24T17:06:50.813+0000] {processor.py:829} INFO - Processing file /opt/airflow/dags/lastfm_top_tracks.py for tasks to queue
[2025-12-24T17:06:50.814+0000] {logging_mixin.py:154} INFO - [2025-12-24T17:06:50.814+0000] {dagbag.py:536} INFO - Filling up the DagBag from /opt/airflow/dags/lastfm_top_tracks.py
[2025-12-24T17:06:51.337+0000] {processor.py:839} INFO - DAG(s) dict_keys(['lastfm_top_tracks_daily']) retrieved from /opt/airflow/dags/lastfm_top_tracks.py
[2025-12-24T17:06:51.380+0000] {logging_mixin.py:154} INFO - [2025-12-24T17:06:51.379+0000] {dag.py:2941} INFO - Sync 1 DAGs
[2025-12-24T17:06:51.405+0000] {logging_mixin.py:154} INFO - [2025-12-24T17:06:51.404+0000] {dag.py:3722} INFO - Setting next_dagrun for lastfm_top_tracks_daily to 2025-12-24T17:05:51.404556+00:00, run_after=2025-12-24T17:06:51.404556+00:00
[2025-12-24T17:06:51.427+0000] {processor.py:179} INFO - Processing /opt/airflow/dags/lastfm_top_tracks.py took 0.618 seconds
[2025-12-24T17:07:22.190+0000] {processor.py:157} INFO - Started process (PID=373) to work on /opt/airflow/dags/lastfm_top_tracks.py
[2025-12-24T17:07:22.191+0000] {processor.py:829} INFO - Processing file /opt/airflow/dags/lastfm_top_tracks.py for tasks to queue
[2025-12-24T17:07:22.192+0000] {logging_mixin.py:154} INFO - [2025-12-24T17:07:22.192+0000] {dagbag.py:536} INFO - Filling up the DagBag from /opt/airflow/dags/lastfm_top_tracks.py
[2025-12-24T17:07:22.607+0000] {processor.py:839} INFO - DAG(s) dict_keys(['lastfm_top_tracks_daily']) retrieved from /opt/airflow/dags/lastfm_top_tracks.py
[2025-12-24T17:07:22.631+0000] {logging_mixin.py:154} INFO - [2025-12-24T17:07:22.630+0000] {dag.py:2941} INFO - Sync 1 DAGs
[2025-12-24T17:07:22.653+0000] {logging_mixin.py:154} INFO - [2025-12-24T17:07:22.653+0000] {dag.py:3722} INFO - Setting next_dagrun for lastfm_top_tracks_daily to 2025-12-24T17:06:22.652828+00:00, run_after=2025-12-24T17:07:22.652828+00:00
[2025-12-24T17:07:22.673+0000] {processor.py:179} INFO - Processing /opt/airflow/dags/lastfm_top_tracks.py took 0.486 seconds
[2025-12-24T17:07:53.573+0000] {processor.py:157} INFO - Started process (PID=384) to work on /opt/airflow/dags/lastfm_top_tracks.py
[2025-12-24T17:07:53.574+0000] {processor.py:829} INFO - Processing file /opt/airflow/dags/lastfm_top_tracks.py for tasks to queue
[2025-12-24T17:07:53.576+0000] {logging_mixin.py:154} INFO - [2025-12-24T17:07:53.576+0000] {dagbag.py:536} INFO - Filling up the DagBag from /opt/airflow/dags/lastfm_top_tracks.py
[2025-12-24T17:07:54.113+0000] {processor.py:839} INFO - DAG(s) dict_keys(['lastfm_top_tracks_daily']) retrieved from /opt/airflow/dags/lastfm_top_tracks.py
[2025-12-24T17:07:54.142+0000] {logging_mixin.py:154} INFO - [2025-12-24T17:07:54.142+0000] {dag.py:2941} INFO - Sync 1 DAGs
[2025-12-24T17:07:54.177+0000] {logging_mixin.py:154} INFO - [2025-12-24T17:07:54.176+0000] {dag.py:3722} INFO - Setting next_dagrun for lastfm_top_tracks_daily to 2025-12-24T17:06:54.176550+00:00, run_after=2025-12-24T17:07:54.176550+00:00
[2025-12-24T17:07:54.216+0000] {processor.py:179} INFO - Processing /opt/airflow/dags/lastfm_top_tracks.py took 0.647 seconds
[2025-12-24T17:08:25.011+0000] {processor.py:157} INFO - Started process (PID=395) to work on /opt/airflow/dags/lastfm_top_tracks.py
[2025-12-24T17:08:25.012+0000] {processor.py:829} INFO - Processing file /opt/airflow/dags/lastfm_top_tracks.py for tasks to queue
[2025-12-24T17:08:25.013+0000] {logging_mixin.py:154} INFO - [2025-12-24T17:08:25.013+0000] {dagbag.py:536} INFO - Filling up the DagBag from /opt/airflow/dags/lastfm_top_tracks.py
[2025-12-24T17:08:25.374+0000] {processor.py:839} INFO - DAG(s) dict_keys(['lastfm_top_tracks_daily']) retrieved from /opt/airflow/dags/lastfm_top_tracks.py
[2025-12-24T17:08:25.397+0000] {logging_mixin.py:154} INFO - [2025-12-24T17:08:25.397+0000] {dag.py:2941} INFO - Sync 1 DAGs
[2025-12-24T17:08:25.421+0000] {logging_mixin.py:154} INFO - [2025-12-24T17:08:25.421+0000] {dag.py:3722} INFO - Setting next_dagrun for lastfm_top_tracks_daily to 2025-12-24T17:07:25.420845+00:00, run_after=2025-12-24T17:08:25.420845+00:00
[2025-12-24T17:08:25.450+0000] {processor.py:179} INFO - Processing /opt/airflow/dags/lastfm_top_tracks.py took 0.442 seconds
[2025-12-24T17:08:55.596+0000] {processor.py:157} INFO - Started process (PID=406) to work on /opt/airflow/dags/lastfm_top_tracks.py
[2025-12-24T17:08:55.598+0000] {processor.py:829} INFO - Processing file /opt/airflow/dags/lastfm_top_tracks.py for tasks to queue
[2025-12-24T17:08:55.600+0000] {logging_mixin.py:154} INFO - [2025-12-24T17:08:55.600+0000] {dagbag.py:536} INFO - Filling up the DagBag from /opt/airflow/dags/lastfm_top_tracks.py
[2025-12-24T17:08:55.981+0000] {processor.py:839} INFO - DAG(s) dict_keys(['lastfm_top_tracks_daily']) retrieved from /opt/airflow/dags/lastfm_top_tracks.py
[2025-12-24T17:08:56.002+0000] {logging_mixin.py:154} INFO - [2025-12-24T17:08:56.002+0000] {dag.py:2941} INFO - Sync 1 DAGs
[2025-12-24T17:08:56.024+0000] {logging_mixin.py:154} INFO - [2025-12-24T17:08:56.023+0000] {dag.py:3722} INFO - Setting next_dagrun for lastfm_top_tracks_daily to 2025-12-24T17:07:56.023530+00:00, run_after=2025-12-24T17:08:56.023530+00:00
[2025-12-24T17:08:56.049+0000] {processor.py:179} INFO - Processing /opt/airflow/dags/lastfm_top_tracks.py took 0.456 seconds
[2025-12-24T17:09:26.916+0000] {processor.py:157} INFO - Started process (PID=417) to work on /opt/airflow/dags/lastfm_top_tracks.py
[2025-12-24T17:09:26.917+0000] {processor.py:829} INFO - Processing file /opt/airflow/dags/lastfm_top_tracks.py for tasks to queue
[2025-12-24T17:09:26.918+0000] {logging_mixin.py:154} INFO - [2025-12-24T17:09:26.918+0000] {dagbag.py:536} INFO - Filling up the DagBag from /opt/airflow/dags/lastfm_top_tracks.py
[2025-12-24T17:09:27.307+0000] {processor.py:839} INFO - DAG(s) dict_keys(['lastfm_top_tracks_daily']) retrieved from /opt/airflow/dags/lastfm_top_tracks.py
[2025-12-24T17:09:27.329+0000] {logging_mixin.py:154} INFO - [2025-12-24T17:09:27.328+0000] {dag.py:2941} INFO - Sync 1 DAGs
[2025-12-24T17:09:27.348+0000] {logging_mixin.py:154} INFO - [2025-12-24T17:09:27.347+0000] {dag.py:3722} INFO - Setting next_dagrun for lastfm_top_tracks_daily to 2025-12-24T17:08:27.347722+00:00, run_after=2025-12-24T17:09:27.347722+00:00
[2025-12-24T17:09:27.368+0000] {processor.py:179} INFO - Processing /opt/airflow/dags/lastfm_top_tracks.py took 0.455 seconds
[2025-12-24T17:09:57.430+0000] {processor.py:157} INFO - Started process (PID=428) to work on /opt/airflow/dags/lastfm_top_tracks.py
[2025-12-24T17:09:57.431+0000] {processor.py:829} INFO - Processing file /opt/airflow/dags/lastfm_top_tracks.py for tasks to queue
[2025-12-24T17:09:57.432+0000] {logging_mixin.py:154} INFO - [2025-12-24T17:09:57.432+0000] {dagbag.py:536} INFO - Filling up the DagBag from /opt/airflow/dags/lastfm_top_tracks.py
[2025-12-24T17:09:57.817+0000] {processor.py:839} INFO - DAG(s) dict_keys(['lastfm_top_tracks_daily']) retrieved from /opt/airflow/dags/lastfm_top_tracks.py
[2025-12-24T17:09:57.836+0000] {logging_mixin.py:154} INFO - [2025-12-24T17:09:57.836+0000] {dag.py:2941} INFO - Sync 1 DAGs
[2025-12-24T17:09:57.855+0000] {logging_mixin.py:154} INFO - [2025-12-24T17:09:57.855+0000] {dag.py:3722} INFO - Setting next_dagrun for lastfm_top_tracks_daily to 2025-12-24T17:08:57.855039+00:00, run_after=2025-12-24T17:09:57.855039+00:00
[2025-12-24T17:09:57.879+0000] {processor.py:179} INFO - Processing /opt/airflow/dags/lastfm_top_tracks.py took 0.453 seconds
[2025-12-24T17:10:28.695+0000] {processor.py:157} INFO - Started process (PID=439) to work on /opt/airflow/dags/lastfm_top_tracks.py
[2025-12-24T17:10:28.697+0000] {processor.py:829} INFO - Processing file /opt/airflow/dags/lastfm_top_tracks.py for tasks to queue
[2025-12-24T17:10:28.698+0000] {logging_mixin.py:154} INFO - [2025-12-24T17:10:28.697+0000] {dagbag.py:536} INFO - Filling up the DagBag from /opt/airflow/dags/lastfm_top_tracks.py
[2025-12-24T17:10:29.087+0000] {processor.py:839} INFO - DAG(s) dict_keys(['lastfm_top_tracks_daily']) retrieved from /opt/airflow/dags/lastfm_top_tracks.py
[2025-12-24T17:10:29.109+0000] {logging_mixin.py:154} INFO - [2025-12-24T17:10:29.109+0000] {dag.py:2941} INFO - Sync 1 DAGs
[2025-12-24T17:10:29.131+0000] {logging_mixin.py:154} INFO - [2025-12-24T17:10:29.131+0000] {dag.py:3722} INFO - Setting next_dagrun for lastfm_top_tracks_daily to 2025-12-24T17:09:29.131015+00:00, run_after=2025-12-24T17:10:29.131015+00:00
[2025-12-24T17:10:29.164+0000] {processor.py:179} INFO - Processing /opt/airflow/dags/lastfm_top_tracks.py took 0.473 seconds
[2025-12-24T17:10:59.230+0000] {processor.py:157} INFO - Started process (PID=450) to work on /opt/airflow/dags/lastfm_top_tracks.py
[2025-12-24T17:10:59.231+0000] {processor.py:829} INFO - Processing file /opt/airflow/dags/lastfm_top_tracks.py for tasks to queue
[2025-12-24T17:10:59.232+0000] {logging_mixin.py:154} INFO - [2025-12-24T17:10:59.232+0000] {dagbag.py:536} INFO - Filling up the DagBag from /opt/airflow/dags/lastfm_top_tracks.py
[2025-12-24T17:10:59.630+0000] {processor.py:839} INFO - DAG(s) dict_keys(['lastfm_top_tracks_daily']) retrieved from /opt/airflow/dags/lastfm_top_tracks.py
[2025-12-24T17:10:59.650+0000] {logging_mixin.py:154} INFO - [2025-12-24T17:10:59.650+0000] {dag.py:2941} INFO - Sync 1 DAGs
[2025-12-24T17:10:59.670+0000] {logging_mixin.py:154} INFO - [2025-12-24T17:10:59.669+0000] {dag.py:3722} INFO - Setting next_dagrun for lastfm_top_tracks_daily to 2025-12-24T17:09:59.669739+00:00, run_after=2025-12-24T17:10:59.669739+00:00
[2025-12-24T17:10:59.695+0000] {processor.py:179} INFO - Processing /opt/airflow/dags/lastfm_top_tracks.py took 0.468 seconds
[2025-12-24T17:11:30.557+0000] {processor.py:157} INFO - Started process (PID=461) to work on /opt/airflow/dags/lastfm_top_tracks.py
[2025-12-24T17:11:30.558+0000] {processor.py:829} INFO - Processing file /opt/airflow/dags/lastfm_top_tracks.py for tasks to queue
[2025-12-24T17:11:30.559+0000] {logging_mixin.py:154} INFO - [2025-12-24T17:11:30.558+0000] {dagbag.py:536} INFO - Filling up the DagBag from /opt/airflow/dags/lastfm_top_tracks.py
[2025-12-24T17:11:30.929+0000] {processor.py:839} INFO - DAG(s) dict_keys(['lastfm_top_tracks_daily']) retrieved from /opt/airflow/dags/lastfm_top_tracks.py
[2025-12-24T17:11:30.949+0000] {logging_mixin.py:154} INFO - [2025-12-24T17:11:30.949+0000] {dag.py:2941} INFO - Sync 1 DAGs
[2025-12-24T17:11:30.965+0000] {logging_mixin.py:154} INFO - [2025-12-24T17:11:30.965+0000] {dag.py:3722} INFO - Setting next_dagrun for lastfm_top_tracks_daily to 2025-12-24T17:10:30.965389+00:00, run_after=2025-12-24T17:11:30.965389+00:00
[2025-12-24T17:11:30.986+0000] {processor.py:179} INFO - Processing /opt/airflow/dags/lastfm_top_tracks.py took 0.432 seconds
[2025-12-24T17:12:01.085+0000] {processor.py:157} INFO - Started process (PID=472) to work on /opt/airflow/dags/lastfm_top_tracks.py
[2025-12-24T17:12:01.086+0000] {processor.py:829} INFO - Processing file /opt/airflow/dags/lastfm_top_tracks.py for tasks to queue
[2025-12-24T17:12:01.086+0000] {logging_mixin.py:154} INFO - [2025-12-24T17:12:01.086+0000] {dagbag.py:536} INFO - Filling up the DagBag from /opt/airflow/dags/lastfm_top_tracks.py
[2025-12-24T17:12:01.690+0000] {processor.py:839} INFO - DAG(s) dict_keys(['lastfm_top_tracks_daily']) retrieved from /opt/airflow/dags/lastfm_top_tracks.py
[2025-12-24T17:12:01.713+0000] {logging_mixin.py:154} INFO - [2025-12-24T17:12:01.712+0000] {dag.py:2941} INFO - Sync 1 DAGs
[2025-12-24T17:12:01.735+0000] {logging_mixin.py:154} INFO - [2025-12-24T17:12:01.735+0000] {dag.py:3722} INFO - Setting next_dagrun for lastfm_top_tracks_daily to 2025-12-24T17:11:01.735164+00:00, run_after=2025-12-24T17:12:01.735164+00:00
[2025-12-24T17:12:01.760+0000] {processor.py:179} INFO - Processing /opt/airflow/dags/lastfm_top_tracks.py took 0.678 seconds
[2025-12-24T17:12:32.497+0000] {processor.py:157} INFO - Started process (PID=483) to work on /opt/airflow/dags/lastfm_top_tracks.py
[2025-12-24T17:12:32.498+0000] {processor.py:829} INFO - Processing file /opt/airflow/dags/lastfm_top_tracks.py for tasks to queue
[2025-12-24T17:12:32.499+0000] {logging_mixin.py:154} INFO - [2025-12-24T17:12:32.499+0000] {dagbag.py:536} INFO - Filling up the DagBag from /opt/airflow/dags/lastfm_top_tracks.py
[2025-12-24T17:12:32.886+0000] {processor.py:839} INFO - DAG(s) dict_keys(['lastfm_top_tracks_daily']) retrieved from /opt/airflow/dags/lastfm_top_tracks.py
[2025-12-24T17:12:32.907+0000] {logging_mixin.py:154} INFO - [2025-12-24T17:12:32.907+0000] {dag.py:2941} INFO - Sync 1 DAGs
[2025-12-24T17:12:32.926+0000] {logging_mixin.py:154} INFO - [2025-12-24T17:12:32.926+0000] {dag.py:3722} INFO - Setting next_dagrun for lastfm_top_tracks_daily to 2025-12-24T17:11:32.926104+00:00, run_after=2025-12-24T17:12:32.926104+00:00
[2025-12-24T17:12:32.950+0000] {processor.py:179} INFO - Processing /opt/airflow/dags/lastfm_top_tracks.py took 0.456 seconds
[2025-12-24T17:13:03.007+0000] {processor.py:157} INFO - Started process (PID=494) to work on /opt/airflow/dags/lastfm_top_tracks.py
[2025-12-24T17:13:03.008+0000] {processor.py:829} INFO - Processing file /opt/airflow/dags/lastfm_top_tracks.py for tasks to queue
[2025-12-24T17:13:03.009+0000] {logging_mixin.py:154} INFO - [2025-12-24T17:13:03.009+0000] {dagbag.py:536} INFO - Filling up the DagBag from /opt/airflow/dags/lastfm_top_tracks.py
[2025-12-24T17:13:03.380+0000] {processor.py:839} INFO - DAG(s) dict_keys(['lastfm_top_tracks_daily']) retrieved from /opt/airflow/dags/lastfm_top_tracks.py
[2025-12-24T17:13:03.401+0000] {logging_mixin.py:154} INFO - [2025-12-24T17:13:03.401+0000] {dag.py:2941} INFO - Sync 1 DAGs
[2025-12-24T17:13:03.419+0000] {logging_mixin.py:154} INFO - [2025-12-24T17:13:03.419+0000] {dag.py:3722} INFO - Setting next_dagrun for lastfm_top_tracks_daily to 2025-12-24T17:12:03.419020+00:00, run_after=2025-12-24T17:13:03.419020+00:00
[2025-12-24T17:13:03.443+0000] {processor.py:179} INFO - Processing /opt/airflow/dags/lastfm_top_tracks.py took 0.440 seconds
[2025-12-24T17:13:34.346+0000] {processor.py:157} INFO - Started process (PID=505) to work on /opt/airflow/dags/lastfm_top_tracks.py
[2025-12-24T17:13:34.348+0000] {processor.py:829} INFO - Processing file /opt/airflow/dags/lastfm_top_tracks.py for tasks to queue
[2025-12-24T17:13:34.349+0000] {logging_mixin.py:154} INFO - [2025-12-24T17:13:34.348+0000] {dagbag.py:536} INFO - Filling up the DagBag from /opt/airflow/dags/lastfm_top_tracks.py
[2025-12-24T17:13:34.752+0000] {processor.py:839} INFO - DAG(s) dict_keys(['lastfm_top_tracks_daily']) retrieved from /opt/airflow/dags/lastfm_top_tracks.py
[2025-12-24T17:13:34.781+0000] {logging_mixin.py:154} INFO - [2025-12-24T17:13:34.781+0000] {dag.py:2941} INFO - Sync 1 DAGs
[2025-12-24T17:13:34.806+0000] {logging_mixin.py:154} INFO - [2025-12-24T17:13:34.806+0000] {dag.py:3722} INFO - Setting next_dagrun for lastfm_top_tracks_daily to 2025-12-24T17:12:34.806035+00:00, run_after=2025-12-24T17:13:34.806035+00:00
[2025-12-24T17:13:34.843+0000] {processor.py:179} INFO - Processing /opt/airflow/dags/lastfm_top_tracks.py took 0.500 seconds
[2025-12-24T17:14:05.741+0000] {processor.py:157} INFO - Started process (PID=516) to work on /opt/airflow/dags/lastfm_top_tracks.py
[2025-12-24T17:14:05.742+0000] {processor.py:829} INFO - Processing file /opt/airflow/dags/lastfm_top_tracks.py for tasks to queue
[2025-12-24T17:14:05.744+0000] {logging_mixin.py:154} INFO - [2025-12-24T17:14:05.743+0000] {dagbag.py:536} INFO - Filling up the DagBag from /opt/airflow/dags/lastfm_top_tracks.py
[2025-12-24T17:14:06.130+0000] {processor.py:839} INFO - DAG(s) dict_keys(['lastfm_top_tracks_daily']) retrieved from /opt/airflow/dags/lastfm_top_tracks.py
[2025-12-24T17:14:06.150+0000] {logging_mixin.py:154} INFO - [2025-12-24T17:14:06.150+0000] {dag.py:2941} INFO - Sync 1 DAGs
[2025-12-24T17:14:06.168+0000] {logging_mixin.py:154} INFO - [2025-12-24T17:14:06.168+0000] {dag.py:3722} INFO - Setting next_dagrun for lastfm_top_tracks_daily to 2025-12-24T17:13:06.168148+00:00, run_after=2025-12-24T17:14:06.168148+00:00
[2025-12-24T17:14:06.190+0000] {processor.py:179} INFO - Processing /opt/airflow/dags/lastfm_top_tracks.py took 0.453 seconds
[2025-12-24T17:14:36.265+0000] {processor.py:157} INFO - Started process (PID=527) to work on /opt/airflow/dags/lastfm_top_tracks.py
[2025-12-24T17:14:36.266+0000] {processor.py:829} INFO - Processing file /opt/airflow/dags/lastfm_top_tracks.py for tasks to queue
[2025-12-24T17:14:36.267+0000] {logging_mixin.py:154} INFO - [2025-12-24T17:14:36.267+0000] {dagbag.py:536} INFO - Filling up the DagBag from /opt/airflow/dags/lastfm_top_tracks.py
[2025-12-24T17:14:36.655+0000] {processor.py:839} INFO - DAG(s) dict_keys(['lastfm_top_tracks_daily']) retrieved from /opt/airflow/dags/lastfm_top_tracks.py
[2025-12-24T17:14:36.683+0000] {logging_mixin.py:154} INFO - [2025-12-24T17:14:36.682+0000] {dag.py:2941} INFO - Sync 1 DAGs
[2025-12-24T17:14:36.706+0000] {logging_mixin.py:154} INFO - [2025-12-24T17:14:36.705+0000] {dag.py:3722} INFO - Setting next_dagrun for lastfm_top_tracks_daily to 2025-12-24T17:13:36.705790+00:00, run_after=2025-12-24T17:14:36.705790+00:00
[2025-12-24T17:14:36.727+0000] {processor.py:179} INFO - Processing /opt/airflow/dags/lastfm_top_tracks.py took 0.465 seconds
[2025-12-24T17:15:07.610+0000] {processor.py:157} INFO - Started process (PID=538) to work on /opt/airflow/dags/lastfm_top_tracks.py
[2025-12-24T17:15:07.612+0000] {processor.py:829} INFO - Processing file /opt/airflow/dags/lastfm_top_tracks.py for tasks to queue
[2025-12-24T17:15:07.613+0000] {logging_mixin.py:154} INFO - [2025-12-24T17:15:07.613+0000] {dagbag.py:536} INFO - Filling up the DagBag from /opt/airflow/dags/lastfm_top_tracks.py
[2025-12-24T17:15:08.087+0000] {processor.py:839} INFO - DAG(s) dict_keys(['lastfm_top_tracks_daily']) retrieved from /opt/airflow/dags/lastfm_top_tracks.py
[2025-12-24T17:15:08.112+0000] {logging_mixin.py:154} INFO - [2025-12-24T17:15:08.112+0000] {dag.py:2941} INFO - Sync 1 DAGs
[2025-12-24T17:15:08.136+0000] {logging_mixin.py:154} INFO - [2025-12-24T17:15:08.136+0000] {dag.py:3722} INFO - Setting next_dagrun for lastfm_top_tracks_daily to 2025-12-24T17:14:08.136160+00:00, run_after=2025-12-24T17:15:08.136160+00:00
[2025-12-24T17:15:08.163+0000] {processor.py:179} INFO - Processing /opt/airflow/dags/lastfm_top_tracks.py took 0.558 seconds
[2025-12-24T17:15:38.963+0000] {processor.py:157} INFO - Started process (PID=549) to work on /opt/airflow/dags/lastfm_top_tracks.py
[2025-12-24T17:15:38.964+0000] {processor.py:829} INFO - Processing file /opt/airflow/dags/lastfm_top_tracks.py for tasks to queue
[2025-12-24T17:15:38.966+0000] {logging_mixin.py:154} INFO - [2025-12-24T17:15:38.965+0000] {dagbag.py:536} INFO - Filling up the DagBag from /opt/airflow/dags/lastfm_top_tracks.py
[2025-12-24T17:15:39.485+0000] {processor.py:839} INFO - DAG(s) dict_keys(['lastfm_top_tracks_daily']) retrieved from /opt/airflow/dags/lastfm_top_tracks.py
[2025-12-24T17:15:39.510+0000] {logging_mixin.py:154} INFO - [2025-12-24T17:15:39.510+0000] {dag.py:2941} INFO - Sync 1 DAGs
[2025-12-24T17:15:39.534+0000] {logging_mixin.py:154} INFO - [2025-12-24T17:15:39.534+0000] {dag.py:3722} INFO - Setting next_dagrun for lastfm_top_tracks_daily to 2025-12-24T17:14:39.534484+00:00, run_after=2025-12-24T17:15:39.534484+00:00
[2025-12-24T17:15:39.561+0000] {processor.py:179} INFO - Processing /opt/airflow/dags/lastfm_top_tracks.py took 0.602 seconds
[2025-12-24T17:16:10.379+0000] {processor.py:157} INFO - Started process (PID=560) to work on /opt/airflow/dags/lastfm_top_tracks.py
[2025-12-24T17:16:10.380+0000] {processor.py:829} INFO - Processing file /opt/airflow/dags/lastfm_top_tracks.py for tasks to queue
[2025-12-24T17:16:10.381+0000] {logging_mixin.py:154} INFO - [2025-12-24T17:16:10.381+0000] {dagbag.py:536} INFO - Filling up the DagBag from /opt/airflow/dags/lastfm_top_tracks.py
[2025-12-24T17:16:10.748+0000] {processor.py:839} INFO - DAG(s) dict_keys(['lastfm_top_tracks_daily']) retrieved from /opt/airflow/dags/lastfm_top_tracks.py
[2025-12-24T17:16:10.770+0000] {logging_mixin.py:154} INFO - [2025-12-24T17:16:10.770+0000] {dag.py:2941} INFO - Sync 1 DAGs
[2025-12-24T17:16:10.790+0000] {logging_mixin.py:154} INFO - [2025-12-24T17:16:10.790+0000] {dag.py:3722} INFO - Setting next_dagrun for lastfm_top_tracks_daily to 2025-12-24T17:15:10.790315+00:00, run_after=2025-12-24T17:16:10.790315+00:00
[2025-12-24T17:16:10.812+0000] {processor.py:179} INFO - Processing /opt/airflow/dags/lastfm_top_tracks.py took 0.437 seconds
[2025-12-24T17:16:40.917+0000] {processor.py:157} INFO - Started process (PID=571) to work on /opt/airflow/dags/lastfm_top_tracks.py
[2025-12-24T17:16:40.919+0000] {processor.py:829} INFO - Processing file /opt/airflow/dags/lastfm_top_tracks.py for tasks to queue
[2025-12-24T17:16:40.920+0000] {logging_mixin.py:154} INFO - [2025-12-24T17:16:40.919+0000] {dagbag.py:536} INFO - Filling up the DagBag from /opt/airflow/dags/lastfm_top_tracks.py
[2025-12-24T17:16:41.422+0000] {processor.py:839} INFO - DAG(s) dict_keys(['lastfm_top_tracks_daily']) retrieved from /opt/airflow/dags/lastfm_top_tracks.py
[2025-12-24T17:16:41.446+0000] {logging_mixin.py:154} INFO - [2025-12-24T17:16:41.445+0000] {dag.py:2941} INFO - Sync 1 DAGs
[2025-12-24T17:16:41.467+0000] {logging_mixin.py:154} INFO - [2025-12-24T17:16:41.467+0000] {dag.py:3722} INFO - Setting next_dagrun for lastfm_top_tracks_daily to 2025-12-24T17:15:41.467345+00:00, run_after=2025-12-24T17:16:41.467345+00:00
[2025-12-24T17:16:41.492+0000] {processor.py:179} INFO - Processing /opt/airflow/dags/lastfm_top_tracks.py took 0.579 seconds
