[2025-12-24T13:13:14.301+0000] {processor.py:157} INFO - Started process (PID=166) to work on /opt/airflow/dags/spark_to_elastic_dag.py
[2025-12-24T13:13:14.303+0000] {processor.py:829} INFO - Processing file /opt/airflow/dags/spark_to_elastic_dag.py for tasks to queue
[2025-12-24T13:13:14.304+0000] {logging_mixin.py:154} INFO - [2025-12-24T13:13:14.304+0000] {dagbag.py:536} INFO - Filling up the DagBag from /opt/airflow/dags/spark_to_elastic_dag.py
[2025-12-24T13:13:14.329+0000] {logging_mixin.py:154} INFO - [2025-12-24T13:13:14.323+0000] {dagbag.py:346} ERROR - Failed to import: /opt/airflow/dags/spark_to_elastic_dag.py
Traceback (most recent call last):
  File "/home/airflow/.local/lib/python3.8/site-packages/airflow/models/dagbag.py", line 342, in parse
    loader.exec_module(new_module)
  File "<frozen importlib._bootstrap_external>", line 843, in exec_module
  File "<frozen importlib._bootstrap>", line 219, in _call_with_frames_removed
  File "/opt/airflow/dags/spark_to_elastic_dag.py", line 2, in <module>
    from airflow.providers.apache.spark.operators.spark_submit import SparkSubmitOperator
ModuleNotFoundError: No module named 'airflow.providers.apache'
[2025-12-24T13:13:14.340+0000] {processor.py:841} WARNING - No viable dags retrieved from /opt/airflow/dags/spark_to_elastic_dag.py
[2025-12-24T13:13:14.399+0000] {processor.py:179} INFO - Processing /opt/airflow/dags/spark_to_elastic_dag.py took 0.104 seconds
[2025-12-24T13:13:44.576+0000] {processor.py:157} INFO - Started process (PID=172) to work on /opt/airflow/dags/spark_to_elastic_dag.py
[2025-12-24T13:13:44.577+0000] {processor.py:829} INFO - Processing file /opt/airflow/dags/spark_to_elastic_dag.py for tasks to queue
[2025-12-24T13:13:44.578+0000] {logging_mixin.py:154} INFO - [2025-12-24T13:13:44.578+0000] {dagbag.py:536} INFO - Filling up the DagBag from /opt/airflow/dags/spark_to_elastic_dag.py
[2025-12-24T13:13:44.593+0000] {logging_mixin.py:154} INFO - [2025-12-24T13:13:44.590+0000] {dagbag.py:346} ERROR - Failed to import: /opt/airflow/dags/spark_to_elastic_dag.py
Traceback (most recent call last):
  File "/home/airflow/.local/lib/python3.8/site-packages/airflow/models/dagbag.py", line 342, in parse
    loader.exec_module(new_module)
  File "<frozen importlib._bootstrap_external>", line 843, in exec_module
  File "<frozen importlib._bootstrap>", line 219, in _call_with_frames_removed
  File "/opt/airflow/dags/spark_to_elastic_dag.py", line 2, in <module>
    from airflow.providers.apache.spark.operators.spark_submit import SparkSubmitOperator
ModuleNotFoundError: No module named 'airflow.providers.apache'
[2025-12-24T13:13:44.594+0000] {processor.py:841} WARNING - No viable dags retrieved from /opt/airflow/dags/spark_to_elastic_dag.py
[2025-12-24T13:13:44.622+0000] {processor.py:179} INFO - Processing /opt/airflow/dags/spark_to_elastic_dag.py took 0.049 seconds
[2025-12-24T13:14:14.832+0000] {processor.py:157} INFO - Started process (PID=177) to work on /opt/airflow/dags/spark_to_elastic_dag.py
[2025-12-24T13:14:14.834+0000] {processor.py:829} INFO - Processing file /opt/airflow/dags/spark_to_elastic_dag.py for tasks to queue
[2025-12-24T13:14:14.835+0000] {logging_mixin.py:154} INFO - [2025-12-24T13:14:14.834+0000] {dagbag.py:536} INFO - Filling up the DagBag from /opt/airflow/dags/spark_to_elastic_dag.py
[2025-12-24T13:14:14.850+0000] {logging_mixin.py:154} INFO - [2025-12-24T13:14:14.847+0000] {dagbag.py:346} ERROR - Failed to import: /opt/airflow/dags/spark_to_elastic_dag.py
Traceback (most recent call last):
  File "/home/airflow/.local/lib/python3.8/site-packages/airflow/models/dagbag.py", line 342, in parse
    loader.exec_module(new_module)
  File "<frozen importlib._bootstrap_external>", line 843, in exec_module
  File "<frozen importlib._bootstrap>", line 219, in _call_with_frames_removed
  File "/opt/airflow/dags/spark_to_elastic_dag.py", line 2, in <module>
    from airflow.providers.apache.spark.operators.spark_submit import SparkSubmitOperator
ModuleNotFoundError: No module named 'airflow.providers.apache'
[2025-12-24T13:14:14.852+0000] {processor.py:841} WARNING - No viable dags retrieved from /opt/airflow/dags/spark_to_elastic_dag.py
[2025-12-24T13:14:14.874+0000] {processor.py:179} INFO - Processing /opt/airflow/dags/spark_to_elastic_dag.py took 0.045 seconds
[2025-12-24T13:14:45.122+0000] {processor.py:157} INFO - Started process (PID=182) to work on /opt/airflow/dags/spark_to_elastic_dag.py
[2025-12-24T13:14:45.123+0000] {processor.py:829} INFO - Processing file /opt/airflow/dags/spark_to_elastic_dag.py for tasks to queue
[2025-12-24T13:14:45.124+0000] {logging_mixin.py:154} INFO - [2025-12-24T13:14:45.123+0000] {dagbag.py:536} INFO - Filling up the DagBag from /opt/airflow/dags/spark_to_elastic_dag.py
[2025-12-24T13:14:45.136+0000] {logging_mixin.py:154} INFO - [2025-12-24T13:14:45.133+0000] {dagbag.py:346} ERROR - Failed to import: /opt/airflow/dags/spark_to_elastic_dag.py
Traceback (most recent call last):
  File "/home/airflow/.local/lib/python3.8/site-packages/airflow/models/dagbag.py", line 342, in parse
    loader.exec_module(new_module)
  File "<frozen importlib._bootstrap_external>", line 843, in exec_module
  File "<frozen importlib._bootstrap>", line 219, in _call_with_frames_removed
  File "/opt/airflow/dags/spark_to_elastic_dag.py", line 2, in <module>
    from airflow.providers.apache.spark.operators.spark_submit import SparkSubmitOperator
ModuleNotFoundError: No module named 'airflow.providers.apache'
[2025-12-24T13:14:45.137+0000] {processor.py:841} WARNING - No viable dags retrieved from /opt/airflow/dags/spark_to_elastic_dag.py
[2025-12-24T13:14:45.155+0000] {processor.py:179} INFO - Processing /opt/airflow/dags/spark_to_elastic_dag.py took 0.036 seconds
[2025-12-24T13:15:15.385+0000] {processor.py:157} INFO - Started process (PID=187) to work on /opt/airflow/dags/spark_to_elastic_dag.py
[2025-12-24T13:15:15.386+0000] {processor.py:829} INFO - Processing file /opt/airflow/dags/spark_to_elastic_dag.py for tasks to queue
[2025-12-24T13:15:15.387+0000] {logging_mixin.py:154} INFO - [2025-12-24T13:15:15.387+0000] {dagbag.py:536} INFO - Filling up the DagBag from /opt/airflow/dags/spark_to_elastic_dag.py
[2025-12-24T13:15:15.401+0000] {logging_mixin.py:154} INFO - [2025-12-24T13:15:15.397+0000] {dagbag.py:346} ERROR - Failed to import: /opt/airflow/dags/spark_to_elastic_dag.py
Traceback (most recent call last):
  File "/home/airflow/.local/lib/python3.8/site-packages/airflow/models/dagbag.py", line 342, in parse
    loader.exec_module(new_module)
  File "<frozen importlib._bootstrap_external>", line 843, in exec_module
  File "<frozen importlib._bootstrap>", line 219, in _call_with_frames_removed
  File "/opt/airflow/dags/spark_to_elastic_dag.py", line 2, in <module>
    from airflow.providers.apache.spark.operators.spark_submit import SparkSubmitOperator
ModuleNotFoundError: No module named 'airflow.providers.apache'
[2025-12-24T13:15:15.402+0000] {processor.py:841} WARNING - No viable dags retrieved from /opt/airflow/dags/spark_to_elastic_dag.py
[2025-12-24T13:15:15.422+0000] {processor.py:179} INFO - Processing /opt/airflow/dags/spark_to_elastic_dag.py took 0.040 seconds
[2025-12-24T13:15:45.621+0000] {processor.py:157} INFO - Started process (PID=192) to work on /opt/airflow/dags/spark_to_elastic_dag.py
[2025-12-24T13:15:45.621+0000] {processor.py:829} INFO - Processing file /opt/airflow/dags/spark_to_elastic_dag.py for tasks to queue
[2025-12-24T13:15:45.622+0000] {logging_mixin.py:154} INFO - [2025-12-24T13:15:45.622+0000] {dagbag.py:536} INFO - Filling up the DagBag from /opt/airflow/dags/spark_to_elastic_dag.py
[2025-12-24T13:15:45.634+0000] {logging_mixin.py:154} INFO - [2025-12-24T13:15:45.631+0000] {dagbag.py:346} ERROR - Failed to import: /opt/airflow/dags/spark_to_elastic_dag.py
Traceback (most recent call last):
  File "/home/airflow/.local/lib/python3.8/site-packages/airflow/models/dagbag.py", line 342, in parse
    loader.exec_module(new_module)
  File "<frozen importlib._bootstrap_external>", line 843, in exec_module
  File "<frozen importlib._bootstrap>", line 219, in _call_with_frames_removed
  File "/opt/airflow/dags/spark_to_elastic_dag.py", line 2, in <module>
    from airflow.providers.apache.spark.operators.spark_submit import SparkSubmitOperator
ModuleNotFoundError: No module named 'airflow.providers.apache'
[2025-12-24T13:15:45.635+0000] {processor.py:841} WARNING - No viable dags retrieved from /opt/airflow/dags/spark_to_elastic_dag.py
[2025-12-24T13:15:45.653+0000] {processor.py:179} INFO - Processing /opt/airflow/dags/spark_to_elastic_dag.py took 0.035 seconds
[2025-12-24T13:16:15.908+0000] {processor.py:157} INFO - Started process (PID=197) to work on /opt/airflow/dags/spark_to_elastic_dag.py
[2025-12-24T13:16:15.909+0000] {processor.py:829} INFO - Processing file /opt/airflow/dags/spark_to_elastic_dag.py for tasks to queue
[2025-12-24T13:16:15.910+0000] {logging_mixin.py:154} INFO - [2025-12-24T13:16:15.910+0000] {dagbag.py:536} INFO - Filling up the DagBag from /opt/airflow/dags/spark_to_elastic_dag.py
[2025-12-24T13:16:15.926+0000] {logging_mixin.py:154} INFO - [2025-12-24T13:16:15.923+0000] {dagbag.py:346} ERROR - Failed to import: /opt/airflow/dags/spark_to_elastic_dag.py
Traceback (most recent call last):
  File "/home/airflow/.local/lib/python3.8/site-packages/airflow/models/dagbag.py", line 342, in parse
    loader.exec_module(new_module)
  File "<frozen importlib._bootstrap_external>", line 843, in exec_module
  File "<frozen importlib._bootstrap>", line 219, in _call_with_frames_removed
  File "/opt/airflow/dags/spark_to_elastic_dag.py", line 2, in <module>
    from airflow.providers.apache.spark.operators.spark_submit import SparkSubmitOperator
ModuleNotFoundError: No module named 'airflow.providers.apache'
[2025-12-24T13:16:15.927+0000] {processor.py:841} WARNING - No viable dags retrieved from /opt/airflow/dags/spark_to_elastic_dag.py
[2025-12-24T13:16:15.946+0000] {processor.py:179} INFO - Processing /opt/airflow/dags/spark_to_elastic_dag.py took 0.040 seconds
[2025-12-24T13:16:46.184+0000] {processor.py:157} INFO - Started process (PID=202) to work on /opt/airflow/dags/spark_to_elastic_dag.py
[2025-12-24T13:16:46.185+0000] {processor.py:829} INFO - Processing file /opt/airflow/dags/spark_to_elastic_dag.py for tasks to queue
[2025-12-24T13:16:46.186+0000] {logging_mixin.py:154} INFO - [2025-12-24T13:16:46.185+0000] {dagbag.py:536} INFO - Filling up the DagBag from /opt/airflow/dags/spark_to_elastic_dag.py
[2025-12-24T13:16:46.199+0000] {logging_mixin.py:154} INFO - [2025-12-24T13:16:46.197+0000] {dagbag.py:346} ERROR - Failed to import: /opt/airflow/dags/spark_to_elastic_dag.py
Traceback (most recent call last):
  File "/home/airflow/.local/lib/python3.8/site-packages/airflow/models/dagbag.py", line 342, in parse
    loader.exec_module(new_module)
  File "<frozen importlib._bootstrap_external>", line 843, in exec_module
  File "<frozen importlib._bootstrap>", line 219, in _call_with_frames_removed
  File "/opt/airflow/dags/spark_to_elastic_dag.py", line 2, in <module>
    from airflow.providers.apache.spark.operators.spark_submit import SparkSubmitOperator
ModuleNotFoundError: No module named 'airflow.providers.apache'
[2025-12-24T13:16:46.200+0000] {processor.py:841} WARNING - No viable dags retrieved from /opt/airflow/dags/spark_to_elastic_dag.py
[2025-12-24T13:16:46.223+0000] {processor.py:179} INFO - Processing /opt/airflow/dags/spark_to_elastic_dag.py took 0.042 seconds
[2025-12-24T13:17:16.444+0000] {processor.py:157} INFO - Started process (PID=207) to work on /opt/airflow/dags/spark_to_elastic_dag.py
[2025-12-24T13:17:16.445+0000] {processor.py:829} INFO - Processing file /opt/airflow/dags/spark_to_elastic_dag.py for tasks to queue
[2025-12-24T13:17:16.446+0000] {logging_mixin.py:154} INFO - [2025-12-24T13:17:16.446+0000] {dagbag.py:536} INFO - Filling up the DagBag from /opt/airflow/dags/spark_to_elastic_dag.py
[2025-12-24T13:17:16.463+0000] {logging_mixin.py:154} INFO - [2025-12-24T13:17:16.460+0000] {dagbag.py:346} ERROR - Failed to import: /opt/airflow/dags/spark_to_elastic_dag.py
Traceback (most recent call last):
  File "/home/airflow/.local/lib/python3.8/site-packages/airflow/models/dagbag.py", line 342, in parse
    loader.exec_module(new_module)
  File "<frozen importlib._bootstrap_external>", line 843, in exec_module
  File "<frozen importlib._bootstrap>", line 219, in _call_with_frames_removed
  File "/opt/airflow/dags/spark_to_elastic_dag.py", line 2, in <module>
    from airflow.providers.apache.spark.operators.spark_submit import SparkSubmitOperator
ModuleNotFoundError: No module named 'airflow.providers.apache'
[2025-12-24T13:17:16.464+0000] {processor.py:841} WARNING - No viable dags retrieved from /opt/airflow/dags/spark_to_elastic_dag.py
[2025-12-24T13:17:16.493+0000] {processor.py:179} INFO - Processing /opt/airflow/dags/spark_to_elastic_dag.py took 0.051 seconds
[2025-12-24T13:17:46.746+0000] {processor.py:157} INFO - Started process (PID=212) to work on /opt/airflow/dags/spark_to_elastic_dag.py
[2025-12-24T13:17:46.747+0000] {processor.py:829} INFO - Processing file /opt/airflow/dags/spark_to_elastic_dag.py for tasks to queue
[2025-12-24T13:17:46.748+0000] {logging_mixin.py:154} INFO - [2025-12-24T13:17:46.748+0000] {dagbag.py:536} INFO - Filling up the DagBag from /opt/airflow/dags/spark_to_elastic_dag.py
[2025-12-24T13:17:46.766+0000] {logging_mixin.py:154} INFO - [2025-12-24T13:17:46.762+0000] {dagbag.py:346} ERROR - Failed to import: /opt/airflow/dags/spark_to_elastic_dag.py
Traceback (most recent call last):
  File "/home/airflow/.local/lib/python3.8/site-packages/airflow/models/dagbag.py", line 342, in parse
    loader.exec_module(new_module)
  File "<frozen importlib._bootstrap_external>", line 843, in exec_module
  File "<frozen importlib._bootstrap>", line 219, in _call_with_frames_removed
  File "/opt/airflow/dags/spark_to_elastic_dag.py", line 2, in <module>
    from airflow.providers.apache.spark.operators.spark_submit import SparkSubmitOperator
ModuleNotFoundError: No module named 'airflow.providers.apache'
[2025-12-24T13:17:46.767+0000] {processor.py:841} WARNING - No viable dags retrieved from /opt/airflow/dags/spark_to_elastic_dag.py
[2025-12-24T13:17:46.793+0000] {processor.py:179} INFO - Processing /opt/airflow/dags/spark_to_elastic_dag.py took 0.051 seconds
[2025-12-24T13:18:17.151+0000] {processor.py:157} INFO - Started process (PID=222) to work on /opt/airflow/dags/spark_to_elastic_dag.py
[2025-12-24T13:18:17.152+0000] {processor.py:829} INFO - Processing file /opt/airflow/dags/spark_to_elastic_dag.py for tasks to queue
[2025-12-24T13:18:17.153+0000] {logging_mixin.py:154} INFO - [2025-12-24T13:18:17.153+0000] {dagbag.py:536} INFO - Filling up the DagBag from /opt/airflow/dags/spark_to_elastic_dag.py
[2025-12-24T13:18:17.169+0000] {logging_mixin.py:154} INFO - [2025-12-24T13:18:17.165+0000] {dagbag.py:346} ERROR - Failed to import: /opt/airflow/dags/spark_to_elastic_dag.py
Traceback (most recent call last):
  File "/home/airflow/.local/lib/python3.8/site-packages/airflow/models/dagbag.py", line 342, in parse
    loader.exec_module(new_module)
  File "<frozen importlib._bootstrap_external>", line 843, in exec_module
  File "<frozen importlib._bootstrap>", line 219, in _call_with_frames_removed
  File "/opt/airflow/dags/spark_to_elastic_dag.py", line 2, in <module>
    from airflow.providers.apache.spark.operators.spark_submit import SparkSubmitOperator
ModuleNotFoundError: No module named 'airflow.providers.apache'
[2025-12-24T13:18:17.171+0000] {processor.py:841} WARNING - No viable dags retrieved from /opt/airflow/dags/spark_to_elastic_dag.py
[2025-12-24T13:18:17.194+0000] {processor.py:179} INFO - Processing /opt/airflow/dags/spark_to_elastic_dag.py took 0.046 seconds
[2025-12-24T13:18:47.492+0000] {processor.py:157} INFO - Started process (PID=232) to work on /opt/airflow/dags/spark_to_elastic_dag.py
[2025-12-24T13:18:47.493+0000] {processor.py:829} INFO - Processing file /opt/airflow/dags/spark_to_elastic_dag.py for tasks to queue
[2025-12-24T13:18:47.496+0000] {logging_mixin.py:154} INFO - [2025-12-24T13:18:47.495+0000] {dagbag.py:536} INFO - Filling up the DagBag from /opt/airflow/dags/spark_to_elastic_dag.py
[2025-12-24T13:18:47.519+0000] {logging_mixin.py:154} INFO - [2025-12-24T13:18:47.515+0000] {dagbag.py:346} ERROR - Failed to import: /opt/airflow/dags/spark_to_elastic_dag.py
Traceback (most recent call last):
  File "/home/airflow/.local/lib/python3.8/site-packages/airflow/models/dagbag.py", line 342, in parse
    loader.exec_module(new_module)
  File "<frozen importlib._bootstrap_external>", line 843, in exec_module
  File "<frozen importlib._bootstrap>", line 219, in _call_with_frames_removed
  File "/opt/airflow/dags/spark_to_elastic_dag.py", line 2, in <module>
    from airflow.providers.apache.spark.operators.spark_submit import SparkSubmitOperator
ModuleNotFoundError: No module named 'airflow.providers.apache'
[2025-12-24T13:18:47.522+0000] {processor.py:841} WARNING - No viable dags retrieved from /opt/airflow/dags/spark_to_elastic_dag.py
[2025-12-24T13:18:47.551+0000] {processor.py:179} INFO - Processing /opt/airflow/dags/spark_to_elastic_dag.py took 0.063 seconds
[2025-12-24T14:18:54.460+0000] {processor.py:157} INFO - Started process (PID=171) to work on /opt/airflow/dags/spark_to_elastic_dag.py
[2025-12-24T14:18:54.461+0000] {processor.py:829} INFO - Processing file /opt/airflow/dags/spark_to_elastic_dag.py for tasks to queue
[2025-12-24T14:18:54.462+0000] {logging_mixin.py:154} INFO - [2025-12-24T14:18:54.462+0000] {dagbag.py:536} INFO - Filling up the DagBag from /opt/airflow/dags/spark_to_elastic_dag.py
[2025-12-24T14:18:54.485+0000] {logging_mixin.py:154} INFO - [2025-12-24T14:18:54.480+0000] {dagbag.py:346} ERROR - Failed to import: /opt/airflow/dags/spark_to_elastic_dag.py
Traceback (most recent call last):
  File "/home/airflow/.local/lib/python3.8/site-packages/airflow/models/dagbag.py", line 342, in parse
    loader.exec_module(new_module)
  File "<frozen importlib._bootstrap_external>", line 843, in exec_module
  File "<frozen importlib._bootstrap>", line 219, in _call_with_frames_removed
  File "/opt/airflow/dags/spark_to_elastic_dag.py", line 2, in <module>
    from airflow.providers.apache.spark.operators.spark_submit import SparkSubmitOperator
ModuleNotFoundError: No module named 'airflow.providers.apache'
[2025-12-24T14:18:54.487+0000] {processor.py:841} WARNING - No viable dags retrieved from /opt/airflow/dags/spark_to_elastic_dag.py
[2025-12-24T14:18:54.521+0000] {processor.py:179} INFO - Processing /opt/airflow/dags/spark_to_elastic_dag.py took 0.066 seconds
[2025-12-24T14:19:24.829+0000] {processor.py:157} INFO - Started process (PID=178) to work on /opt/airflow/dags/spark_to_elastic_dag.py
[2025-12-24T14:19:24.830+0000] {processor.py:829} INFO - Processing file /opt/airflow/dags/spark_to_elastic_dag.py for tasks to queue
[2025-12-24T14:19:24.831+0000] {logging_mixin.py:154} INFO - [2025-12-24T14:19:24.830+0000] {dagbag.py:536} INFO - Filling up the DagBag from /opt/airflow/dags/spark_to_elastic_dag.py
[2025-12-24T14:19:24.852+0000] {logging_mixin.py:154} INFO - [2025-12-24T14:19:24.847+0000] {dagbag.py:346} ERROR - Failed to import: /opt/airflow/dags/spark_to_elastic_dag.py
Traceback (most recent call last):
  File "/home/airflow/.local/lib/python3.8/site-packages/airflow/models/dagbag.py", line 342, in parse
    loader.exec_module(new_module)
  File "<frozen importlib._bootstrap_external>", line 843, in exec_module
  File "<frozen importlib._bootstrap>", line 219, in _call_with_frames_removed
  File "/opt/airflow/dags/spark_to_elastic_dag.py", line 2, in <module>
    from airflow.providers.apache.spark.operators.spark_submit import SparkSubmitOperator
ModuleNotFoundError: No module named 'airflow.providers.apache'
[2025-12-24T14:19:24.854+0000] {processor.py:841} WARNING - No viable dags retrieved from /opt/airflow/dags/spark_to_elastic_dag.py
[2025-12-24T14:19:24.917+0000] {processor.py:179} INFO - Processing /opt/airflow/dags/spark_to_elastic_dag.py took 0.093 seconds
[2025-12-24T14:19:55.278+0000] {processor.py:157} INFO - Started process (PID=191) to work on /opt/airflow/dags/spark_to_elastic_dag.py
[2025-12-24T14:19:55.279+0000] {processor.py:829} INFO - Processing file /opt/airflow/dags/spark_to_elastic_dag.py for tasks to queue
[2025-12-24T14:19:55.280+0000] {logging_mixin.py:154} INFO - [2025-12-24T14:19:55.280+0000] {dagbag.py:536} INFO - Filling up the DagBag from /opt/airflow/dags/spark_to_elastic_dag.py
[2025-12-24T14:19:55.301+0000] {logging_mixin.py:154} INFO - [2025-12-24T14:19:55.296+0000] {dagbag.py:346} ERROR - Failed to import: /opt/airflow/dags/spark_to_elastic_dag.py
Traceback (most recent call last):
  File "/home/airflow/.local/lib/python3.8/site-packages/airflow/models/dagbag.py", line 342, in parse
    loader.exec_module(new_module)
  File "<frozen importlib._bootstrap_external>", line 843, in exec_module
  File "<frozen importlib._bootstrap>", line 219, in _call_with_frames_removed
  File "/opt/airflow/dags/spark_to_elastic_dag.py", line 2, in <module>
    from airflow.providers.apache.spark.operators.spark_submit import SparkSubmitOperator
ModuleNotFoundError: No module named 'airflow.providers.apache'
[2025-12-24T14:19:55.303+0000] {processor.py:841} WARNING - No viable dags retrieved from /opt/airflow/dags/spark_to_elastic_dag.py
[2025-12-24T14:19:55.334+0000] {processor.py:179} INFO - Processing /opt/airflow/dags/spark_to_elastic_dag.py took 0.062 seconds
[2025-12-24T15:02:42.549+0000] {processor.py:157} INFO - Started process (PID=170) to work on /opt/airflow/dags/spark_to_elastic_dag.py
[2025-12-24T15:02:42.551+0000] {processor.py:829} INFO - Processing file /opt/airflow/dags/spark_to_elastic_dag.py for tasks to queue
[2025-12-24T15:02:42.553+0000] {logging_mixin.py:154} INFO - [2025-12-24T15:02:42.552+0000] {dagbag.py:536} INFO - Filling up the DagBag from /opt/airflow/dags/spark_to_elastic_dag.py
[2025-12-24T15:02:42.588+0000] {logging_mixin.py:154} INFO - [2025-12-24T15:02:42.582+0000] {dagbag.py:346} ERROR - Failed to import: /opt/airflow/dags/spark_to_elastic_dag.py
Traceback (most recent call last):
  File "/home/airflow/.local/lib/python3.8/site-packages/airflow/models/dagbag.py", line 342, in parse
    loader.exec_module(new_module)
  File "<frozen importlib._bootstrap_external>", line 843, in exec_module
  File "<frozen importlib._bootstrap>", line 219, in _call_with_frames_removed
  File "/opt/airflow/dags/spark_to_elastic_dag.py", line 2, in <module>
    from airflow.providers.apache.spark.operators.spark_submit import SparkSubmitOperator
ModuleNotFoundError: No module named 'airflow.providers.apache'
[2025-12-24T15:02:42.591+0000] {processor.py:841} WARNING - No viable dags retrieved from /opt/airflow/dags/spark_to_elastic_dag.py
[2025-12-24T15:02:42.635+0000] {processor.py:179} INFO - Processing /opt/airflow/dags/spark_to_elastic_dag.py took 0.094 seconds
[2025-12-24T15:03:12.942+0000] {processor.py:157} INFO - Started process (PID=180) to work on /opt/airflow/dags/spark_to_elastic_dag.py
[2025-12-24T15:03:12.942+0000] {processor.py:829} INFO - Processing file /opt/airflow/dags/spark_to_elastic_dag.py for tasks to queue
[2025-12-24T15:03:12.943+0000] {logging_mixin.py:154} INFO - [2025-12-24T15:03:12.943+0000] {dagbag.py:536} INFO - Filling up the DagBag from /opt/airflow/dags/spark_to_elastic_dag.py
[2025-12-24T15:03:12.956+0000] {logging_mixin.py:154} INFO - [2025-12-24T15:03:12.953+0000] {dagbag.py:346} ERROR - Failed to import: /opt/airflow/dags/spark_to_elastic_dag.py
Traceback (most recent call last):
  File "/home/airflow/.local/lib/python3.8/site-packages/airflow/models/dagbag.py", line 342, in parse
    loader.exec_module(new_module)
  File "<frozen importlib._bootstrap_external>", line 843, in exec_module
  File "<frozen importlib._bootstrap>", line 219, in _call_with_frames_removed
  File "/opt/airflow/dags/spark_to_elastic_dag.py", line 2, in <module>
    from airflow.providers.apache.spark.operators.spark_submit import SparkSubmitOperator
ModuleNotFoundError: No module named 'airflow.providers.apache'
[2025-12-24T15:03:12.957+0000] {processor.py:841} WARNING - No viable dags retrieved from /opt/airflow/dags/spark_to_elastic_dag.py
[2025-12-24T15:03:12.986+0000] {processor.py:179} INFO - Processing /opt/airflow/dags/spark_to_elastic_dag.py took 0.047 seconds
[2025-12-24T15:03:43.378+0000] {processor.py:157} INFO - Started process (PID=190) to work on /opt/airflow/dags/spark_to_elastic_dag.py
[2025-12-24T15:03:43.379+0000] {processor.py:829} INFO - Processing file /opt/airflow/dags/spark_to_elastic_dag.py for tasks to queue
[2025-12-24T15:03:43.380+0000] {logging_mixin.py:154} INFO - [2025-12-24T15:03:43.380+0000] {dagbag.py:536} INFO - Filling up the DagBag from /opt/airflow/dags/spark_to_elastic_dag.py
[2025-12-24T15:03:43.396+0000] {logging_mixin.py:154} INFO - [2025-12-24T15:03:43.392+0000] {dagbag.py:346} ERROR - Failed to import: /opt/airflow/dags/spark_to_elastic_dag.py
Traceback (most recent call last):
  File "/home/airflow/.local/lib/python3.8/site-packages/airflow/models/dagbag.py", line 342, in parse
    loader.exec_module(new_module)
  File "<frozen importlib._bootstrap_external>", line 843, in exec_module
  File "<frozen importlib._bootstrap>", line 219, in _call_with_frames_removed
  File "/opt/airflow/dags/spark_to_elastic_dag.py", line 2, in <module>
    from airflow.providers.apache.spark.operators.spark_submit import SparkSubmitOperator
ModuleNotFoundError: No module named 'airflow.providers.apache'
[2025-12-24T15:03:43.398+0000] {processor.py:841} WARNING - No viable dags retrieved from /opt/airflow/dags/spark_to_elastic_dag.py
[2025-12-24T15:03:43.425+0000] {processor.py:179} INFO - Processing /opt/airflow/dags/spark_to_elastic_dag.py took 0.051 seconds
[2025-12-24T15:04:13.743+0000] {processor.py:157} INFO - Started process (PID=200) to work on /opt/airflow/dags/spark_to_elastic_dag.py
[2025-12-24T15:04:13.744+0000] {processor.py:829} INFO - Processing file /opt/airflow/dags/spark_to_elastic_dag.py for tasks to queue
[2025-12-24T15:04:13.745+0000] {logging_mixin.py:154} INFO - [2025-12-24T15:04:13.744+0000] {dagbag.py:536} INFO - Filling up the DagBag from /opt/airflow/dags/spark_to_elastic_dag.py
[2025-12-24T15:04:13.758+0000] {logging_mixin.py:154} INFO - [2025-12-24T15:04:13.755+0000] {dagbag.py:346} ERROR - Failed to import: /opt/airflow/dags/spark_to_elastic_dag.py
Traceback (most recent call last):
  File "/home/airflow/.local/lib/python3.8/site-packages/airflow/models/dagbag.py", line 342, in parse
    loader.exec_module(new_module)
  File "<frozen importlib._bootstrap_external>", line 843, in exec_module
  File "<frozen importlib._bootstrap>", line 219, in _call_with_frames_removed
  File "/opt/airflow/dags/spark_to_elastic_dag.py", line 2, in <module>
    from airflow.providers.apache.spark.operators.spark_submit import SparkSubmitOperator
ModuleNotFoundError: No module named 'airflow.providers.apache'
[2025-12-24T15:04:13.759+0000] {processor.py:841} WARNING - No viable dags retrieved from /opt/airflow/dags/spark_to_elastic_dag.py
[2025-12-24T15:04:13.784+0000] {processor.py:179} INFO - Processing /opt/airflow/dags/spark_to_elastic_dag.py took 0.045 seconds
[2025-12-24T15:04:44.166+0000] {processor.py:157} INFO - Started process (PID=210) to work on /opt/airflow/dags/spark_to_elastic_dag.py
[2025-12-24T15:04:44.167+0000] {processor.py:829} INFO - Processing file /opt/airflow/dags/spark_to_elastic_dag.py for tasks to queue
[2025-12-24T15:04:44.167+0000] {logging_mixin.py:154} INFO - [2025-12-24T15:04:44.167+0000] {dagbag.py:536} INFO - Filling up the DagBag from /opt/airflow/dags/spark_to_elastic_dag.py
[2025-12-24T15:04:44.179+0000] {logging_mixin.py:154} INFO - [2025-12-24T15:04:44.176+0000] {dagbag.py:346} ERROR - Failed to import: /opt/airflow/dags/spark_to_elastic_dag.py
Traceback (most recent call last):
  File "/home/airflow/.local/lib/python3.8/site-packages/airflow/models/dagbag.py", line 342, in parse
    loader.exec_module(new_module)
  File "<frozen importlib._bootstrap_external>", line 843, in exec_module
  File "<frozen importlib._bootstrap>", line 219, in _call_with_frames_removed
  File "/opt/airflow/dags/spark_to_elastic_dag.py", line 2, in <module>
    from airflow.providers.apache.spark.operators.spark_submit import SparkSubmitOperator
ModuleNotFoundError: No module named 'airflow.providers.apache'
[2025-12-24T15:04:44.180+0000] {processor.py:841} WARNING - No viable dags retrieved from /opt/airflow/dags/spark_to_elastic_dag.py
[2025-12-24T15:04:44.197+0000] {processor.py:179} INFO - Processing /opt/airflow/dags/spark_to_elastic_dag.py took 0.035 seconds
[2025-12-24T15:07:30.491+0000] {processor.py:157} INFO - Started process (PID=169) to work on /opt/airflow/dags/spark_to_elastic_dag.py
[2025-12-24T15:07:30.494+0000] {processor.py:829} INFO - Processing file /opt/airflow/dags/spark_to_elastic_dag.py for tasks to queue
[2025-12-24T15:07:30.497+0000] {logging_mixin.py:154} INFO - [2025-12-24T15:07:30.495+0000] {dagbag.py:536} INFO - Filling up the DagBag from /opt/airflow/dags/spark_to_elastic_dag.py
[2025-12-24T15:07:30.550+0000] {logging_mixin.py:154} INFO - [2025-12-24T15:07:30.534+0000] {dagbag.py:346} ERROR - Failed to import: /opt/airflow/dags/spark_to_elastic_dag.py
Traceback (most recent call last):
  File "/home/airflow/.local/lib/python3.8/site-packages/airflow/models/dagbag.py", line 342, in parse
    loader.exec_module(new_module)
  File "<frozen importlib._bootstrap_external>", line 843, in exec_module
  File "<frozen importlib._bootstrap>", line 219, in _call_with_frames_removed
  File "/opt/airflow/dags/spark_to_elastic_dag.py", line 2, in <module>
    from airflow.providers.apache.spark.operators.spark_submit import SparkSubmitOperator
ModuleNotFoundError: No module named 'airflow.providers.apache'
[2025-12-24T15:07:30.553+0000] {processor.py:841} WARNING - No viable dags retrieved from /opt/airflow/dags/spark_to_elastic_dag.py
[2025-12-24T15:07:30.606+0000] {processor.py:179} INFO - Processing /opt/airflow/dags/spark_to_elastic_dag.py took 0.123 seconds
[2025-12-24T15:08:00.963+0000] {processor.py:157} INFO - Started process (PID=179) to work on /opt/airflow/dags/spark_to_elastic_dag.py
[2025-12-24T15:08:00.964+0000] {processor.py:829} INFO - Processing file /opt/airflow/dags/spark_to_elastic_dag.py for tasks to queue
[2025-12-24T15:08:00.965+0000] {logging_mixin.py:154} INFO - [2025-12-24T15:08:00.964+0000] {dagbag.py:536} INFO - Filling up the DagBag from /opt/airflow/dags/spark_to_elastic_dag.py
[2025-12-24T15:08:00.982+0000] {logging_mixin.py:154} INFO - [2025-12-24T15:08:00.978+0000] {dagbag.py:346} ERROR - Failed to import: /opt/airflow/dags/spark_to_elastic_dag.py
Traceback (most recent call last):
  File "/home/airflow/.local/lib/python3.8/site-packages/airflow/models/dagbag.py", line 342, in parse
    loader.exec_module(new_module)
  File "<frozen importlib._bootstrap_external>", line 843, in exec_module
  File "<frozen importlib._bootstrap>", line 219, in _call_with_frames_removed
  File "/opt/airflow/dags/spark_to_elastic_dag.py", line 2, in <module>
    from airflow.providers.apache.spark.operators.spark_submit import SparkSubmitOperator
ModuleNotFoundError: No module named 'airflow.providers.apache'
[2025-12-24T15:08:00.984+0000] {processor.py:841} WARNING - No viable dags retrieved from /opt/airflow/dags/spark_to_elastic_dag.py
[2025-12-24T15:08:01.014+0000] {processor.py:179} INFO - Processing /opt/airflow/dags/spark_to_elastic_dag.py took 0.055 seconds
[2025-12-24T15:08:31.424+0000] {processor.py:157} INFO - Started process (PID=189) to work on /opt/airflow/dags/spark_to_elastic_dag.py
[2025-12-24T15:08:31.426+0000] {processor.py:829} INFO - Processing file /opt/airflow/dags/spark_to_elastic_dag.py for tasks to queue
[2025-12-24T15:08:31.427+0000] {logging_mixin.py:154} INFO - [2025-12-24T15:08:31.426+0000] {dagbag.py:536} INFO - Filling up the DagBag from /opt/airflow/dags/spark_to_elastic_dag.py
[2025-12-24T15:08:31.444+0000] {logging_mixin.py:154} INFO - [2025-12-24T15:08:31.441+0000] {dagbag.py:346} ERROR - Failed to import: /opt/airflow/dags/spark_to_elastic_dag.py
Traceback (most recent call last):
  File "/home/airflow/.local/lib/python3.8/site-packages/airflow/models/dagbag.py", line 342, in parse
    loader.exec_module(new_module)
  File "<frozen importlib._bootstrap_external>", line 843, in exec_module
  File "<frozen importlib._bootstrap>", line 219, in _call_with_frames_removed
  File "/opt/airflow/dags/spark_to_elastic_dag.py", line 2, in <module>
    from airflow.providers.apache.spark.operators.spark_submit import SparkSubmitOperator
ModuleNotFoundError: No module named 'airflow.providers.apache'
[2025-12-24T15:08:31.446+0000] {processor.py:841} WARNING - No viable dags retrieved from /opt/airflow/dags/spark_to_elastic_dag.py
[2025-12-24T15:08:31.468+0000] {processor.py:179} INFO - Processing /opt/airflow/dags/spark_to_elastic_dag.py took 0.049 seconds
[2025-12-24T15:09:01.829+0000] {processor.py:157} INFO - Started process (PID=199) to work on /opt/airflow/dags/spark_to_elastic_dag.py
[2025-12-24T15:09:01.830+0000] {processor.py:829} INFO - Processing file /opt/airflow/dags/spark_to_elastic_dag.py for tasks to queue
[2025-12-24T15:09:01.831+0000] {logging_mixin.py:154} INFO - [2025-12-24T15:09:01.830+0000] {dagbag.py:536} INFO - Filling up the DagBag from /opt/airflow/dags/spark_to_elastic_dag.py
[2025-12-24T15:09:01.843+0000] {logging_mixin.py:154} INFO - [2025-12-24T15:09:01.840+0000] {dagbag.py:346} ERROR - Failed to import: /opt/airflow/dags/spark_to_elastic_dag.py
Traceback (most recent call last):
  File "/home/airflow/.local/lib/python3.8/site-packages/airflow/models/dagbag.py", line 342, in parse
    loader.exec_module(new_module)
  File "<frozen importlib._bootstrap_external>", line 843, in exec_module
  File "<frozen importlib._bootstrap>", line 219, in _call_with_frames_removed
  File "/opt/airflow/dags/spark_to_elastic_dag.py", line 2, in <module>
    from airflow.providers.apache.spark.operators.spark_submit import SparkSubmitOperator
ModuleNotFoundError: No module named 'airflow.providers.apache'
[2025-12-24T15:09:01.843+0000] {processor.py:841} WARNING - No viable dags retrieved from /opt/airflow/dags/spark_to_elastic_dag.py
[2025-12-24T15:09:01.874+0000] {processor.py:179} INFO - Processing /opt/airflow/dags/spark_to_elastic_dag.py took 0.048 seconds
[2025-12-24T15:09:32.257+0000] {processor.py:157} INFO - Started process (PID=209) to work on /opt/airflow/dags/spark_to_elastic_dag.py
[2025-12-24T15:09:32.258+0000] {processor.py:829} INFO - Processing file /opt/airflow/dags/spark_to_elastic_dag.py for tasks to queue
[2025-12-24T15:09:32.258+0000] {logging_mixin.py:154} INFO - [2025-12-24T15:09:32.258+0000] {dagbag.py:536} INFO - Filling up the DagBag from /opt/airflow/dags/spark_to_elastic_dag.py
[2025-12-24T15:09:32.270+0000] {logging_mixin.py:154} INFO - [2025-12-24T15:09:32.268+0000] {dagbag.py:346} ERROR - Failed to import: /opt/airflow/dags/spark_to_elastic_dag.py
Traceback (most recent call last):
  File "/home/airflow/.local/lib/python3.8/site-packages/airflow/models/dagbag.py", line 342, in parse
    loader.exec_module(new_module)
  File "<frozen importlib._bootstrap_external>", line 843, in exec_module
  File "<frozen importlib._bootstrap>", line 219, in _call_with_frames_removed
  File "/opt/airflow/dags/spark_to_elastic_dag.py", line 2, in <module>
    from airflow.providers.apache.spark.operators.spark_submit import SparkSubmitOperator
ModuleNotFoundError: No module named 'airflow.providers.apache'
[2025-12-24T15:09:32.271+0000] {processor.py:841} WARNING - No viable dags retrieved from /opt/airflow/dags/spark_to_elastic_dag.py
[2025-12-24T15:09:32.293+0000] {processor.py:179} INFO - Processing /opt/airflow/dags/spark_to_elastic_dag.py took 0.039 seconds
[2025-12-24T15:10:02.607+0000] {processor.py:157} INFO - Started process (PID=219) to work on /opt/airflow/dags/spark_to_elastic_dag.py
[2025-12-24T15:10:02.608+0000] {processor.py:829} INFO - Processing file /opt/airflow/dags/spark_to_elastic_dag.py for tasks to queue
[2025-12-24T15:10:02.609+0000] {logging_mixin.py:154} INFO - [2025-12-24T15:10:02.609+0000] {dagbag.py:536} INFO - Filling up the DagBag from /opt/airflow/dags/spark_to_elastic_dag.py
[2025-12-24T15:10:02.635+0000] {logging_mixin.py:154} INFO - [2025-12-24T15:10:02.630+0000] {dagbag.py:346} ERROR - Failed to import: /opt/airflow/dags/spark_to_elastic_dag.py
Traceback (most recent call last):
  File "/home/airflow/.local/lib/python3.8/site-packages/airflow/models/dagbag.py", line 342, in parse
    loader.exec_module(new_module)
  File "<frozen importlib._bootstrap_external>", line 843, in exec_module
  File "<frozen importlib._bootstrap>", line 219, in _call_with_frames_removed
  File "/opt/airflow/dags/spark_to_elastic_dag.py", line 2, in <module>
    from airflow.providers.apache.spark.operators.spark_submit import SparkSubmitOperator
ModuleNotFoundError: No module named 'airflow.providers.apache'
[2025-12-24T15:10:02.637+0000] {processor.py:841} WARNING - No viable dags retrieved from /opt/airflow/dags/spark_to_elastic_dag.py
[2025-12-24T15:10:02.672+0000] {processor.py:179} INFO - Processing /opt/airflow/dags/spark_to_elastic_dag.py took 0.070 seconds
[2025-12-24T15:10:33.052+0000] {processor.py:157} INFO - Started process (PID=229) to work on /opt/airflow/dags/spark_to_elastic_dag.py
[2025-12-24T15:10:33.052+0000] {processor.py:829} INFO - Processing file /opt/airflow/dags/spark_to_elastic_dag.py for tasks to queue
[2025-12-24T15:10:33.053+0000] {logging_mixin.py:154} INFO - [2025-12-24T15:10:33.053+0000] {dagbag.py:536} INFO - Filling up the DagBag from /opt/airflow/dags/spark_to_elastic_dag.py
[2025-12-24T15:10:33.068+0000] {logging_mixin.py:154} INFO - [2025-12-24T15:10:33.065+0000] {dagbag.py:346} ERROR - Failed to import: /opt/airflow/dags/spark_to_elastic_dag.py
Traceback (most recent call last):
  File "/home/airflow/.local/lib/python3.8/site-packages/airflow/models/dagbag.py", line 342, in parse
    loader.exec_module(new_module)
  File "<frozen importlib._bootstrap_external>", line 843, in exec_module
  File "<frozen importlib._bootstrap>", line 219, in _call_with_frames_removed
  File "/opt/airflow/dags/spark_to_elastic_dag.py", line 2, in <module>
    from airflow.providers.apache.spark.operators.spark_submit import SparkSubmitOperator
ModuleNotFoundError: No module named 'airflow.providers.apache'
[2025-12-24T15:10:33.070+0000] {processor.py:841} WARNING - No viable dags retrieved from /opt/airflow/dags/spark_to_elastic_dag.py
[2025-12-24T15:10:33.090+0000] {processor.py:179} INFO - Processing /opt/airflow/dags/spark_to_elastic_dag.py took 0.041 seconds
[2025-12-24T15:11:03.422+0000] {processor.py:157} INFO - Started process (PID=239) to work on /opt/airflow/dags/spark_to_elastic_dag.py
[2025-12-24T15:11:03.423+0000] {processor.py:829} INFO - Processing file /opt/airflow/dags/spark_to_elastic_dag.py for tasks to queue
[2025-12-24T15:11:03.427+0000] {logging_mixin.py:154} INFO - [2025-12-24T15:11:03.425+0000] {dagbag.py:536} INFO - Filling up the DagBag from /opt/airflow/dags/spark_to_elastic_dag.py
[2025-12-24T15:11:03.454+0000] {logging_mixin.py:154} INFO - [2025-12-24T15:11:03.447+0000] {dagbag.py:346} ERROR - Failed to import: /opt/airflow/dags/spark_to_elastic_dag.py
Traceback (most recent call last):
  File "/home/airflow/.local/lib/python3.8/site-packages/airflow/models/dagbag.py", line 342, in parse
    loader.exec_module(new_module)
  File "<frozen importlib._bootstrap_external>", line 843, in exec_module
  File "<frozen importlib._bootstrap>", line 219, in _call_with_frames_removed
  File "/opt/airflow/dags/spark_to_elastic_dag.py", line 2, in <module>
    from airflow.providers.apache.spark.operators.spark_submit import SparkSubmitOperator
ModuleNotFoundError: No module named 'airflow.providers.apache'
[2025-12-24T15:11:03.456+0000] {processor.py:841} WARNING - No viable dags retrieved from /opt/airflow/dags/spark_to_elastic_dag.py
[2025-12-24T15:11:03.497+0000] {processor.py:179} INFO - Processing /opt/airflow/dags/spark_to_elastic_dag.py took 0.081 seconds
[2025-12-24T15:11:33.880+0000] {processor.py:157} INFO - Started process (PID=252) to work on /opt/airflow/dags/spark_to_elastic_dag.py
[2025-12-24T15:11:33.883+0000] {processor.py:829} INFO - Processing file /opt/airflow/dags/spark_to_elastic_dag.py for tasks to queue
[2025-12-24T15:11:33.888+0000] {logging_mixin.py:154} INFO - [2025-12-24T15:11:33.885+0000] {dagbag.py:536} INFO - Filling up the DagBag from /opt/airflow/dags/spark_to_elastic_dag.py
[2025-12-24T15:11:33.916+0000] {logging_mixin.py:154} INFO - [2025-12-24T15:11:33.910+0000] {dagbag.py:346} ERROR - Failed to import: /opt/airflow/dags/spark_to_elastic_dag.py
Traceback (most recent call last):
  File "/home/airflow/.local/lib/python3.8/site-packages/airflow/models/dagbag.py", line 342, in parse
    loader.exec_module(new_module)
  File "<frozen importlib._bootstrap_external>", line 843, in exec_module
  File "<frozen importlib._bootstrap>", line 219, in _call_with_frames_removed
  File "/opt/airflow/dags/spark_to_elastic_dag.py", line 2, in <module>
    from airflow.providers.apache.spark.operators.spark_submit import SparkSubmitOperator
ModuleNotFoundError: No module named 'airflow.providers.apache'
[2025-12-24T15:11:33.918+0000] {processor.py:841} WARNING - No viable dags retrieved from /opt/airflow/dags/spark_to_elastic_dag.py
[2025-12-24T15:11:33.958+0000] {processor.py:179} INFO - Processing /opt/airflow/dags/spark_to_elastic_dag.py took 0.092 seconds
[2025-12-24T15:12:04.253+0000] {processor.py:157} INFO - Started process (PID=262) to work on /opt/airflow/dags/spark_to_elastic_dag.py
[2025-12-24T15:12:04.254+0000] {processor.py:829} INFO - Processing file /opt/airflow/dags/spark_to_elastic_dag.py for tasks to queue
[2025-12-24T15:12:04.255+0000] {logging_mixin.py:154} INFO - [2025-12-24T15:12:04.255+0000] {dagbag.py:536} INFO - Filling up the DagBag from /opt/airflow/dags/spark_to_elastic_dag.py
[2025-12-24T15:12:04.270+0000] {logging_mixin.py:154} INFO - [2025-12-24T15:12:04.267+0000] {dagbag.py:346} ERROR - Failed to import: /opt/airflow/dags/spark_to_elastic_dag.py
Traceback (most recent call last):
  File "/home/airflow/.local/lib/python3.8/site-packages/airflow/models/dagbag.py", line 342, in parse
    loader.exec_module(new_module)
  File "<frozen importlib._bootstrap_external>", line 843, in exec_module
  File "<frozen importlib._bootstrap>", line 219, in _call_with_frames_removed
  File "/opt/airflow/dags/spark_to_elastic_dag.py", line 2, in <module>
    from airflow.providers.apache.spark.operators.spark_submit import SparkSubmitOperator
ModuleNotFoundError: No module named 'airflow.providers.apache'
[2025-12-24T15:12:04.272+0000] {processor.py:841} WARNING - No viable dags retrieved from /opt/airflow/dags/spark_to_elastic_dag.py
[2025-12-24T15:12:04.298+0000] {processor.py:179} INFO - Processing /opt/airflow/dags/spark_to_elastic_dag.py took 0.052 seconds
[2025-12-24T15:12:34.683+0000] {processor.py:157} INFO - Started process (PID=272) to work on /opt/airflow/dags/spark_to_elastic_dag.py
[2025-12-24T15:12:34.683+0000] {processor.py:829} INFO - Processing file /opt/airflow/dags/spark_to_elastic_dag.py for tasks to queue
[2025-12-24T15:12:34.685+0000] {logging_mixin.py:154} INFO - [2025-12-24T15:12:34.684+0000] {dagbag.py:536} INFO - Filling up the DagBag from /opt/airflow/dags/spark_to_elastic_dag.py
[2025-12-24T15:12:34.697+0000] {logging_mixin.py:154} INFO - [2025-12-24T15:12:34.694+0000] {dagbag.py:346} ERROR - Failed to import: /opt/airflow/dags/spark_to_elastic_dag.py
Traceback (most recent call last):
  File "/home/airflow/.local/lib/python3.8/site-packages/airflow/models/dagbag.py", line 342, in parse
    loader.exec_module(new_module)
  File "<frozen importlib._bootstrap_external>", line 843, in exec_module
  File "<frozen importlib._bootstrap>", line 219, in _call_with_frames_removed
  File "/opt/airflow/dags/spark_to_elastic_dag.py", line 2, in <module>
    from airflow.providers.apache.spark.operators.spark_submit import SparkSubmitOperator
ModuleNotFoundError: No module named 'airflow.providers.apache'
[2025-12-24T15:12:34.698+0000] {processor.py:841} WARNING - No viable dags retrieved from /opt/airflow/dags/spark_to_elastic_dag.py
[2025-12-24T15:12:34.718+0000] {processor.py:179} INFO - Processing /opt/airflow/dags/spark_to_elastic_dag.py took 0.040 seconds
[2025-12-24T15:13:05.103+0000] {processor.py:157} INFO - Started process (PID=282) to work on /opt/airflow/dags/spark_to_elastic_dag.py
[2025-12-24T15:13:05.104+0000] {processor.py:829} INFO - Processing file /opt/airflow/dags/spark_to_elastic_dag.py for tasks to queue
[2025-12-24T15:13:05.105+0000] {logging_mixin.py:154} INFO - [2025-12-24T15:13:05.105+0000] {dagbag.py:536} INFO - Filling up the DagBag from /opt/airflow/dags/spark_to_elastic_dag.py
[2025-12-24T15:13:05.118+0000] {logging_mixin.py:154} INFO - [2025-12-24T15:13:05.115+0000] {dagbag.py:346} ERROR - Failed to import: /opt/airflow/dags/spark_to_elastic_dag.py
Traceback (most recent call last):
  File "/home/airflow/.local/lib/python3.8/site-packages/airflow/models/dagbag.py", line 342, in parse
    loader.exec_module(new_module)
  File "<frozen importlib._bootstrap_external>", line 843, in exec_module
  File "<frozen importlib._bootstrap>", line 219, in _call_with_frames_removed
  File "/opt/airflow/dags/spark_to_elastic_dag.py", line 2, in <module>
    from airflow.providers.apache.spark.operators.spark_submit import SparkSubmitOperator
ModuleNotFoundError: No module named 'airflow.providers.apache'
[2025-12-24T15:13:05.119+0000] {processor.py:841} WARNING - No viable dags retrieved from /opt/airflow/dags/spark_to_elastic_dag.py
[2025-12-24T15:13:05.146+0000] {processor.py:179} INFO - Processing /opt/airflow/dags/spark_to_elastic_dag.py took 0.046 seconds
[2025-12-24T15:13:35.515+0000] {processor.py:157} INFO - Started process (PID=292) to work on /opt/airflow/dags/spark_to_elastic_dag.py
[2025-12-24T15:13:35.516+0000] {processor.py:829} INFO - Processing file /opt/airflow/dags/spark_to_elastic_dag.py for tasks to queue
[2025-12-24T15:13:35.517+0000] {logging_mixin.py:154} INFO - [2025-12-24T15:13:35.516+0000] {dagbag.py:536} INFO - Filling up the DagBag from /opt/airflow/dags/spark_to_elastic_dag.py
[2025-12-24T15:13:35.528+0000] {logging_mixin.py:154} INFO - [2025-12-24T15:13:35.526+0000] {dagbag.py:346} ERROR - Failed to import: /opt/airflow/dags/spark_to_elastic_dag.py
Traceback (most recent call last):
  File "/home/airflow/.local/lib/python3.8/site-packages/airflow/models/dagbag.py", line 342, in parse
    loader.exec_module(new_module)
  File "<frozen importlib._bootstrap_external>", line 843, in exec_module
  File "<frozen importlib._bootstrap>", line 219, in _call_with_frames_removed
  File "/opt/airflow/dags/spark_to_elastic_dag.py", line 2, in <module>
    from airflow.providers.apache.spark.operators.spark_submit import SparkSubmitOperator
ModuleNotFoundError: No module named 'airflow.providers.apache'
[2025-12-24T15:13:35.529+0000] {processor.py:841} WARNING - No viable dags retrieved from /opt/airflow/dags/spark_to_elastic_dag.py
[2025-12-24T15:13:35.556+0000] {processor.py:179} INFO - Processing /opt/airflow/dags/spark_to_elastic_dag.py took 0.044 seconds
[2025-12-24T15:14:05.901+0000] {processor.py:157} INFO - Started process (PID=302) to work on /opt/airflow/dags/spark_to_elastic_dag.py
[2025-12-24T15:14:05.902+0000] {processor.py:829} INFO - Processing file /opt/airflow/dags/spark_to_elastic_dag.py for tasks to queue
[2025-12-24T15:14:05.903+0000] {logging_mixin.py:154} INFO - [2025-12-24T15:14:05.902+0000] {dagbag.py:536} INFO - Filling up the DagBag from /opt/airflow/dags/spark_to_elastic_dag.py
[2025-12-24T15:14:05.918+0000] {logging_mixin.py:154} INFO - [2025-12-24T15:14:05.914+0000] {dagbag.py:346} ERROR - Failed to import: /opt/airflow/dags/spark_to_elastic_dag.py
Traceback (most recent call last):
  File "/home/airflow/.local/lib/python3.8/site-packages/airflow/models/dagbag.py", line 342, in parse
    loader.exec_module(new_module)
  File "<frozen importlib._bootstrap_external>", line 843, in exec_module
  File "<frozen importlib._bootstrap>", line 219, in _call_with_frames_removed
  File "/opt/airflow/dags/spark_to_elastic_dag.py", line 2, in <module>
    from airflow.providers.apache.spark.operators.spark_submit import SparkSubmitOperator
ModuleNotFoundError: No module named 'airflow.providers.apache'
[2025-12-24T15:14:05.919+0000] {processor.py:841} WARNING - No viable dags retrieved from /opt/airflow/dags/spark_to_elastic_dag.py
[2025-12-24T15:14:05.947+0000] {processor.py:179} INFO - Processing /opt/airflow/dags/spark_to_elastic_dag.py took 0.049 seconds
[2025-12-24T15:14:36.270+0000] {processor.py:157} INFO - Started process (PID=312) to work on /opt/airflow/dags/spark_to_elastic_dag.py
[2025-12-24T15:14:36.271+0000] {processor.py:829} INFO - Processing file /opt/airflow/dags/spark_to_elastic_dag.py for tasks to queue
[2025-12-24T15:14:36.273+0000] {logging_mixin.py:154} INFO - [2025-12-24T15:14:36.272+0000] {dagbag.py:536} INFO - Filling up the DagBag from /opt/airflow/dags/spark_to_elastic_dag.py
[2025-12-24T15:14:36.290+0000] {logging_mixin.py:154} INFO - [2025-12-24T15:14:36.285+0000] {dagbag.py:346} ERROR - Failed to import: /opt/airflow/dags/spark_to_elastic_dag.py
Traceback (most recent call last):
  File "/home/airflow/.local/lib/python3.8/site-packages/airflow/models/dagbag.py", line 342, in parse
    loader.exec_module(new_module)
  File "<frozen importlib._bootstrap_external>", line 843, in exec_module
  File "<frozen importlib._bootstrap>", line 219, in _call_with_frames_removed
  File "/opt/airflow/dags/spark_to_elastic_dag.py", line 2, in <module>
    from airflow.providers.apache.spark.operators.spark_submit import SparkSubmitOperator
ModuleNotFoundError: No module named 'airflow.providers.apache'
[2025-12-24T15:14:36.291+0000] {processor.py:841} WARNING - No viable dags retrieved from /opt/airflow/dags/spark_to_elastic_dag.py
[2025-12-24T15:14:36.352+0000] {processor.py:179} INFO - Processing /opt/airflow/dags/spark_to_elastic_dag.py took 0.086 seconds
[2025-12-24T15:14:50.186+0000] {processor.py:157} INFO - Started process (PID=170) to work on /opt/airflow/dags/spark_to_elastic_dag.py
[2025-12-24T15:14:50.187+0000] {processor.py:829} INFO - Processing file /opt/airflow/dags/spark_to_elastic_dag.py for tasks to queue
[2025-12-24T15:14:50.188+0000] {logging_mixin.py:154} INFO - [2025-12-24T15:14:50.188+0000] {dagbag.py:536} INFO - Filling up the DagBag from /opt/airflow/dags/spark_to_elastic_dag.py
[2025-12-24T15:14:50.215+0000] {logging_mixin.py:154} INFO - [2025-12-24T15:14:50.210+0000] {dagbag.py:346} ERROR - Failed to import: /opt/airflow/dags/spark_to_elastic_dag.py
Traceback (most recent call last):
  File "/home/airflow/.local/lib/python3.8/site-packages/airflow/models/dagbag.py", line 342, in parse
    loader.exec_module(new_module)
  File "<frozen importlib._bootstrap_external>", line 843, in exec_module
  File "<frozen importlib._bootstrap>", line 219, in _call_with_frames_removed
  File "/opt/airflow/dags/spark_to_elastic_dag.py", line 2, in <module>
    from airflow.providers.apache.spark.operators.spark_submit import SparkSubmitOperator
ModuleNotFoundError: No module named 'airflow.providers.apache'
[2025-12-24T15:14:50.216+0000] {processor.py:841} WARNING - No viable dags retrieved from /opt/airflow/dags/spark_to_elastic_dag.py
[2025-12-24T15:14:50.244+0000] {processor.py:179} INFO - Processing /opt/airflow/dags/spark_to_elastic_dag.py took 0.062 seconds
[2025-12-24T15:15:26.144+0000] {processor.py:157} INFO - Started process (PID=170) to work on /opt/airflow/dags/spark_to_elastic_dag.py
[2025-12-24T15:15:26.146+0000] {processor.py:829} INFO - Processing file /opt/airflow/dags/spark_to_elastic_dag.py for tasks to queue
[2025-12-24T15:15:26.148+0000] {logging_mixin.py:154} INFO - [2025-12-24T15:15:26.148+0000] {dagbag.py:536} INFO - Filling up the DagBag from /opt/airflow/dags/spark_to_elastic_dag.py
[2025-12-24T15:15:26.198+0000] {logging_mixin.py:154} INFO - [2025-12-24T15:15:26.184+0000] {dagbag.py:346} ERROR - Failed to import: /opt/airflow/dags/spark_to_elastic_dag.py
Traceback (most recent call last):
  File "/home/airflow/.local/lib/python3.8/site-packages/airflow/models/dagbag.py", line 342, in parse
    loader.exec_module(new_module)
  File "<frozen importlib._bootstrap_external>", line 843, in exec_module
  File "<frozen importlib._bootstrap>", line 219, in _call_with_frames_removed
  File "/opt/airflow/dags/spark_to_elastic_dag.py", line 2, in <module>
    from airflow.providers.apache.spark.operators.spark_submit import SparkSubmitOperator
ModuleNotFoundError: No module named 'airflow.providers.apache'
[2025-12-24T15:15:26.201+0000] {processor.py:841} WARNING - No viable dags retrieved from /opt/airflow/dags/spark_to_elastic_dag.py
[2025-12-24T15:15:26.229+0000] {processor.py:179} INFO - Processing /opt/airflow/dags/spark_to_elastic_dag.py took 0.092 seconds
[2025-12-24T15:15:56.578+0000] {processor.py:157} INFO - Started process (PID=180) to work on /opt/airflow/dags/spark_to_elastic_dag.py
[2025-12-24T15:15:56.579+0000] {processor.py:829} INFO - Processing file /opt/airflow/dags/spark_to_elastic_dag.py for tasks to queue
[2025-12-24T15:15:56.580+0000] {logging_mixin.py:154} INFO - [2025-12-24T15:15:56.579+0000] {dagbag.py:536} INFO - Filling up the DagBag from /opt/airflow/dags/spark_to_elastic_dag.py
[2025-12-24T15:15:56.596+0000] {logging_mixin.py:154} INFO - [2025-12-24T15:15:56.591+0000] {dagbag.py:346} ERROR - Failed to import: /opt/airflow/dags/spark_to_elastic_dag.py
Traceback (most recent call last):
  File "/home/airflow/.local/lib/python3.8/site-packages/airflow/models/dagbag.py", line 342, in parse
    loader.exec_module(new_module)
  File "<frozen importlib._bootstrap_external>", line 843, in exec_module
  File "<frozen importlib._bootstrap>", line 219, in _call_with_frames_removed
  File "/opt/airflow/dags/spark_to_elastic_dag.py", line 2, in <module>
    from airflow.providers.apache.spark.operators.spark_submit import SparkSubmitOperator
ModuleNotFoundError: No module named 'airflow.providers.apache'
[2025-12-24T15:15:56.597+0000] {processor.py:841} WARNING - No viable dags retrieved from /opt/airflow/dags/spark_to_elastic_dag.py
[2025-12-24T15:15:56.618+0000] {processor.py:179} INFO - Processing /opt/airflow/dags/spark_to_elastic_dag.py took 0.044 seconds
[2025-12-24T15:16:26.975+0000] {processor.py:157} INFO - Started process (PID=190) to work on /opt/airflow/dags/spark_to_elastic_dag.py
[2025-12-24T15:16:26.976+0000] {processor.py:829} INFO - Processing file /opt/airflow/dags/spark_to_elastic_dag.py for tasks to queue
[2025-12-24T15:16:26.976+0000] {logging_mixin.py:154} INFO - [2025-12-24T15:16:26.976+0000] {dagbag.py:536} INFO - Filling up the DagBag from /opt/airflow/dags/spark_to_elastic_dag.py
[2025-12-24T15:16:26.995+0000] {logging_mixin.py:154} INFO - [2025-12-24T15:16:26.986+0000] {dagbag.py:346} ERROR - Failed to import: /opt/airflow/dags/spark_to_elastic_dag.py
Traceback (most recent call last):
  File "/home/airflow/.local/lib/python3.8/site-packages/airflow/models/dagbag.py", line 342, in parse
    loader.exec_module(new_module)
  File "<frozen importlib._bootstrap_external>", line 843, in exec_module
  File "<frozen importlib._bootstrap>", line 219, in _call_with_frames_removed
  File "/opt/airflow/dags/spark_to_elastic_dag.py", line 2, in <module>
    from airflow.providers.apache.spark.operators.spark_submit import SparkSubmitOperator
ModuleNotFoundError: No module named 'airflow.providers.apache'
[2025-12-24T15:16:26.999+0000] {processor.py:841} WARNING - No viable dags retrieved from /opt/airflow/dags/spark_to_elastic_dag.py
[2025-12-24T15:16:27.027+0000] {processor.py:179} INFO - Processing /opt/airflow/dags/spark_to_elastic_dag.py took 0.055 seconds
[2025-12-24T15:16:57.410+0000] {processor.py:157} INFO - Started process (PID=200) to work on /opt/airflow/dags/spark_to_elastic_dag.py
[2025-12-24T15:16:57.411+0000] {processor.py:829} INFO - Processing file /opt/airflow/dags/spark_to_elastic_dag.py for tasks to queue
[2025-12-24T15:16:57.412+0000] {logging_mixin.py:154} INFO - [2025-12-24T15:16:57.412+0000] {dagbag.py:536} INFO - Filling up the DagBag from /opt/airflow/dags/spark_to_elastic_dag.py
[2025-12-24T15:16:57.427+0000] {logging_mixin.py:154} INFO - [2025-12-24T15:16:57.424+0000] {dagbag.py:346} ERROR - Failed to import: /opt/airflow/dags/spark_to_elastic_dag.py
Traceback (most recent call last):
  File "/home/airflow/.local/lib/python3.8/site-packages/airflow/models/dagbag.py", line 342, in parse
    loader.exec_module(new_module)
  File "<frozen importlib._bootstrap_external>", line 843, in exec_module
  File "<frozen importlib._bootstrap>", line 219, in _call_with_frames_removed
  File "/opt/airflow/dags/spark_to_elastic_dag.py", line 2, in <module>
    from airflow.providers.apache.spark.operators.spark_submit import SparkSubmitOperator
ModuleNotFoundError: No module named 'airflow.providers.apache'
[2025-12-24T15:16:57.429+0000] {processor.py:841} WARNING - No viable dags retrieved from /opt/airflow/dags/spark_to_elastic_dag.py
[2025-12-24T15:16:57.455+0000] {processor.py:179} INFO - Processing /opt/airflow/dags/spark_to_elastic_dag.py took 0.049 seconds
[2025-12-24T15:17:27.838+0000] {processor.py:157} INFO - Started process (PID=210) to work on /opt/airflow/dags/spark_to_elastic_dag.py
[2025-12-24T15:17:27.839+0000] {processor.py:829} INFO - Processing file /opt/airflow/dags/spark_to_elastic_dag.py for tasks to queue
[2025-12-24T15:17:27.840+0000] {logging_mixin.py:154} INFO - [2025-12-24T15:17:27.840+0000] {dagbag.py:536} INFO - Filling up the DagBag from /opt/airflow/dags/spark_to_elastic_dag.py
[2025-12-24T15:17:27.857+0000] {logging_mixin.py:154} INFO - [2025-12-24T15:17:27.853+0000] {dagbag.py:346} ERROR - Failed to import: /opt/airflow/dags/spark_to_elastic_dag.py
Traceback (most recent call last):
  File "/home/airflow/.local/lib/python3.8/site-packages/airflow/models/dagbag.py", line 342, in parse
    loader.exec_module(new_module)
  File "<frozen importlib._bootstrap_external>", line 843, in exec_module
  File "<frozen importlib._bootstrap>", line 219, in _call_with_frames_removed
  File "/opt/airflow/dags/spark_to_elastic_dag.py", line 2, in <module>
    from airflow.providers.apache.spark.operators.spark_submit import SparkSubmitOperator
ModuleNotFoundError: No module named 'airflow.providers.apache'
[2025-12-24T15:17:27.859+0000] {processor.py:841} WARNING - No viable dags retrieved from /opt/airflow/dags/spark_to_elastic_dag.py
[2025-12-24T15:17:27.885+0000] {processor.py:179} INFO - Processing /opt/airflow/dags/spark_to_elastic_dag.py took 0.051 seconds
[2025-12-24T15:17:58.276+0000] {processor.py:157} INFO - Started process (PID=220) to work on /opt/airflow/dags/spark_to_elastic_dag.py
[2025-12-24T15:17:58.277+0000] {processor.py:829} INFO - Processing file /opt/airflow/dags/spark_to_elastic_dag.py for tasks to queue
[2025-12-24T15:17:58.278+0000] {logging_mixin.py:154} INFO - [2025-12-24T15:17:58.278+0000] {dagbag.py:536} INFO - Filling up the DagBag from /opt/airflow/dags/spark_to_elastic_dag.py
[2025-12-24T15:17:58.299+0000] {logging_mixin.py:154} INFO - [2025-12-24T15:17:58.294+0000] {dagbag.py:346} ERROR - Failed to import: /opt/airflow/dags/spark_to_elastic_dag.py
Traceback (most recent call last):
  File "/home/airflow/.local/lib/python3.8/site-packages/airflow/models/dagbag.py", line 342, in parse
    loader.exec_module(new_module)
  File "<frozen importlib._bootstrap_external>", line 843, in exec_module
  File "<frozen importlib._bootstrap>", line 219, in _call_with_frames_removed
  File "/opt/airflow/dags/spark_to_elastic_dag.py", line 2, in <module>
    from airflow.providers.apache.spark.operators.spark_submit import SparkSubmitOperator
ModuleNotFoundError: No module named 'airflow.providers.apache'
[2025-12-24T15:17:58.300+0000] {processor.py:841} WARNING - No viable dags retrieved from /opt/airflow/dags/spark_to_elastic_dag.py
[2025-12-24T15:17:58.334+0000] {processor.py:179} INFO - Processing /opt/airflow/dags/spark_to_elastic_dag.py took 0.062 seconds
[2025-12-24T15:18:28.692+0000] {processor.py:157} INFO - Started process (PID=230) to work on /opt/airflow/dags/spark_to_elastic_dag.py
[2025-12-24T15:18:28.693+0000] {processor.py:829} INFO - Processing file /opt/airflow/dags/spark_to_elastic_dag.py for tasks to queue
[2025-12-24T15:18:28.694+0000] {logging_mixin.py:154} INFO - [2025-12-24T15:18:28.694+0000] {dagbag.py:536} INFO - Filling up the DagBag from /opt/airflow/dags/spark_to_elastic_dag.py
[2025-12-24T15:18:28.705+0000] {logging_mixin.py:154} INFO - [2025-12-24T15:18:28.703+0000] {dagbag.py:346} ERROR - Failed to import: /opt/airflow/dags/spark_to_elastic_dag.py
Traceback (most recent call last):
  File "/home/airflow/.local/lib/python3.8/site-packages/airflow/models/dagbag.py", line 342, in parse
    loader.exec_module(new_module)
  File "<frozen importlib._bootstrap_external>", line 843, in exec_module
  File "<frozen importlib._bootstrap>", line 219, in _call_with_frames_removed
  File "/opt/airflow/dags/spark_to_elastic_dag.py", line 2, in <module>
    from airflow.providers.apache.spark.operators.spark_submit import SparkSubmitOperator
ModuleNotFoundError: No module named 'airflow.providers.apache'
[2025-12-24T15:18:28.706+0000] {processor.py:841} WARNING - No viable dags retrieved from /opt/airflow/dags/spark_to_elastic_dag.py
[2025-12-24T15:18:28.728+0000] {processor.py:179} INFO - Processing /opt/airflow/dags/spark_to_elastic_dag.py took 0.038 seconds
[2025-12-24T15:18:59.087+0000] {processor.py:157} INFO - Started process (PID=240) to work on /opt/airflow/dags/spark_to_elastic_dag.py
[2025-12-24T15:18:59.088+0000] {processor.py:829} INFO - Processing file /opt/airflow/dags/spark_to_elastic_dag.py for tasks to queue
[2025-12-24T15:18:59.092+0000] {logging_mixin.py:154} INFO - [2025-12-24T15:18:59.091+0000] {dagbag.py:536} INFO - Filling up the DagBag from /opt/airflow/dags/spark_to_elastic_dag.py
[2025-12-24T15:18:59.110+0000] {logging_mixin.py:154} INFO - [2025-12-24T15:18:59.106+0000] {dagbag.py:346} ERROR - Failed to import: /opt/airflow/dags/spark_to_elastic_dag.py
Traceback (most recent call last):
  File "/home/airflow/.local/lib/python3.8/site-packages/airflow/models/dagbag.py", line 342, in parse
    loader.exec_module(new_module)
  File "<frozen importlib._bootstrap_external>", line 843, in exec_module
  File "<frozen importlib._bootstrap>", line 219, in _call_with_frames_removed
  File "/opt/airflow/dags/spark_to_elastic_dag.py", line 2, in <module>
    from airflow.providers.apache.spark.operators.spark_submit import SparkSubmitOperator
ModuleNotFoundError: No module named 'airflow.providers.apache'
[2025-12-24T15:18:59.111+0000] {processor.py:841} WARNING - No viable dags retrieved from /opt/airflow/dags/spark_to_elastic_dag.py
[2025-12-24T15:18:59.138+0000] {processor.py:179} INFO - Processing /opt/airflow/dags/spark_to_elastic_dag.py took 0.058 seconds
[2025-12-24T15:19:29.479+0000] {processor.py:157} INFO - Started process (PID=250) to work on /opt/airflow/dags/spark_to_elastic_dag.py
[2025-12-24T15:19:29.480+0000] {processor.py:829} INFO - Processing file /opt/airflow/dags/spark_to_elastic_dag.py for tasks to queue
[2025-12-24T15:19:29.481+0000] {logging_mixin.py:154} INFO - [2025-12-24T15:19:29.480+0000] {dagbag.py:536} INFO - Filling up the DagBag from /opt/airflow/dags/spark_to_elastic_dag.py
[2025-12-24T15:19:29.498+0000] {logging_mixin.py:154} INFO - [2025-12-24T15:19:29.494+0000] {dagbag.py:346} ERROR - Failed to import: /opt/airflow/dags/spark_to_elastic_dag.py
Traceback (most recent call last):
  File "/home/airflow/.local/lib/python3.8/site-packages/airflow/models/dagbag.py", line 342, in parse
    loader.exec_module(new_module)
  File "<frozen importlib._bootstrap_external>", line 843, in exec_module
  File "<frozen importlib._bootstrap>", line 219, in _call_with_frames_removed
  File "/opt/airflow/dags/spark_to_elastic_dag.py", line 2, in <module>
    from airflow.providers.apache.spark.operators.spark_submit import SparkSubmitOperator
ModuleNotFoundError: No module named 'airflow.providers.apache'
[2025-12-24T15:19:29.499+0000] {processor.py:841} WARNING - No viable dags retrieved from /opt/airflow/dags/spark_to_elastic_dag.py
[2025-12-24T15:19:29.527+0000] {processor.py:179} INFO - Processing /opt/airflow/dags/spark_to_elastic_dag.py took 0.052 seconds
[2025-12-24T15:19:59.944+0000] {processor.py:157} INFO - Started process (PID=260) to work on /opt/airflow/dags/spark_to_elastic_dag.py
[2025-12-24T15:19:59.945+0000] {processor.py:829} INFO - Processing file /opt/airflow/dags/spark_to_elastic_dag.py for tasks to queue
[2025-12-24T15:19:59.946+0000] {logging_mixin.py:154} INFO - [2025-12-24T15:19:59.946+0000] {dagbag.py:536} INFO - Filling up the DagBag from /opt/airflow/dags/spark_to_elastic_dag.py
[2025-12-24T15:19:59.959+0000] {logging_mixin.py:154} INFO - [2025-12-24T15:19:59.956+0000] {dagbag.py:346} ERROR - Failed to import: /opt/airflow/dags/spark_to_elastic_dag.py
Traceback (most recent call last):
  File "/home/airflow/.local/lib/python3.8/site-packages/airflow/models/dagbag.py", line 342, in parse
    loader.exec_module(new_module)
  File "<frozen importlib._bootstrap_external>", line 843, in exec_module
  File "<frozen importlib._bootstrap>", line 219, in _call_with_frames_removed
  File "/opt/airflow/dags/spark_to_elastic_dag.py", line 2, in <module>
    from airflow.providers.apache.spark.operators.spark_submit import SparkSubmitOperator
ModuleNotFoundError: No module named 'airflow.providers.apache'
[2025-12-24T15:19:59.960+0000] {processor.py:841} WARNING - No viable dags retrieved from /opt/airflow/dags/spark_to_elastic_dag.py
[2025-12-24T15:19:59.981+0000] {processor.py:179} INFO - Processing /opt/airflow/dags/spark_to_elastic_dag.py took 0.041 seconds
[2025-12-24T15:20:30.421+0000] {processor.py:157} INFO - Started process (PID=270) to work on /opt/airflow/dags/spark_to_elastic_dag.py
[2025-12-24T15:20:30.422+0000] {processor.py:829} INFO - Processing file /opt/airflow/dags/spark_to_elastic_dag.py for tasks to queue
[2025-12-24T15:20:30.423+0000] {logging_mixin.py:154} INFO - [2025-12-24T15:20:30.423+0000] {dagbag.py:536} INFO - Filling up the DagBag from /opt/airflow/dags/spark_to_elastic_dag.py
[2025-12-24T15:20:30.443+0000] {logging_mixin.py:154} INFO - [2025-12-24T15:20:30.439+0000] {dagbag.py:346} ERROR - Failed to import: /opt/airflow/dags/spark_to_elastic_dag.py
Traceback (most recent call last):
  File "/home/airflow/.local/lib/python3.8/site-packages/airflow/models/dagbag.py", line 342, in parse
    loader.exec_module(new_module)
  File "<frozen importlib._bootstrap_external>", line 843, in exec_module
  File "<frozen importlib._bootstrap>", line 219, in _call_with_frames_removed
  File "/opt/airflow/dags/spark_to_elastic_dag.py", line 2, in <module>
    from airflow.providers.apache.spark.operators.spark_submit import SparkSubmitOperator
ModuleNotFoundError: No module named 'airflow.providers.apache'
[2025-12-24T15:20:30.444+0000] {processor.py:841} WARNING - No viable dags retrieved from /opt/airflow/dags/spark_to_elastic_dag.py
[2025-12-24T15:20:30.473+0000] {processor.py:179} INFO - Processing /opt/airflow/dags/spark_to_elastic_dag.py took 0.055 seconds
[2025-12-24T15:21:00.789+0000] {processor.py:157} INFO - Started process (PID=280) to work on /opt/airflow/dags/spark_to_elastic_dag.py
[2025-12-24T15:21:00.790+0000] {processor.py:829} INFO - Processing file /opt/airflow/dags/spark_to_elastic_dag.py for tasks to queue
[2025-12-24T15:21:00.791+0000] {logging_mixin.py:154} INFO - [2025-12-24T15:21:00.791+0000] {dagbag.py:536} INFO - Filling up the DagBag from /opt/airflow/dags/spark_to_elastic_dag.py
[2025-12-24T15:21:00.810+0000] {logging_mixin.py:154} INFO - [2025-12-24T15:21:00.805+0000] {dagbag.py:346} ERROR - Failed to import: /opt/airflow/dags/spark_to_elastic_dag.py
Traceback (most recent call last):
  File "/home/airflow/.local/lib/python3.8/site-packages/airflow/models/dagbag.py", line 342, in parse
    loader.exec_module(new_module)
  File "<frozen importlib._bootstrap_external>", line 843, in exec_module
  File "<frozen importlib._bootstrap>", line 219, in _call_with_frames_removed
  File "/opt/airflow/dags/spark_to_elastic_dag.py", line 2, in <module>
    from airflow.providers.apache.spark.operators.spark_submit import SparkSubmitOperator
ModuleNotFoundError: No module named 'airflow.providers.apache'
[2025-12-24T15:21:00.812+0000] {processor.py:841} WARNING - No viable dags retrieved from /opt/airflow/dags/spark_to_elastic_dag.py
[2025-12-24T15:21:00.835+0000] {processor.py:179} INFO - Processing /opt/airflow/dags/spark_to_elastic_dag.py took 0.049 seconds
[2025-12-24T15:21:31.194+0000] {processor.py:157} INFO - Started process (PID=290) to work on /opt/airflow/dags/spark_to_elastic_dag.py
[2025-12-24T15:21:31.195+0000] {processor.py:829} INFO - Processing file /opt/airflow/dags/spark_to_elastic_dag.py for tasks to queue
[2025-12-24T15:21:31.197+0000] {logging_mixin.py:154} INFO - [2025-12-24T15:21:31.196+0000] {dagbag.py:536} INFO - Filling up the DagBag from /opt/airflow/dags/spark_to_elastic_dag.py
[2025-12-24T15:21:31.221+0000] {logging_mixin.py:154} INFO - [2025-12-24T15:21:31.217+0000] {dagbag.py:346} ERROR - Failed to import: /opt/airflow/dags/spark_to_elastic_dag.py
Traceback (most recent call last):
  File "/home/airflow/.local/lib/python3.8/site-packages/airflow/models/dagbag.py", line 342, in parse
    loader.exec_module(new_module)
  File "<frozen importlib._bootstrap_external>", line 843, in exec_module
  File "<frozen importlib._bootstrap>", line 219, in _call_with_frames_removed
  File "/opt/airflow/dags/spark_to_elastic_dag.py", line 2, in <module>
    from airflow.providers.apache.spark.operators.spark_submit import SparkSubmitOperator
ModuleNotFoundError: No module named 'airflow.providers.apache'
[2025-12-24T15:21:31.223+0000] {processor.py:841} WARNING - No viable dags retrieved from /opt/airflow/dags/spark_to_elastic_dag.py
[2025-12-24T15:21:31.260+0000] {processor.py:179} INFO - Processing /opt/airflow/dags/spark_to_elastic_dag.py took 0.071 seconds
[2025-12-24T15:22:01.634+0000] {processor.py:157} INFO - Started process (PID=300) to work on /opt/airflow/dags/spark_to_elastic_dag.py
[2025-12-24T15:22:01.635+0000] {processor.py:829} INFO - Processing file /opt/airflow/dags/spark_to_elastic_dag.py for tasks to queue
[2025-12-24T15:22:01.636+0000] {logging_mixin.py:154} INFO - [2025-12-24T15:22:01.636+0000] {dagbag.py:536} INFO - Filling up the DagBag from /opt/airflow/dags/spark_to_elastic_dag.py
[2025-12-24T15:22:01.651+0000] {logging_mixin.py:154} INFO - [2025-12-24T15:22:01.647+0000] {dagbag.py:346} ERROR - Failed to import: /opt/airflow/dags/spark_to_elastic_dag.py
Traceback (most recent call last):
  File "/home/airflow/.local/lib/python3.8/site-packages/airflow/models/dagbag.py", line 342, in parse
    loader.exec_module(new_module)
  File "<frozen importlib._bootstrap_external>", line 843, in exec_module
  File "<frozen importlib._bootstrap>", line 219, in _call_with_frames_removed
  File "/opt/airflow/dags/spark_to_elastic_dag.py", line 2, in <module>
    from airflow.providers.apache.spark.operators.spark_submit import SparkSubmitOperator
ModuleNotFoundError: No module named 'airflow.providers.apache'
[2025-12-24T15:22:01.652+0000] {processor.py:841} WARNING - No viable dags retrieved from /opt/airflow/dags/spark_to_elastic_dag.py
[2025-12-24T15:22:01.681+0000] {processor.py:179} INFO - Processing /opt/airflow/dags/spark_to_elastic_dag.py took 0.050 seconds
[2025-12-24T15:22:32.078+0000] {processor.py:157} INFO - Started process (PID=310) to work on /opt/airflow/dags/spark_to_elastic_dag.py
[2025-12-24T15:22:32.079+0000] {processor.py:829} INFO - Processing file /opt/airflow/dags/spark_to_elastic_dag.py for tasks to queue
[2025-12-24T15:22:32.080+0000] {logging_mixin.py:154} INFO - [2025-12-24T15:22:32.080+0000] {dagbag.py:536} INFO - Filling up the DagBag from /opt/airflow/dags/spark_to_elastic_dag.py
[2025-12-24T15:22:32.097+0000] {logging_mixin.py:154} INFO - [2025-12-24T15:22:32.093+0000] {dagbag.py:346} ERROR - Failed to import: /opt/airflow/dags/spark_to_elastic_dag.py
Traceback (most recent call last):
  File "/home/airflow/.local/lib/python3.8/site-packages/airflow/models/dagbag.py", line 342, in parse
    loader.exec_module(new_module)
  File "<frozen importlib._bootstrap_external>", line 843, in exec_module
  File "<frozen importlib._bootstrap>", line 219, in _call_with_frames_removed
  File "/opt/airflow/dags/spark_to_elastic_dag.py", line 2, in <module>
    from airflow.providers.apache.spark.operators.spark_submit import SparkSubmitOperator
ModuleNotFoundError: No module named 'airflow.providers.apache'
[2025-12-24T15:22:32.098+0000] {processor.py:841} WARNING - No viable dags retrieved from /opt/airflow/dags/spark_to_elastic_dag.py
[2025-12-24T15:22:32.119+0000] {processor.py:179} INFO - Processing /opt/airflow/dags/spark_to_elastic_dag.py took 0.044 seconds
[2025-12-24T15:23:02.522+0000] {processor.py:157} INFO - Started process (PID=320) to work on /opt/airflow/dags/spark_to_elastic_dag.py
[2025-12-24T15:23:02.522+0000] {processor.py:829} INFO - Processing file /opt/airflow/dags/spark_to_elastic_dag.py for tasks to queue
[2025-12-24T15:23:02.523+0000] {logging_mixin.py:154} INFO - [2025-12-24T15:23:02.523+0000] {dagbag.py:536} INFO - Filling up the DagBag from /opt/airflow/dags/spark_to_elastic_dag.py
[2025-12-24T15:23:02.535+0000] {logging_mixin.py:154} INFO - [2025-12-24T15:23:02.532+0000] {dagbag.py:346} ERROR - Failed to import: /opt/airflow/dags/spark_to_elastic_dag.py
Traceback (most recent call last):
  File "/home/airflow/.local/lib/python3.8/site-packages/airflow/models/dagbag.py", line 342, in parse
    loader.exec_module(new_module)
  File "<frozen importlib._bootstrap_external>", line 843, in exec_module
  File "<frozen importlib._bootstrap>", line 219, in _call_with_frames_removed
  File "/opt/airflow/dags/spark_to_elastic_dag.py", line 2, in <module>
    from airflow.providers.apache.spark.operators.spark_submit import SparkSubmitOperator
ModuleNotFoundError: No module named 'airflow.providers.apache'
[2025-12-24T15:23:02.536+0000] {processor.py:841} WARNING - No viable dags retrieved from /opt/airflow/dags/spark_to_elastic_dag.py
[2025-12-24T15:23:02.565+0000] {processor.py:179} INFO - Processing /opt/airflow/dags/spark_to_elastic_dag.py took 0.046 seconds
[2025-12-24T15:23:32.948+0000] {processor.py:157} INFO - Started process (PID=330) to work on /opt/airflow/dags/spark_to_elastic_dag.py
[2025-12-24T15:23:32.949+0000] {processor.py:829} INFO - Processing file /opt/airflow/dags/spark_to_elastic_dag.py for tasks to queue
[2025-12-24T15:23:32.950+0000] {logging_mixin.py:154} INFO - [2025-12-24T15:23:32.949+0000] {dagbag.py:536} INFO - Filling up the DagBag from /opt/airflow/dags/spark_to_elastic_dag.py
[2025-12-24T15:23:32.961+0000] {logging_mixin.py:154} INFO - [2025-12-24T15:23:32.958+0000] {dagbag.py:346} ERROR - Failed to import: /opt/airflow/dags/spark_to_elastic_dag.py
Traceback (most recent call last):
  File "/home/airflow/.local/lib/python3.8/site-packages/airflow/models/dagbag.py", line 342, in parse
    loader.exec_module(new_module)
  File "<frozen importlib._bootstrap_external>", line 843, in exec_module
  File "<frozen importlib._bootstrap>", line 219, in _call_with_frames_removed
  File "/opt/airflow/dags/spark_to_elastic_dag.py", line 2, in <module>
    from airflow.providers.apache.spark.operators.spark_submit import SparkSubmitOperator
ModuleNotFoundError: No module named 'airflow.providers.apache'
[2025-12-24T15:23:32.962+0000] {processor.py:841} WARNING - No viable dags retrieved from /opt/airflow/dags/spark_to_elastic_dag.py
[2025-12-24T15:23:32.989+0000] {processor.py:179} INFO - Processing /opt/airflow/dags/spark_to_elastic_dag.py took 0.045 seconds
[2025-12-24T15:24:03.356+0000] {processor.py:157} INFO - Started process (PID=340) to work on /opt/airflow/dags/spark_to_elastic_dag.py
[2025-12-24T15:24:03.356+0000] {processor.py:829} INFO - Processing file /opt/airflow/dags/spark_to_elastic_dag.py for tasks to queue
[2025-12-24T15:24:03.357+0000] {logging_mixin.py:154} INFO - [2025-12-24T15:24:03.357+0000] {dagbag.py:536} INFO - Filling up the DagBag from /opt/airflow/dags/spark_to_elastic_dag.py
[2025-12-24T15:24:03.368+0000] {logging_mixin.py:154} INFO - [2025-12-24T15:24:03.365+0000] {dagbag.py:346} ERROR - Failed to import: /opt/airflow/dags/spark_to_elastic_dag.py
Traceback (most recent call last):
  File "/home/airflow/.local/lib/python3.8/site-packages/airflow/models/dagbag.py", line 342, in parse
    loader.exec_module(new_module)
  File "<frozen importlib._bootstrap_external>", line 843, in exec_module
  File "<frozen importlib._bootstrap>", line 219, in _call_with_frames_removed
  File "/opt/airflow/dags/spark_to_elastic_dag.py", line 2, in <module>
    from airflow.providers.apache.spark.operators.spark_submit import SparkSubmitOperator
ModuleNotFoundError: No module named 'airflow.providers.apache'
[2025-12-24T15:24:03.369+0000] {processor.py:841} WARNING - No viable dags retrieved from /opt/airflow/dags/spark_to_elastic_dag.py
[2025-12-24T15:24:03.389+0000] {processor.py:179} INFO - Processing /opt/airflow/dags/spark_to_elastic_dag.py took 0.036 seconds
[2025-12-24T15:24:33.732+0000] {processor.py:157} INFO - Started process (PID=350) to work on /opt/airflow/dags/spark_to_elastic_dag.py
[2025-12-24T15:24:33.733+0000] {processor.py:829} INFO - Processing file /opt/airflow/dags/spark_to_elastic_dag.py for tasks to queue
[2025-12-24T15:24:33.734+0000] {logging_mixin.py:154} INFO - [2025-12-24T15:24:33.733+0000] {dagbag.py:536} INFO - Filling up the DagBag from /opt/airflow/dags/spark_to_elastic_dag.py
[2025-12-24T15:24:33.748+0000] {logging_mixin.py:154} INFO - [2025-12-24T15:24:33.745+0000] {dagbag.py:346} ERROR - Failed to import: /opt/airflow/dags/spark_to_elastic_dag.py
Traceback (most recent call last):
  File "/home/airflow/.local/lib/python3.8/site-packages/airflow/models/dagbag.py", line 342, in parse
    loader.exec_module(new_module)
  File "<frozen importlib._bootstrap_external>", line 843, in exec_module
  File "<frozen importlib._bootstrap>", line 219, in _call_with_frames_removed
  File "/opt/airflow/dags/spark_to_elastic_dag.py", line 2, in <module>
    from airflow.providers.apache.spark.operators.spark_submit import SparkSubmitOperator
ModuleNotFoundError: No module named 'airflow.providers.apache'
[2025-12-24T15:24:33.749+0000] {processor.py:841} WARNING - No viable dags retrieved from /opt/airflow/dags/spark_to_elastic_dag.py
[2025-12-24T15:24:33.771+0000] {processor.py:179} INFO - Processing /opt/airflow/dags/spark_to_elastic_dag.py took 0.044 seconds
[2025-12-24T15:25:04.167+0000] {processor.py:157} INFO - Started process (PID=360) to work on /opt/airflow/dags/spark_to_elastic_dag.py
[2025-12-24T15:25:04.169+0000] {processor.py:829} INFO - Processing file /opt/airflow/dags/spark_to_elastic_dag.py for tasks to queue
[2025-12-24T15:25:04.170+0000] {logging_mixin.py:154} INFO - [2025-12-24T15:25:04.170+0000] {dagbag.py:536} INFO - Filling up the DagBag from /opt/airflow/dags/spark_to_elastic_dag.py
[2025-12-24T15:25:04.184+0000] {logging_mixin.py:154} INFO - [2025-12-24T15:25:04.180+0000] {dagbag.py:346} ERROR - Failed to import: /opt/airflow/dags/spark_to_elastic_dag.py
Traceback (most recent call last):
  File "/home/airflow/.local/lib/python3.8/site-packages/airflow/models/dagbag.py", line 342, in parse
    loader.exec_module(new_module)
  File "<frozen importlib._bootstrap_external>", line 843, in exec_module
  File "<frozen importlib._bootstrap>", line 219, in _call_with_frames_removed
  File "/opt/airflow/dags/spark_to_elastic_dag.py", line 2, in <module>
    from airflow.providers.apache.spark.operators.spark_submit import SparkSubmitOperator
ModuleNotFoundError: No module named 'airflow.providers.apache'
[2025-12-24T15:25:04.185+0000] {processor.py:841} WARNING - No viable dags retrieved from /opt/airflow/dags/spark_to_elastic_dag.py
[2025-12-24T15:25:04.215+0000] {processor.py:179} INFO - Processing /opt/airflow/dags/spark_to_elastic_dag.py took 0.054 seconds
[2025-12-24T15:25:34.667+0000] {processor.py:157} INFO - Started process (PID=375) to work on /opt/airflow/dags/spark_to_elastic_dag.py
[2025-12-24T15:25:34.668+0000] {processor.py:829} INFO - Processing file /opt/airflow/dags/spark_to_elastic_dag.py for tasks to queue
[2025-12-24T15:25:34.669+0000] {logging_mixin.py:154} INFO - [2025-12-24T15:25:34.669+0000] {dagbag.py:536} INFO - Filling up the DagBag from /opt/airflow/dags/spark_to_elastic_dag.py
[2025-12-24T15:25:34.683+0000] {logging_mixin.py:154} INFO - [2025-12-24T15:25:34.681+0000] {dagbag.py:346} ERROR - Failed to import: /opt/airflow/dags/spark_to_elastic_dag.py
Traceback (most recent call last):
  File "/home/airflow/.local/lib/python3.8/site-packages/airflow/models/dagbag.py", line 342, in parse
    loader.exec_module(new_module)
  File "<frozen importlib._bootstrap_external>", line 843, in exec_module
  File "<frozen importlib._bootstrap>", line 219, in _call_with_frames_removed
  File "/opt/airflow/dags/spark_to_elastic_dag.py", line 2, in <module>
    from airflow.providers.apache.spark.operators.spark_submit import SparkSubmitOperator
ModuleNotFoundError: No module named 'airflow.providers.apache'
[2025-12-24T15:25:34.685+0000] {processor.py:841} WARNING - No viable dags retrieved from /opt/airflow/dags/spark_to_elastic_dag.py
[2025-12-24T15:25:34.707+0000] {processor.py:179} INFO - Processing /opt/airflow/dags/spark_to_elastic_dag.py took 0.043 seconds
[2025-12-24T15:26:05.193+0000] {processor.py:157} INFO - Started process (PID=390) to work on /opt/airflow/dags/spark_to_elastic_dag.py
[2025-12-24T15:26:05.195+0000] {processor.py:829} INFO - Processing file /opt/airflow/dags/spark_to_elastic_dag.py for tasks to queue
[2025-12-24T15:26:05.197+0000] {logging_mixin.py:154} INFO - [2025-12-24T15:26:05.196+0000] {dagbag.py:536} INFO - Filling up the DagBag from /opt/airflow/dags/spark_to_elastic_dag.py
[2025-12-24T15:26:05.217+0000] {logging_mixin.py:154} INFO - [2025-12-24T15:26:05.213+0000] {dagbag.py:346} ERROR - Failed to import: /opt/airflow/dags/spark_to_elastic_dag.py
Traceback (most recent call last):
  File "/home/airflow/.local/lib/python3.8/site-packages/airflow/models/dagbag.py", line 342, in parse
    loader.exec_module(new_module)
  File "<frozen importlib._bootstrap_external>", line 843, in exec_module
  File "<frozen importlib._bootstrap>", line 219, in _call_with_frames_removed
  File "/opt/airflow/dags/spark_to_elastic_dag.py", line 2, in <module>
    from airflow.providers.apache.spark.operators.spark_submit import SparkSubmitOperator
ModuleNotFoundError: No module named 'airflow.providers.apache'
[2025-12-24T15:26:05.220+0000] {processor.py:841} WARNING - No viable dags retrieved from /opt/airflow/dags/spark_to_elastic_dag.py
[2025-12-24T15:26:05.263+0000] {processor.py:179} INFO - Processing /opt/airflow/dags/spark_to_elastic_dag.py took 0.075 seconds
[2025-12-24T15:26:35.748+0000] {processor.py:157} INFO - Started process (PID=405) to work on /opt/airflow/dags/spark_to_elastic_dag.py
[2025-12-24T15:26:35.749+0000] {processor.py:829} INFO - Processing file /opt/airflow/dags/spark_to_elastic_dag.py for tasks to queue
[2025-12-24T15:26:35.750+0000] {logging_mixin.py:154} INFO - [2025-12-24T15:26:35.750+0000] {dagbag.py:536} INFO - Filling up the DagBag from /opt/airflow/dags/spark_to_elastic_dag.py
[2025-12-24T15:26:35.762+0000] {logging_mixin.py:154} INFO - [2025-12-24T15:26:35.760+0000] {dagbag.py:346} ERROR - Failed to import: /opt/airflow/dags/spark_to_elastic_dag.py
Traceback (most recent call last):
  File "/home/airflow/.local/lib/python3.8/site-packages/airflow/models/dagbag.py", line 342, in parse
    loader.exec_module(new_module)
  File "<frozen importlib._bootstrap_external>", line 843, in exec_module
  File "<frozen importlib._bootstrap>", line 219, in _call_with_frames_removed
  File "/opt/airflow/dags/spark_to_elastic_dag.py", line 2, in <module>
    from airflow.providers.apache.spark.operators.spark_submit import SparkSubmitOperator
ModuleNotFoundError: No module named 'airflow.providers.apache'
[2025-12-24T15:26:35.764+0000] {processor.py:841} WARNING - No viable dags retrieved from /opt/airflow/dags/spark_to_elastic_dag.py
[2025-12-24T15:26:35.792+0000] {processor.py:179} INFO - Processing /opt/airflow/dags/spark_to_elastic_dag.py took 0.047 seconds
[2025-12-24T15:27:06.246+0000] {processor.py:157} INFO - Started process (PID=420) to work on /opt/airflow/dags/spark_to_elastic_dag.py
[2025-12-24T15:27:06.246+0000] {processor.py:829} INFO - Processing file /opt/airflow/dags/spark_to_elastic_dag.py for tasks to queue
[2025-12-24T15:27:06.247+0000] {logging_mixin.py:154} INFO - [2025-12-24T15:27:06.247+0000] {dagbag.py:536} INFO - Filling up the DagBag from /opt/airflow/dags/spark_to_elastic_dag.py
[2025-12-24T15:27:06.258+0000] {logging_mixin.py:154} INFO - [2025-12-24T15:27:06.255+0000] {dagbag.py:346} ERROR - Failed to import: /opt/airflow/dags/spark_to_elastic_dag.py
Traceback (most recent call last):
  File "/home/airflow/.local/lib/python3.8/site-packages/airflow/models/dagbag.py", line 342, in parse
    loader.exec_module(new_module)
  File "<frozen importlib._bootstrap_external>", line 843, in exec_module
  File "<frozen importlib._bootstrap>", line 219, in _call_with_frames_removed
  File "/opt/airflow/dags/spark_to_elastic_dag.py", line 2, in <module>
    from airflow.providers.apache.spark.operators.spark_submit import SparkSubmitOperator
ModuleNotFoundError: No module named 'airflow.providers.apache'
[2025-12-24T15:27:06.260+0000] {processor.py:841} WARNING - No viable dags retrieved from /opt/airflow/dags/spark_to_elastic_dag.py
[2025-12-24T15:27:06.279+0000] {processor.py:179} INFO - Processing /opt/airflow/dags/spark_to_elastic_dag.py took 0.037 seconds
[2025-12-24T15:27:36.752+0000] {processor.py:157} INFO - Started process (PID=461) to work on /opt/airflow/dags/spark_to_elastic_dag.py
[2025-12-24T15:27:36.752+0000] {processor.py:829} INFO - Processing file /opt/airflow/dags/spark_to_elastic_dag.py for tasks to queue
[2025-12-24T15:27:36.753+0000] {logging_mixin.py:154} INFO - [2025-12-24T15:27:36.753+0000] {dagbag.py:536} INFO - Filling up the DagBag from /opt/airflow/dags/spark_to_elastic_dag.py
[2025-12-24T15:27:36.766+0000] {logging_mixin.py:154} INFO - [2025-12-24T15:27:36.763+0000] {dagbag.py:346} ERROR - Failed to import: /opt/airflow/dags/spark_to_elastic_dag.py
Traceback (most recent call last):
  File "/home/airflow/.local/lib/python3.8/site-packages/airflow/models/dagbag.py", line 342, in parse
    loader.exec_module(new_module)
  File "<frozen importlib._bootstrap_external>", line 843, in exec_module
  File "<frozen importlib._bootstrap>", line 219, in _call_with_frames_removed
  File "/opt/airflow/dags/spark_to_elastic_dag.py", line 2, in <module>
    from airflow.providers.apache.spark.operators.spark_submit import SparkSubmitOperator
ModuleNotFoundError: No module named 'airflow.providers.apache'
[2025-12-24T15:27:36.767+0000] {processor.py:841} WARNING - No viable dags retrieved from /opt/airflow/dags/spark_to_elastic_dag.py
[2025-12-24T15:27:36.786+0000] {processor.py:179} INFO - Processing /opt/airflow/dags/spark_to_elastic_dag.py took 0.037 seconds
[2025-12-24T15:28:07.261+0000] {processor.py:157} INFO - Started process (PID=476) to work on /opt/airflow/dags/spark_to_elastic_dag.py
[2025-12-24T15:28:07.262+0000] {processor.py:829} INFO - Processing file /opt/airflow/dags/spark_to_elastic_dag.py for tasks to queue
[2025-12-24T15:28:07.263+0000] {logging_mixin.py:154} INFO - [2025-12-24T15:28:07.263+0000] {dagbag.py:536} INFO - Filling up the DagBag from /opt/airflow/dags/spark_to_elastic_dag.py
[2025-12-24T15:28:07.276+0000] {logging_mixin.py:154} INFO - [2025-12-24T15:28:07.273+0000] {dagbag.py:346} ERROR - Failed to import: /opt/airflow/dags/spark_to_elastic_dag.py
Traceback (most recent call last):
  File "/home/airflow/.local/lib/python3.8/site-packages/airflow/models/dagbag.py", line 342, in parse
    loader.exec_module(new_module)
  File "<frozen importlib._bootstrap_external>", line 843, in exec_module
  File "<frozen importlib._bootstrap>", line 219, in _call_with_frames_removed
  File "/opt/airflow/dags/spark_to_elastic_dag.py", line 2, in <module>
    from airflow.providers.apache.spark.operators.spark_submit import SparkSubmitOperator
ModuleNotFoundError: No module named 'airflow.providers.apache'
[2025-12-24T15:28:07.277+0000] {processor.py:841} WARNING - No viable dags retrieved from /opt/airflow/dags/spark_to_elastic_dag.py
[2025-12-24T15:28:07.296+0000] {processor.py:179} INFO - Processing /opt/airflow/dags/spark_to_elastic_dag.py took 0.039 seconds
[2025-12-24T15:28:37.730+0000] {processor.py:157} INFO - Started process (PID=491) to work on /opt/airflow/dags/spark_to_elastic_dag.py
[2025-12-24T15:28:37.731+0000] {processor.py:829} INFO - Processing file /opt/airflow/dags/spark_to_elastic_dag.py for tasks to queue
[2025-12-24T15:28:37.732+0000] {logging_mixin.py:154} INFO - [2025-12-24T15:28:37.732+0000] {dagbag.py:536} INFO - Filling up the DagBag from /opt/airflow/dags/spark_to_elastic_dag.py
[2025-12-24T15:28:37.746+0000] {logging_mixin.py:154} INFO - [2025-12-24T15:28:37.742+0000] {dagbag.py:346} ERROR - Failed to import: /opt/airflow/dags/spark_to_elastic_dag.py
Traceback (most recent call last):
  File "/home/airflow/.local/lib/python3.8/site-packages/airflow/models/dagbag.py", line 342, in parse
    loader.exec_module(new_module)
  File "<frozen importlib._bootstrap_external>", line 843, in exec_module
  File "<frozen importlib._bootstrap>", line 219, in _call_with_frames_removed
  File "/opt/airflow/dags/spark_to_elastic_dag.py", line 2, in <module>
    from airflow.providers.apache.spark.operators.spark_submit import SparkSubmitOperator
ModuleNotFoundError: No module named 'airflow.providers.apache'
[2025-12-24T15:28:37.747+0000] {processor.py:841} WARNING - No viable dags retrieved from /opt/airflow/dags/spark_to_elastic_dag.py
[2025-12-24T15:28:37.772+0000] {processor.py:179} INFO - Processing /opt/airflow/dags/spark_to_elastic_dag.py took 0.045 seconds
[2025-12-24T15:29:08.304+0000] {processor.py:157} INFO - Started process (PID=506) to work on /opt/airflow/dags/spark_to_elastic_dag.py
[2025-12-24T15:29:08.305+0000] {processor.py:829} INFO - Processing file /opt/airflow/dags/spark_to_elastic_dag.py for tasks to queue
[2025-12-24T15:29:08.306+0000] {logging_mixin.py:154} INFO - [2025-12-24T15:29:08.305+0000] {dagbag.py:536} INFO - Filling up the DagBag from /opt/airflow/dags/spark_to_elastic_dag.py
[2025-12-24T15:29:08.325+0000] {logging_mixin.py:154} INFO - [2025-12-24T15:29:08.321+0000] {dagbag.py:346} ERROR - Failed to import: /opt/airflow/dags/spark_to_elastic_dag.py
Traceback (most recent call last):
  File "/home/airflow/.local/lib/python3.8/site-packages/airflow/models/dagbag.py", line 342, in parse
    loader.exec_module(new_module)
  File "<frozen importlib._bootstrap_external>", line 843, in exec_module
  File "<frozen importlib._bootstrap>", line 219, in _call_with_frames_removed
  File "/opt/airflow/dags/spark_to_elastic_dag.py", line 2, in <module>
    from airflow.providers.apache.spark.operators.spark_submit import SparkSubmitOperator
ModuleNotFoundError: No module named 'airflow.providers.apache'
[2025-12-24T15:29:08.327+0000] {processor.py:841} WARNING - No viable dags retrieved from /opt/airflow/dags/spark_to_elastic_dag.py
[2025-12-24T15:29:08.346+0000] {processor.py:179} INFO - Processing /opt/airflow/dags/spark_to_elastic_dag.py took 0.046 seconds
[2025-12-24T15:29:38.819+0000] {processor.py:157} INFO - Started process (PID=521) to work on /opt/airflow/dags/spark_to_elastic_dag.py
[2025-12-24T15:29:38.821+0000] {processor.py:829} INFO - Processing file /opt/airflow/dags/spark_to_elastic_dag.py for tasks to queue
[2025-12-24T15:29:38.822+0000] {logging_mixin.py:154} INFO - [2025-12-24T15:29:38.821+0000] {dagbag.py:536} INFO - Filling up the DagBag from /opt/airflow/dags/spark_to_elastic_dag.py
[2025-12-24T15:29:38.850+0000] {logging_mixin.py:154} INFO - [2025-12-24T15:29:38.846+0000] {dagbag.py:346} ERROR - Failed to import: /opt/airflow/dags/spark_to_elastic_dag.py
Traceback (most recent call last):
  File "/home/airflow/.local/lib/python3.8/site-packages/airflow/models/dagbag.py", line 342, in parse
    loader.exec_module(new_module)
  File "<frozen importlib._bootstrap_external>", line 843, in exec_module
  File "<frozen importlib._bootstrap>", line 219, in _call_with_frames_removed
  File "/opt/airflow/dags/spark_to_elastic_dag.py", line 2, in <module>
    from airflow.providers.apache.spark.operators.spark_submit import SparkSubmitOperator
ModuleNotFoundError: No module named 'airflow.providers.apache'
[2025-12-24T15:29:38.851+0000] {processor.py:841} WARNING - No viable dags retrieved from /opt/airflow/dags/spark_to_elastic_dag.py
[2025-12-24T15:29:38.874+0000] {processor.py:179} INFO - Processing /opt/airflow/dags/spark_to_elastic_dag.py took 0.058 seconds
[2025-12-24T15:30:09.307+0000] {processor.py:157} INFO - Started process (PID=536) to work on /opt/airflow/dags/spark_to_elastic_dag.py
[2025-12-24T15:30:09.308+0000] {processor.py:829} INFO - Processing file /opt/airflow/dags/spark_to_elastic_dag.py for tasks to queue
[2025-12-24T15:30:09.309+0000] {logging_mixin.py:154} INFO - [2025-12-24T15:30:09.309+0000] {dagbag.py:536} INFO - Filling up the DagBag from /opt/airflow/dags/spark_to_elastic_dag.py
[2025-12-24T15:30:09.321+0000] {logging_mixin.py:154} INFO - [2025-12-24T15:30:09.318+0000] {dagbag.py:346} ERROR - Failed to import: /opt/airflow/dags/spark_to_elastic_dag.py
Traceback (most recent call last):
  File "/home/airflow/.local/lib/python3.8/site-packages/airflow/models/dagbag.py", line 342, in parse
    loader.exec_module(new_module)
  File "<frozen importlib._bootstrap_external>", line 843, in exec_module
  File "<frozen importlib._bootstrap>", line 219, in _call_with_frames_removed
  File "/opt/airflow/dags/spark_to_elastic_dag.py", line 2, in <module>
    from airflow.providers.apache.spark.operators.spark_submit import SparkSubmitOperator
ModuleNotFoundError: No module named 'airflow.providers.apache'
[2025-12-24T15:30:09.322+0000] {processor.py:841} WARNING - No viable dags retrieved from /opt/airflow/dags/spark_to_elastic_dag.py
[2025-12-24T15:30:09.350+0000] {processor.py:179} INFO - Processing /opt/airflow/dags/spark_to_elastic_dag.py took 0.045 seconds
[2025-12-24T15:30:39.801+0000] {processor.py:157} INFO - Started process (PID=551) to work on /opt/airflow/dags/spark_to_elastic_dag.py
[2025-12-24T15:30:39.802+0000] {processor.py:829} INFO - Processing file /opt/airflow/dags/spark_to_elastic_dag.py for tasks to queue
[2025-12-24T15:30:39.803+0000] {logging_mixin.py:154} INFO - [2025-12-24T15:30:39.803+0000] {dagbag.py:536} INFO - Filling up the DagBag from /opt/airflow/dags/spark_to_elastic_dag.py
[2025-12-24T15:30:39.820+0000] {logging_mixin.py:154} INFO - [2025-12-24T15:30:39.817+0000] {dagbag.py:346} ERROR - Failed to import: /opt/airflow/dags/spark_to_elastic_dag.py
Traceback (most recent call last):
  File "/home/airflow/.local/lib/python3.8/site-packages/airflow/models/dagbag.py", line 342, in parse
    loader.exec_module(new_module)
  File "<frozen importlib._bootstrap_external>", line 843, in exec_module
  File "<frozen importlib._bootstrap>", line 219, in _call_with_frames_removed
  File "/opt/airflow/dags/spark_to_elastic_dag.py", line 2, in <module>
    from airflow.providers.apache.spark.operators.spark_submit import SparkSubmitOperator
ModuleNotFoundError: No module named 'airflow.providers.apache'
[2025-12-24T15:30:39.821+0000] {processor.py:841} WARNING - No viable dags retrieved from /opt/airflow/dags/spark_to_elastic_dag.py
[2025-12-24T15:30:39.847+0000] {processor.py:179} INFO - Processing /opt/airflow/dags/spark_to_elastic_dag.py took 0.049 seconds
[2025-12-24T15:31:10.272+0000] {processor.py:157} INFO - Started process (PID=566) to work on /opt/airflow/dags/spark_to_elastic_dag.py
[2025-12-24T15:31:10.273+0000] {processor.py:829} INFO - Processing file /opt/airflow/dags/spark_to_elastic_dag.py for tasks to queue
[2025-12-24T15:31:10.274+0000] {logging_mixin.py:154} INFO - [2025-12-24T15:31:10.273+0000] {dagbag.py:536} INFO - Filling up the DagBag from /opt/airflow/dags/spark_to_elastic_dag.py
[2025-12-24T15:31:10.289+0000] {logging_mixin.py:154} INFO - [2025-12-24T15:31:10.286+0000] {dagbag.py:346} ERROR - Failed to import: /opt/airflow/dags/spark_to_elastic_dag.py
Traceback (most recent call last):
  File "/home/airflow/.local/lib/python3.8/site-packages/airflow/models/dagbag.py", line 342, in parse
    loader.exec_module(new_module)
  File "<frozen importlib._bootstrap_external>", line 843, in exec_module
  File "<frozen importlib._bootstrap>", line 219, in _call_with_frames_removed
  File "/opt/airflow/dags/spark_to_elastic_dag.py", line 2, in <module>
    from airflow.providers.apache.spark.operators.spark_submit import SparkSubmitOperator
ModuleNotFoundError: No module named 'airflow.providers.apache'
[2025-12-24T15:31:10.291+0000] {processor.py:841} WARNING - No viable dags retrieved from /opt/airflow/dags/spark_to_elastic_dag.py
[2025-12-24T15:31:10.315+0000] {processor.py:179} INFO - Processing /opt/airflow/dags/spark_to_elastic_dag.py took 0.047 seconds
[2025-12-24T15:31:40.680+0000] {processor.py:157} INFO - Started process (PID=581) to work on /opt/airflow/dags/spark_to_elastic_dag.py
[2025-12-24T15:31:40.681+0000] {processor.py:829} INFO - Processing file /opt/airflow/dags/spark_to_elastic_dag.py for tasks to queue
[2025-12-24T15:31:40.682+0000] {logging_mixin.py:154} INFO - [2025-12-24T15:31:40.682+0000] {dagbag.py:536} INFO - Filling up the DagBag from /opt/airflow/dags/spark_to_elastic_dag.py
[2025-12-24T15:31:40.707+0000] {logging_mixin.py:154} INFO - [2025-12-24T15:31:40.702+0000] {dagbag.py:346} ERROR - Failed to import: /opt/airflow/dags/spark_to_elastic_dag.py
Traceback (most recent call last):
  File "/home/airflow/.local/lib/python3.8/site-packages/airflow/models/dagbag.py", line 342, in parse
    loader.exec_module(new_module)
  File "<frozen importlib._bootstrap_external>", line 843, in exec_module
  File "<frozen importlib._bootstrap>", line 219, in _call_with_frames_removed
  File "/opt/airflow/dags/spark_to_elastic_dag.py", line 2, in <module>
    from airflow.providers.apache.spark.operators.spark_submit import SparkSubmitOperator
ModuleNotFoundError: No module named 'airflow.providers.apache'
[2025-12-24T15:31:40.709+0000] {processor.py:841} WARNING - No viable dags retrieved from /opt/airflow/dags/spark_to_elastic_dag.py
[2025-12-24T15:31:40.737+0000] {processor.py:179} INFO - Processing /opt/airflow/dags/spark_to_elastic_dag.py took 0.062 seconds
[2025-12-24T15:32:11.137+0000] {processor.py:157} INFO - Started process (PID=596) to work on /opt/airflow/dags/spark_to_elastic_dag.py
[2025-12-24T15:32:11.138+0000] {processor.py:829} INFO - Processing file /opt/airflow/dags/spark_to_elastic_dag.py for tasks to queue
[2025-12-24T15:32:11.139+0000] {logging_mixin.py:154} INFO - [2025-12-24T15:32:11.139+0000] {dagbag.py:536} INFO - Filling up the DagBag from /opt/airflow/dags/spark_to_elastic_dag.py
[2025-12-24T15:32:11.159+0000] {logging_mixin.py:154} INFO - [2025-12-24T15:32:11.154+0000] {dagbag.py:346} ERROR - Failed to import: /opt/airflow/dags/spark_to_elastic_dag.py
Traceback (most recent call last):
  File "/home/airflow/.local/lib/python3.8/site-packages/airflow/models/dagbag.py", line 342, in parse
    loader.exec_module(new_module)
  File "<frozen importlib._bootstrap_external>", line 843, in exec_module
  File "<frozen importlib._bootstrap>", line 219, in _call_with_frames_removed
  File "/opt/airflow/dags/spark_to_elastic_dag.py", line 2, in <module>
    from airflow.providers.apache.spark.operators.spark_submit import SparkSubmitOperator
ModuleNotFoundError: No module named 'airflow.providers.apache'
[2025-12-24T15:32:11.160+0000] {processor.py:841} WARNING - No viable dags retrieved from /opt/airflow/dags/spark_to_elastic_dag.py
[2025-12-24T15:32:11.183+0000] {processor.py:179} INFO - Processing /opt/airflow/dags/spark_to_elastic_dag.py took 0.050 seconds
[2025-12-24T15:32:41.560+0000] {processor.py:157} INFO - Started process (PID=611) to work on /opt/airflow/dags/spark_to_elastic_dag.py
[2025-12-24T15:32:41.561+0000] {processor.py:829} INFO - Processing file /opt/airflow/dags/spark_to_elastic_dag.py for tasks to queue
[2025-12-24T15:32:41.562+0000] {logging_mixin.py:154} INFO - [2025-12-24T15:32:41.562+0000] {dagbag.py:536} INFO - Filling up the DagBag from /opt/airflow/dags/spark_to_elastic_dag.py
[2025-12-24T15:32:41.581+0000] {logging_mixin.py:154} INFO - [2025-12-24T15:32:41.576+0000] {dagbag.py:346} ERROR - Failed to import: /opt/airflow/dags/spark_to_elastic_dag.py
Traceback (most recent call last):
  File "/home/airflow/.local/lib/python3.8/site-packages/airflow/models/dagbag.py", line 342, in parse
    loader.exec_module(new_module)
  File "<frozen importlib._bootstrap_external>", line 843, in exec_module
  File "<frozen importlib._bootstrap>", line 219, in _call_with_frames_removed
  File "/opt/airflow/dags/spark_to_elastic_dag.py", line 2, in <module>
    from airflow.providers.apache.spark.operators.spark_submit import SparkSubmitOperator
ModuleNotFoundError: No module named 'airflow.providers.apache'
[2025-12-24T15:32:41.583+0000] {processor.py:841} WARNING - No viable dags retrieved from /opt/airflow/dags/spark_to_elastic_dag.py
[2025-12-24T15:32:41.624+0000] {processor.py:179} INFO - Processing /opt/airflow/dags/spark_to_elastic_dag.py took 0.067 seconds
[2025-12-24T15:33:12.201+0000] {processor.py:157} INFO - Started process (PID=626) to work on /opt/airflow/dags/spark_to_elastic_dag.py
[2025-12-24T15:33:12.203+0000] {processor.py:829} INFO - Processing file /opt/airflow/dags/spark_to_elastic_dag.py for tasks to queue
[2025-12-24T15:33:12.204+0000] {logging_mixin.py:154} INFO - [2025-12-24T15:33:12.204+0000] {dagbag.py:536} INFO - Filling up the DagBag from /opt/airflow/dags/spark_to_elastic_dag.py
[2025-12-24T15:33:12.235+0000] {logging_mixin.py:154} INFO - [2025-12-24T15:33:12.229+0000] {dagbag.py:346} ERROR - Failed to import: /opt/airflow/dags/spark_to_elastic_dag.py
Traceback (most recent call last):
  File "/home/airflow/.local/lib/python3.8/site-packages/airflow/models/dagbag.py", line 342, in parse
    loader.exec_module(new_module)
  File "<frozen importlib._bootstrap_external>", line 843, in exec_module
  File "<frozen importlib._bootstrap>", line 219, in _call_with_frames_removed
  File "/opt/airflow/dags/spark_to_elastic_dag.py", line 2, in <module>
    from airflow.providers.apache.spark.operators.spark_submit import SparkSubmitOperator
ModuleNotFoundError: No module named 'airflow.providers.apache'
[2025-12-24T15:33:12.237+0000] {processor.py:841} WARNING - No viable dags retrieved from /opt/airflow/dags/spark_to_elastic_dag.py
[2025-12-24T15:33:12.272+0000] {processor.py:179} INFO - Processing /opt/airflow/dags/spark_to_elastic_dag.py took 0.075 seconds
[2025-12-24T15:33:42.909+0000] {processor.py:157} INFO - Started process (PID=641) to work on /opt/airflow/dags/spark_to_elastic_dag.py
[2025-12-24T15:33:42.910+0000] {processor.py:829} INFO - Processing file /opt/airflow/dags/spark_to_elastic_dag.py for tasks to queue
[2025-12-24T15:33:42.911+0000] {logging_mixin.py:154} INFO - [2025-12-24T15:33:42.911+0000] {dagbag.py:536} INFO - Filling up the DagBag from /opt/airflow/dags/spark_to_elastic_dag.py
[2025-12-24T15:33:42.930+0000] {logging_mixin.py:154} INFO - [2025-12-24T15:33:42.926+0000] {dagbag.py:346} ERROR - Failed to import: /opt/airflow/dags/spark_to_elastic_dag.py
Traceback (most recent call last):
  File "/home/airflow/.local/lib/python3.8/site-packages/airflow/models/dagbag.py", line 342, in parse
    loader.exec_module(new_module)
  File "<frozen importlib._bootstrap_external>", line 843, in exec_module
  File "<frozen importlib._bootstrap>", line 219, in _call_with_frames_removed
  File "/opt/airflow/dags/spark_to_elastic_dag.py", line 2, in <module>
    from airflow.providers.apache.spark.operators.spark_submit import SparkSubmitOperator
ModuleNotFoundError: No module named 'airflow.providers.apache'
[2025-12-24T15:33:42.931+0000] {processor.py:841} WARNING - No viable dags retrieved from /opt/airflow/dags/spark_to_elastic_dag.py
[2025-12-24T15:33:42.957+0000] {processor.py:179} INFO - Processing /opt/airflow/dags/spark_to_elastic_dag.py took 0.052 seconds
[2025-12-24T15:34:13.321+0000] {processor.py:157} INFO - Started process (PID=656) to work on /opt/airflow/dags/spark_to_elastic_dag.py
[2025-12-24T15:34:13.323+0000] {processor.py:829} INFO - Processing file /opt/airflow/dags/spark_to_elastic_dag.py for tasks to queue
[2025-12-24T15:34:13.324+0000] {logging_mixin.py:154} INFO - [2025-12-24T15:34:13.324+0000] {dagbag.py:536} INFO - Filling up the DagBag from /opt/airflow/dags/spark_to_elastic_dag.py
[2025-12-24T15:34:13.347+0000] {logging_mixin.py:154} INFO - [2025-12-24T15:34:13.342+0000] {dagbag.py:346} ERROR - Failed to import: /opt/airflow/dags/spark_to_elastic_dag.py
Traceback (most recent call last):
  File "/home/airflow/.local/lib/python3.8/site-packages/airflow/models/dagbag.py", line 342, in parse
    loader.exec_module(new_module)
  File "<frozen importlib._bootstrap_external>", line 843, in exec_module
  File "<frozen importlib._bootstrap>", line 219, in _call_with_frames_removed
  File "/opt/airflow/dags/spark_to_elastic_dag.py", line 2, in <module>
    from airflow.providers.apache.spark.operators.spark_submit import SparkSubmitOperator
ModuleNotFoundError: No module named 'airflow.providers.apache'
[2025-12-24T15:34:13.403+0000] {processor.py:841} WARNING - No viable dags retrieved from /opt/airflow/dags/spark_to_elastic_dag.py
[2025-12-24T15:34:13.430+0000] {processor.py:179} INFO - Processing /opt/airflow/dags/spark_to_elastic_dag.py took 0.113 seconds
[2025-12-24T15:34:43.880+0000] {processor.py:157} INFO - Started process (PID=671) to work on /opt/airflow/dags/spark_to_elastic_dag.py
[2025-12-24T15:34:43.882+0000] {processor.py:829} INFO - Processing file /opt/airflow/dags/spark_to_elastic_dag.py for tasks to queue
[2025-12-24T15:34:43.884+0000] {logging_mixin.py:154} INFO - [2025-12-24T15:34:43.884+0000] {dagbag.py:536} INFO - Filling up the DagBag from /opt/airflow/dags/spark_to_elastic_dag.py
[2025-12-24T15:34:43.927+0000] {logging_mixin.py:154} INFO - [2025-12-24T15:34:43.919+0000] {dagbag.py:346} ERROR - Failed to import: /opt/airflow/dags/spark_to_elastic_dag.py
Traceback (most recent call last):
  File "/home/airflow/.local/lib/python3.8/site-packages/airflow/models/dagbag.py", line 342, in parse
    loader.exec_module(new_module)
  File "<frozen importlib._bootstrap_external>", line 843, in exec_module
  File "<frozen importlib._bootstrap>", line 219, in _call_with_frames_removed
  File "/opt/airflow/dags/spark_to_elastic_dag.py", line 2, in <module>
    from airflow.providers.apache.spark.operators.spark_submit import SparkSubmitOperator
ModuleNotFoundError: No module named 'airflow.providers.apache'
[2025-12-24T15:34:43.929+0000] {processor.py:841} WARNING - No viable dags retrieved from /opt/airflow/dags/spark_to_elastic_dag.py
[2025-12-24T15:34:43.984+0000] {processor.py:179} INFO - Processing /opt/airflow/dags/spark_to_elastic_dag.py took 0.109 seconds
[2025-12-24T15:35:14.447+0000] {processor.py:157} INFO - Started process (PID=686) to work on /opt/airflow/dags/spark_to_elastic_dag.py
[2025-12-24T15:35:14.448+0000] {processor.py:829} INFO - Processing file /opt/airflow/dags/spark_to_elastic_dag.py for tasks to queue
[2025-12-24T15:35:14.449+0000] {logging_mixin.py:154} INFO - [2025-12-24T15:35:14.449+0000] {dagbag.py:536} INFO - Filling up the DagBag from /opt/airflow/dags/spark_to_elastic_dag.py
[2025-12-24T15:35:14.471+0000] {logging_mixin.py:154} INFO - [2025-12-24T15:35:14.467+0000] {dagbag.py:346} ERROR - Failed to import: /opt/airflow/dags/spark_to_elastic_dag.py
Traceback (most recent call last):
  File "/home/airflow/.local/lib/python3.8/site-packages/airflow/models/dagbag.py", line 342, in parse
    loader.exec_module(new_module)
  File "<frozen importlib._bootstrap_external>", line 843, in exec_module
  File "<frozen importlib._bootstrap>", line 219, in _call_with_frames_removed
  File "/opt/airflow/dags/spark_to_elastic_dag.py", line 2, in <module>
    from airflow.providers.apache.spark.operators.spark_submit import SparkSubmitOperator
ModuleNotFoundError: No module named 'airflow.providers.apache'
[2025-12-24T15:35:14.474+0000] {processor.py:841} WARNING - No viable dags retrieved from /opt/airflow/dags/spark_to_elastic_dag.py
[2025-12-24T15:35:14.504+0000] {processor.py:179} INFO - Processing /opt/airflow/dags/spark_to_elastic_dag.py took 0.063 seconds
[2025-12-24T15:35:44.944+0000] {processor.py:157} INFO - Started process (PID=701) to work on /opt/airflow/dags/spark_to_elastic_dag.py
[2025-12-24T15:35:44.945+0000] {processor.py:829} INFO - Processing file /opt/airflow/dags/spark_to_elastic_dag.py for tasks to queue
[2025-12-24T15:35:44.946+0000] {logging_mixin.py:154} INFO - [2025-12-24T15:35:44.946+0000] {dagbag.py:536} INFO - Filling up the DagBag from /opt/airflow/dags/spark_to_elastic_dag.py
[2025-12-24T15:35:44.964+0000] {logging_mixin.py:154} INFO - [2025-12-24T15:35:44.960+0000] {dagbag.py:346} ERROR - Failed to import: /opt/airflow/dags/spark_to_elastic_dag.py
Traceback (most recent call last):
  File "/home/airflow/.local/lib/python3.8/site-packages/airflow/models/dagbag.py", line 342, in parse
    loader.exec_module(new_module)
  File "<frozen importlib._bootstrap_external>", line 843, in exec_module
  File "<frozen importlib._bootstrap>", line 219, in _call_with_frames_removed
  File "/opt/airflow/dags/spark_to_elastic_dag.py", line 2, in <module>
    from airflow.providers.apache.spark.operators.spark_submit import SparkSubmitOperator
ModuleNotFoundError: No module named 'airflow.providers.apache'
[2025-12-24T15:35:44.966+0000] {processor.py:841} WARNING - No viable dags retrieved from /opt/airflow/dags/spark_to_elastic_dag.py
[2025-12-24T15:35:44.988+0000] {processor.py:179} INFO - Processing /opt/airflow/dags/spark_to_elastic_dag.py took 0.047 seconds
[2025-12-24T15:36:15.452+0000] {processor.py:157} INFO - Started process (PID=716) to work on /opt/airflow/dags/spark_to_elastic_dag.py
[2025-12-24T15:36:15.453+0000] {processor.py:829} INFO - Processing file /opt/airflow/dags/spark_to_elastic_dag.py for tasks to queue
[2025-12-24T15:36:15.454+0000] {logging_mixin.py:154} INFO - [2025-12-24T15:36:15.454+0000] {dagbag.py:536} INFO - Filling up the DagBag from /opt/airflow/dags/spark_to_elastic_dag.py
[2025-12-24T15:36:15.471+0000] {logging_mixin.py:154} INFO - [2025-12-24T15:36:15.467+0000] {dagbag.py:346} ERROR - Failed to import: /opt/airflow/dags/spark_to_elastic_dag.py
Traceback (most recent call last):
  File "/home/airflow/.local/lib/python3.8/site-packages/airflow/models/dagbag.py", line 342, in parse
    loader.exec_module(new_module)
  File "<frozen importlib._bootstrap_external>", line 843, in exec_module
  File "<frozen importlib._bootstrap>", line 219, in _call_with_frames_removed
  File "/opt/airflow/dags/spark_to_elastic_dag.py", line 2, in <module>
    from airflow.providers.apache.spark.operators.spark_submit import SparkSubmitOperator
ModuleNotFoundError: No module named 'airflow.providers.apache'
[2025-12-24T15:36:15.472+0000] {processor.py:841} WARNING - No viable dags retrieved from /opt/airflow/dags/spark_to_elastic_dag.py
[2025-12-24T15:36:15.492+0000] {processor.py:179} INFO - Processing /opt/airflow/dags/spark_to_elastic_dag.py took 0.042 seconds
[2025-12-24T15:36:45.932+0000] {processor.py:157} INFO - Started process (PID=731) to work on /opt/airflow/dags/spark_to_elastic_dag.py
[2025-12-24T15:36:45.933+0000] {processor.py:829} INFO - Processing file /opt/airflow/dags/spark_to_elastic_dag.py for tasks to queue
[2025-12-24T15:36:45.934+0000] {logging_mixin.py:154} INFO - [2025-12-24T15:36:45.934+0000] {dagbag.py:536} INFO - Filling up the DagBag from /opt/airflow/dags/spark_to_elastic_dag.py
[2025-12-24T15:36:45.952+0000] {logging_mixin.py:154} INFO - [2025-12-24T15:36:45.947+0000] {dagbag.py:346} ERROR - Failed to import: /opt/airflow/dags/spark_to_elastic_dag.py
Traceback (most recent call last):
  File "/home/airflow/.local/lib/python3.8/site-packages/airflow/models/dagbag.py", line 342, in parse
    loader.exec_module(new_module)
  File "<frozen importlib._bootstrap_external>", line 843, in exec_module
  File "<frozen importlib._bootstrap>", line 219, in _call_with_frames_removed
  File "/opt/airflow/dags/spark_to_elastic_dag.py", line 2, in <module>
    from airflow.providers.apache.spark.operators.spark_submit import SparkSubmitOperator
ModuleNotFoundError: No module named 'airflow.providers.apache'
[2025-12-24T15:36:45.953+0000] {processor.py:841} WARNING - No viable dags retrieved from /opt/airflow/dags/spark_to_elastic_dag.py
[2025-12-24T15:36:45.976+0000] {processor.py:179} INFO - Processing /opt/airflow/dags/spark_to_elastic_dag.py took 0.048 seconds
[2025-12-24T15:37:16.352+0000] {processor.py:157} INFO - Started process (PID=746) to work on /opt/airflow/dags/spark_to_elastic_dag.py
[2025-12-24T15:37:16.356+0000] {processor.py:829} INFO - Processing file /opt/airflow/dags/spark_to_elastic_dag.py for tasks to queue
[2025-12-24T15:37:16.361+0000] {logging_mixin.py:154} INFO - [2025-12-24T15:37:16.360+0000] {dagbag.py:536} INFO - Filling up the DagBag from /opt/airflow/dags/spark_to_elastic_dag.py
[2025-12-24T15:37:16.418+0000] {logging_mixin.py:154} INFO - [2025-12-24T15:37:16.410+0000] {dagbag.py:346} ERROR - Failed to import: /opt/airflow/dags/spark_to_elastic_dag.py
Traceback (most recent call last):
  File "/home/airflow/.local/lib/python3.8/site-packages/airflow/models/dagbag.py", line 342, in parse
    loader.exec_module(new_module)
  File "<frozen importlib._bootstrap_external>", line 843, in exec_module
  File "<frozen importlib._bootstrap>", line 219, in _call_with_frames_removed
  File "/opt/airflow/dags/spark_to_elastic_dag.py", line 2, in <module>
    from airflow.providers.apache.spark.operators.spark_submit import SparkSubmitOperator
ModuleNotFoundError: No module named 'airflow.providers.apache'
[2025-12-24T15:37:16.420+0000] {processor.py:841} WARNING - No viable dags retrieved from /opt/airflow/dags/spark_to_elastic_dag.py
[2025-12-24T15:37:16.443+0000] {processor.py:179} INFO - Processing /opt/airflow/dags/spark_to_elastic_dag.py took 0.095 seconds
[2025-12-24T15:37:46.901+0000] {processor.py:157} INFO - Started process (PID=761) to work on /opt/airflow/dags/spark_to_elastic_dag.py
[2025-12-24T15:37:46.902+0000] {processor.py:829} INFO - Processing file /opt/airflow/dags/spark_to_elastic_dag.py for tasks to queue
[2025-12-24T15:37:46.904+0000] {logging_mixin.py:154} INFO - [2025-12-24T15:37:46.904+0000] {dagbag.py:536} INFO - Filling up the DagBag from /opt/airflow/dags/spark_to_elastic_dag.py
[2025-12-24T15:37:46.920+0000] {logging_mixin.py:154} INFO - [2025-12-24T15:37:46.916+0000] {dagbag.py:346} ERROR - Failed to import: /opt/airflow/dags/spark_to_elastic_dag.py
Traceback (most recent call last):
  File "/home/airflow/.local/lib/python3.8/site-packages/airflow/models/dagbag.py", line 342, in parse
    loader.exec_module(new_module)
  File "<frozen importlib._bootstrap_external>", line 843, in exec_module
  File "<frozen importlib._bootstrap>", line 219, in _call_with_frames_removed
  File "/opt/airflow/dags/spark_to_elastic_dag.py", line 2, in <module>
    from airflow.providers.apache.spark.operators.spark_submit import SparkSubmitOperator
ModuleNotFoundError: No module named 'airflow.providers.apache'
[2025-12-24T15:37:46.922+0000] {processor.py:841} WARNING - No viable dags retrieved from /opt/airflow/dags/spark_to_elastic_dag.py
[2025-12-24T15:37:46.947+0000] {processor.py:179} INFO - Processing /opt/airflow/dags/spark_to_elastic_dag.py took 0.053 seconds
[2025-12-24T15:38:17.339+0000] {processor.py:157} INFO - Started process (PID=776) to work on /opt/airflow/dags/spark_to_elastic_dag.py
[2025-12-24T15:38:17.340+0000] {processor.py:829} INFO - Processing file /opt/airflow/dags/spark_to_elastic_dag.py for tasks to queue
[2025-12-24T15:38:17.341+0000] {logging_mixin.py:154} INFO - [2025-12-24T15:38:17.340+0000] {dagbag.py:536} INFO - Filling up the DagBag from /opt/airflow/dags/spark_to_elastic_dag.py
[2025-12-24T15:38:17.363+0000] {logging_mixin.py:154} INFO - [2025-12-24T15:38:17.359+0000] {dagbag.py:346} ERROR - Failed to import: /opt/airflow/dags/spark_to_elastic_dag.py
Traceback (most recent call last):
  File "/home/airflow/.local/lib/python3.8/site-packages/airflow/models/dagbag.py", line 342, in parse
    loader.exec_module(new_module)
  File "<frozen importlib._bootstrap_external>", line 843, in exec_module
  File "<frozen importlib._bootstrap>", line 219, in _call_with_frames_removed
  File "/opt/airflow/dags/spark_to_elastic_dag.py", line 2, in <module>
    from airflow.providers.apache.spark.operators.spark_submit import SparkSubmitOperator
ModuleNotFoundError: No module named 'airflow.providers.apache'
[2025-12-24T15:38:17.365+0000] {processor.py:841} WARNING - No viable dags retrieved from /opt/airflow/dags/spark_to_elastic_dag.py
[2025-12-24T15:38:17.388+0000] {processor.py:179} INFO - Processing /opt/airflow/dags/spark_to_elastic_dag.py took 0.053 seconds
[2025-12-24T15:38:47.799+0000] {processor.py:157} INFO - Started process (PID=791) to work on /opt/airflow/dags/spark_to_elastic_dag.py
[2025-12-24T15:38:47.800+0000] {processor.py:829} INFO - Processing file /opt/airflow/dags/spark_to_elastic_dag.py for tasks to queue
[2025-12-24T15:38:47.802+0000] {logging_mixin.py:154} INFO - [2025-12-24T15:38:47.801+0000] {dagbag.py:536} INFO - Filling up the DagBag from /opt/airflow/dags/spark_to_elastic_dag.py
[2025-12-24T15:38:47.819+0000] {logging_mixin.py:154} INFO - [2025-12-24T15:38:47.816+0000] {dagbag.py:346} ERROR - Failed to import: /opt/airflow/dags/spark_to_elastic_dag.py
Traceback (most recent call last):
  File "/home/airflow/.local/lib/python3.8/site-packages/airflow/models/dagbag.py", line 342, in parse
    loader.exec_module(new_module)
  File "<frozen importlib._bootstrap_external>", line 843, in exec_module
  File "<frozen importlib._bootstrap>", line 219, in _call_with_frames_removed
  File "/opt/airflow/dags/spark_to_elastic_dag.py", line 2, in <module>
    from airflow.providers.apache.spark.operators.spark_submit import SparkSubmitOperator
ModuleNotFoundError: No module named 'airflow.providers.apache'
[2025-12-24T15:38:47.820+0000] {processor.py:841} WARNING - No viable dags retrieved from /opt/airflow/dags/spark_to_elastic_dag.py
[2025-12-24T15:38:47.850+0000] {processor.py:179} INFO - Processing /opt/airflow/dags/spark_to_elastic_dag.py took 0.054 seconds
[2025-12-24T15:39:18.259+0000] {processor.py:157} INFO - Started process (PID=806) to work on /opt/airflow/dags/spark_to_elastic_dag.py
[2025-12-24T15:39:18.259+0000] {processor.py:829} INFO - Processing file /opt/airflow/dags/spark_to_elastic_dag.py for tasks to queue
[2025-12-24T15:39:18.260+0000] {logging_mixin.py:154} INFO - [2025-12-24T15:39:18.260+0000] {dagbag.py:536} INFO - Filling up the DagBag from /opt/airflow/dags/spark_to_elastic_dag.py
[2025-12-24T15:39:18.277+0000] {logging_mixin.py:154} INFO - [2025-12-24T15:39:18.273+0000] {dagbag.py:346} ERROR - Failed to import: /opt/airflow/dags/spark_to_elastic_dag.py
Traceback (most recent call last):
  File "/home/airflow/.local/lib/python3.8/site-packages/airflow/models/dagbag.py", line 342, in parse
    loader.exec_module(new_module)
  File "<frozen importlib._bootstrap_external>", line 843, in exec_module
  File "<frozen importlib._bootstrap>", line 219, in _call_with_frames_removed
  File "/opt/airflow/dags/spark_to_elastic_dag.py", line 2, in <module>
    from airflow.providers.apache.spark.operators.spark_submit import SparkSubmitOperator
ModuleNotFoundError: No module named 'airflow.providers.apache'
[2025-12-24T15:39:18.278+0000] {processor.py:841} WARNING - No viable dags retrieved from /opt/airflow/dags/spark_to_elastic_dag.py
[2025-12-24T15:39:18.311+0000] {processor.py:179} INFO - Processing /opt/airflow/dags/spark_to_elastic_dag.py took 0.055 seconds
[2025-12-24T15:39:48.738+0000] {processor.py:157} INFO - Started process (PID=823) to work on /opt/airflow/dags/spark_to_elastic_dag.py
[2025-12-24T15:39:48.739+0000] {processor.py:829} INFO - Processing file /opt/airflow/dags/spark_to_elastic_dag.py for tasks to queue
[2025-12-24T15:39:48.741+0000] {logging_mixin.py:154} INFO - [2025-12-24T15:39:48.740+0000] {dagbag.py:536} INFO - Filling up the DagBag from /opt/airflow/dags/spark_to_elastic_dag.py
[2025-12-24T15:39:48.775+0000] {logging_mixin.py:154} INFO - [2025-12-24T15:39:48.769+0000] {dagbag.py:346} ERROR - Failed to import: /opt/airflow/dags/spark_to_elastic_dag.py
Traceback (most recent call last):
  File "/home/airflow/.local/lib/python3.8/site-packages/airflow/models/dagbag.py", line 342, in parse
    loader.exec_module(new_module)
  File "<frozen importlib._bootstrap_external>", line 843, in exec_module
  File "<frozen importlib._bootstrap>", line 219, in _call_with_frames_removed
  File "/opt/airflow/dags/spark_to_elastic_dag.py", line 2, in <module>
    from airflow.providers.apache.spark.operators.spark_submit import SparkSubmitOperator
ModuleNotFoundError: No module named 'airflow.providers.apache'
[2025-12-24T15:39:48.777+0000] {processor.py:841} WARNING - No viable dags retrieved from /opt/airflow/dags/spark_to_elastic_dag.py
[2025-12-24T15:39:48.804+0000] {processor.py:179} INFO - Processing /opt/airflow/dags/spark_to_elastic_dag.py took 0.072 seconds
[2025-12-24T15:40:19.161+0000] {processor.py:157} INFO - Started process (PID=844) to work on /opt/airflow/dags/spark_to_elastic_dag.py
[2025-12-24T15:40:19.162+0000] {processor.py:829} INFO - Processing file /opt/airflow/dags/spark_to_elastic_dag.py for tasks to queue
[2025-12-24T15:40:19.163+0000] {logging_mixin.py:154} INFO - [2025-12-24T15:40:19.163+0000] {dagbag.py:536} INFO - Filling up the DagBag from /opt/airflow/dags/spark_to_elastic_dag.py
[2025-12-24T15:40:19.179+0000] {logging_mixin.py:154} INFO - [2025-12-24T15:40:19.175+0000] {dagbag.py:346} ERROR - Failed to import: /opt/airflow/dags/spark_to_elastic_dag.py
Traceback (most recent call last):
  File "/home/airflow/.local/lib/python3.8/site-packages/airflow/models/dagbag.py", line 342, in parse
    loader.exec_module(new_module)
  File "<frozen importlib._bootstrap_external>", line 843, in exec_module
  File "<frozen importlib._bootstrap>", line 219, in _call_with_frames_removed
  File "/opt/airflow/dags/spark_to_elastic_dag.py", line 2, in <module>
    from airflow.providers.apache.spark.operators.spark_submit import SparkSubmitOperator
ModuleNotFoundError: No module named 'airflow.providers.apache'
[2025-12-24T15:40:19.181+0000] {processor.py:841} WARNING - No viable dags retrieved from /opt/airflow/dags/spark_to_elastic_dag.py
[2025-12-24T15:40:19.203+0000] {processor.py:179} INFO - Processing /opt/airflow/dags/spark_to_elastic_dag.py took 0.046 seconds
[2025-12-24T15:40:49.638+0000] {processor.py:157} INFO - Started process (PID=862) to work on /opt/airflow/dags/spark_to_elastic_dag.py
[2025-12-24T15:40:49.640+0000] {processor.py:829} INFO - Processing file /opt/airflow/dags/spark_to_elastic_dag.py for tasks to queue
[2025-12-24T15:40:49.641+0000] {logging_mixin.py:154} INFO - [2025-12-24T15:40:49.641+0000] {dagbag.py:536} INFO - Filling up the DagBag from /opt/airflow/dags/spark_to_elastic_dag.py
[2025-12-24T15:40:49.654+0000] {logging_mixin.py:154} INFO - [2025-12-24T15:40:49.651+0000] {dagbag.py:346} ERROR - Failed to import: /opt/airflow/dags/spark_to_elastic_dag.py
Traceback (most recent call last):
  File "/home/airflow/.local/lib/python3.8/site-packages/airflow/models/dagbag.py", line 342, in parse
    loader.exec_module(new_module)
  File "<frozen importlib._bootstrap_external>", line 843, in exec_module
  File "<frozen importlib._bootstrap>", line 219, in _call_with_frames_removed
  File "/opt/airflow/dags/spark_to_elastic_dag.py", line 2, in <module>
    from airflow.providers.apache.spark.operators.spark_submit import SparkSubmitOperator
ModuleNotFoundError: No module named 'airflow.providers.apache'
[2025-12-24T15:40:49.656+0000] {processor.py:841} WARNING - No viable dags retrieved from /opt/airflow/dags/spark_to_elastic_dag.py
[2025-12-24T15:40:49.687+0000] {processor.py:179} INFO - Processing /opt/airflow/dags/spark_to_elastic_dag.py took 0.052 seconds
[2025-12-24T15:41:20.073+0000] {processor.py:157} INFO - Started process (PID=877) to work on /opt/airflow/dags/spark_to_elastic_dag.py
[2025-12-24T15:41:20.074+0000] {processor.py:829} INFO - Processing file /opt/airflow/dags/spark_to_elastic_dag.py for tasks to queue
[2025-12-24T15:41:20.076+0000] {logging_mixin.py:154} INFO - [2025-12-24T15:41:20.075+0000] {dagbag.py:536} INFO - Filling up the DagBag from /opt/airflow/dags/spark_to_elastic_dag.py
[2025-12-24T15:41:20.094+0000] {logging_mixin.py:154} INFO - [2025-12-24T15:41:20.089+0000] {dagbag.py:346} ERROR - Failed to import: /opt/airflow/dags/spark_to_elastic_dag.py
Traceback (most recent call last):
  File "/home/airflow/.local/lib/python3.8/site-packages/airflow/models/dagbag.py", line 342, in parse
    loader.exec_module(new_module)
  File "<frozen importlib._bootstrap_external>", line 843, in exec_module
  File "<frozen importlib._bootstrap>", line 219, in _call_with_frames_removed
  File "/opt/airflow/dags/spark_to_elastic_dag.py", line 2, in <module>
    from airflow.providers.apache.spark.operators.spark_submit import SparkSubmitOperator
ModuleNotFoundError: No module named 'airflow.providers.apache'
[2025-12-24T15:41:20.095+0000] {processor.py:841} WARNING - No viable dags retrieved from /opt/airflow/dags/spark_to_elastic_dag.py
[2025-12-24T15:41:20.119+0000] {processor.py:179} INFO - Processing /opt/airflow/dags/spark_to_elastic_dag.py took 0.052 seconds
[2025-12-24T15:41:50.469+0000] {processor.py:157} INFO - Started process (PID=895) to work on /opt/airflow/dags/spark_to_elastic_dag.py
[2025-12-24T15:41:50.470+0000] {processor.py:829} INFO - Processing file /opt/airflow/dags/spark_to_elastic_dag.py for tasks to queue
[2025-12-24T15:41:50.472+0000] {logging_mixin.py:154} INFO - [2025-12-24T15:41:50.472+0000] {dagbag.py:536} INFO - Filling up the DagBag from /opt/airflow/dags/spark_to_elastic_dag.py
[2025-12-24T15:41:50.499+0000] {logging_mixin.py:154} INFO - [2025-12-24T15:41:50.493+0000] {dagbag.py:346} ERROR - Failed to import: /opt/airflow/dags/spark_to_elastic_dag.py
Traceback (most recent call last):
  File "/home/airflow/.local/lib/python3.8/site-packages/airflow/models/dagbag.py", line 342, in parse
    loader.exec_module(new_module)
  File "<frozen importlib._bootstrap_external>", line 843, in exec_module
  File "<frozen importlib._bootstrap>", line 219, in _call_with_frames_removed
  File "/opt/airflow/dags/spark_to_elastic_dag.py", line 2, in <module>
    from airflow.providers.apache.spark.operators.spark_submit import SparkSubmitOperator
ModuleNotFoundError: No module named 'airflow.providers.apache'
[2025-12-24T15:41:50.501+0000] {processor.py:841} WARNING - No viable dags retrieved from /opt/airflow/dags/spark_to_elastic_dag.py
[2025-12-24T15:41:50.542+0000] {processor.py:179} INFO - Processing /opt/airflow/dags/spark_to_elastic_dag.py took 0.081 seconds
[2025-12-24T15:42:20.961+0000] {processor.py:157} INFO - Started process (PID=910) to work on /opt/airflow/dags/spark_to_elastic_dag.py
[2025-12-24T15:42:20.962+0000] {processor.py:829} INFO - Processing file /opt/airflow/dags/spark_to_elastic_dag.py for tasks to queue
[2025-12-24T15:42:20.963+0000] {logging_mixin.py:154} INFO - [2025-12-24T15:42:20.963+0000] {dagbag.py:536} INFO - Filling up the DagBag from /opt/airflow/dags/spark_to_elastic_dag.py
[2025-12-24T15:42:20.979+0000] {logging_mixin.py:154} INFO - [2025-12-24T15:42:20.976+0000] {dagbag.py:346} ERROR - Failed to import: /opt/airflow/dags/spark_to_elastic_dag.py
Traceback (most recent call last):
  File "/home/airflow/.local/lib/python3.8/site-packages/airflow/models/dagbag.py", line 342, in parse
    loader.exec_module(new_module)
  File "<frozen importlib._bootstrap_external>", line 843, in exec_module
  File "<frozen importlib._bootstrap>", line 219, in _call_with_frames_removed
  File "/opt/airflow/dags/spark_to_elastic_dag.py", line 2, in <module>
    from airflow.providers.apache.spark.operators.spark_submit import SparkSubmitOperator
ModuleNotFoundError: No module named 'airflow.providers.apache'
[2025-12-24T15:42:20.980+0000] {processor.py:841} WARNING - No viable dags retrieved from /opt/airflow/dags/spark_to_elastic_dag.py
[2025-12-24T15:42:21.009+0000] {processor.py:179} INFO - Processing /opt/airflow/dags/spark_to_elastic_dag.py took 0.051 seconds
[2025-12-24T15:42:51.568+0000] {processor.py:157} INFO - Started process (PID=925) to work on /opt/airflow/dags/spark_to_elastic_dag.py
[2025-12-24T15:42:51.569+0000] {processor.py:829} INFO - Processing file /opt/airflow/dags/spark_to_elastic_dag.py for tasks to queue
[2025-12-24T15:42:51.571+0000] {logging_mixin.py:154} INFO - [2025-12-24T15:42:51.570+0000] {dagbag.py:536} INFO - Filling up the DagBag from /opt/airflow/dags/spark_to_elastic_dag.py
[2025-12-24T15:42:51.591+0000] {logging_mixin.py:154} INFO - [2025-12-24T15:42:51.586+0000] {dagbag.py:346} ERROR - Failed to import: /opt/airflow/dags/spark_to_elastic_dag.py
Traceback (most recent call last):
  File "/home/airflow/.local/lib/python3.8/site-packages/airflow/models/dagbag.py", line 342, in parse
    loader.exec_module(new_module)
  File "<frozen importlib._bootstrap_external>", line 843, in exec_module
  File "<frozen importlib._bootstrap>", line 219, in _call_with_frames_removed
  File "/opt/airflow/dags/spark_to_elastic_dag.py", line 2, in <module>
    from airflow.providers.apache.spark.operators.spark_submit import SparkSubmitOperator
ModuleNotFoundError: No module named 'airflow.providers.apache'
[2025-12-24T15:42:51.593+0000] {processor.py:841} WARNING - No viable dags retrieved from /opt/airflow/dags/spark_to_elastic_dag.py
[2025-12-24T15:42:51.622+0000] {processor.py:179} INFO - Processing /opt/airflow/dags/spark_to_elastic_dag.py took 0.060 seconds
[2025-12-24T15:43:21.986+0000] {processor.py:157} INFO - Started process (PID=940) to work on /opt/airflow/dags/spark_to_elastic_dag.py
[2025-12-24T15:43:21.988+0000] {processor.py:829} INFO - Processing file /opt/airflow/dags/spark_to_elastic_dag.py for tasks to queue
[2025-12-24T15:43:21.989+0000] {logging_mixin.py:154} INFO - [2025-12-24T15:43:21.988+0000] {dagbag.py:536} INFO - Filling up the DagBag from /opt/airflow/dags/spark_to_elastic_dag.py
[2025-12-24T15:43:22.014+0000] {logging_mixin.py:154} INFO - [2025-12-24T15:43:22.009+0000] {dagbag.py:346} ERROR - Failed to import: /opt/airflow/dags/spark_to_elastic_dag.py
Traceback (most recent call last):
  File "/home/airflow/.local/lib/python3.8/site-packages/airflow/models/dagbag.py", line 342, in parse
    loader.exec_module(new_module)
  File "<frozen importlib._bootstrap_external>", line 843, in exec_module
  File "<frozen importlib._bootstrap>", line 219, in _call_with_frames_removed
  File "/opt/airflow/dags/spark_to_elastic_dag.py", line 2, in <module>
    from airflow.providers.apache.spark.operators.spark_submit import SparkSubmitOperator
ModuleNotFoundError: No module named 'airflow.providers.apache'
[2025-12-24T15:43:22.016+0000] {processor.py:841} WARNING - No viable dags retrieved from /opt/airflow/dags/spark_to_elastic_dag.py
[2025-12-24T15:43:22.042+0000] {processor.py:179} INFO - Processing /opt/airflow/dags/spark_to_elastic_dag.py took 0.060 seconds
[2025-12-24T15:43:52.494+0000] {processor.py:157} INFO - Started process (PID=956) to work on /opt/airflow/dags/spark_to_elastic_dag.py
[2025-12-24T15:43:52.495+0000] {processor.py:829} INFO - Processing file /opt/airflow/dags/spark_to_elastic_dag.py for tasks to queue
[2025-12-24T15:43:52.496+0000] {logging_mixin.py:154} INFO - [2025-12-24T15:43:52.495+0000] {dagbag.py:536} INFO - Filling up the DagBag from /opt/airflow/dags/spark_to_elastic_dag.py
[2025-12-24T15:43:52.513+0000] {logging_mixin.py:154} INFO - [2025-12-24T15:43:52.510+0000] {dagbag.py:346} ERROR - Failed to import: /opt/airflow/dags/spark_to_elastic_dag.py
Traceback (most recent call last):
  File "/home/airflow/.local/lib/python3.8/site-packages/airflow/models/dagbag.py", line 342, in parse
    loader.exec_module(new_module)
  File "<frozen importlib._bootstrap_external>", line 843, in exec_module
  File "<frozen importlib._bootstrap>", line 219, in _call_with_frames_removed
  File "/opt/airflow/dags/spark_to_elastic_dag.py", line 2, in <module>
    from airflow.providers.apache.spark.operators.spark_submit import SparkSubmitOperator
ModuleNotFoundError: No module named 'airflow.providers.apache'
[2025-12-24T15:43:52.514+0000] {processor.py:841} WARNING - No viable dags retrieved from /opt/airflow/dags/spark_to_elastic_dag.py
[2025-12-24T15:43:52.539+0000] {processor.py:179} INFO - Processing /opt/airflow/dags/spark_to_elastic_dag.py took 0.049 seconds
[2025-12-24T15:44:22.968+0000] {processor.py:157} INFO - Started process (PID=972) to work on /opt/airflow/dags/spark_to_elastic_dag.py
[2025-12-24T15:44:22.969+0000] {processor.py:829} INFO - Processing file /opt/airflow/dags/spark_to_elastic_dag.py for tasks to queue
[2025-12-24T15:44:22.969+0000] {logging_mixin.py:154} INFO - [2025-12-24T15:44:22.969+0000] {dagbag.py:536} INFO - Filling up the DagBag from /opt/airflow/dags/spark_to_elastic_dag.py
[2025-12-24T15:44:22.984+0000] {logging_mixin.py:154} INFO - [2025-12-24T15:44:22.981+0000] {dagbag.py:346} ERROR - Failed to import: /opt/airflow/dags/spark_to_elastic_dag.py
Traceback (most recent call last):
  File "/home/airflow/.local/lib/python3.8/site-packages/airflow/models/dagbag.py", line 342, in parse
    loader.exec_module(new_module)
  File "<frozen importlib._bootstrap_external>", line 843, in exec_module
  File "<frozen importlib._bootstrap>", line 219, in _call_with_frames_removed
  File "/opt/airflow/dags/spark_to_elastic_dag.py", line 2, in <module>
    from airflow.providers.apache.spark.operators.spark_submit import SparkSubmitOperator
ModuleNotFoundError: No module named 'airflow.providers.apache'
[2025-12-24T15:44:22.986+0000] {processor.py:841} WARNING - No viable dags retrieved from /opt/airflow/dags/spark_to_elastic_dag.py
[2025-12-24T15:44:23.003+0000] {processor.py:179} INFO - Processing /opt/airflow/dags/spark_to_elastic_dag.py took 0.039 seconds
[2025-12-24T15:44:53.426+0000] {processor.py:157} INFO - Started process (PID=988) to work on /opt/airflow/dags/spark_to_elastic_dag.py
[2025-12-24T15:44:53.427+0000] {processor.py:829} INFO - Processing file /opt/airflow/dags/spark_to_elastic_dag.py for tasks to queue
[2025-12-24T15:44:53.428+0000] {logging_mixin.py:154} INFO - [2025-12-24T15:44:53.428+0000] {dagbag.py:536} INFO - Filling up the DagBag from /opt/airflow/dags/spark_to_elastic_dag.py
[2025-12-24T15:44:53.450+0000] {logging_mixin.py:154} INFO - [2025-12-24T15:44:53.446+0000] {dagbag.py:346} ERROR - Failed to import: /opt/airflow/dags/spark_to_elastic_dag.py
Traceback (most recent call last):
  File "/home/airflow/.local/lib/python3.8/site-packages/airflow/models/dagbag.py", line 342, in parse
    loader.exec_module(new_module)
  File "<frozen importlib._bootstrap_external>", line 843, in exec_module
  File "<frozen importlib._bootstrap>", line 219, in _call_with_frames_removed
  File "/opt/airflow/dags/spark_to_elastic_dag.py", line 2, in <module>
    from airflow.providers.apache.spark.operators.spark_submit import SparkSubmitOperator
ModuleNotFoundError: No module named 'airflow.providers.apache'
[2025-12-24T15:44:53.452+0000] {processor.py:841} WARNING - No viable dags retrieved from /opt/airflow/dags/spark_to_elastic_dag.py
[2025-12-24T15:44:53.474+0000] {processor.py:179} INFO - Processing /opt/airflow/dags/spark_to_elastic_dag.py took 0.054 seconds
[2025-12-24T15:45:23.769+0000] {processor.py:157} INFO - Started process (PID=1010) to work on /opt/airflow/dags/spark_to_elastic_dag.py
[2025-12-24T15:45:23.770+0000] {processor.py:829} INFO - Processing file /opt/airflow/dags/spark_to_elastic_dag.py for tasks to queue
[2025-12-24T15:45:23.771+0000] {logging_mixin.py:154} INFO - [2025-12-24T15:45:23.771+0000] {dagbag.py:536} INFO - Filling up the DagBag from /opt/airflow/dags/spark_to_elastic_dag.py
[2025-12-24T15:45:23.784+0000] {logging_mixin.py:154} INFO - [2025-12-24T15:45:23.781+0000] {dagbag.py:346} ERROR - Failed to import: /opt/airflow/dags/spark_to_elastic_dag.py
Traceback (most recent call last):
  File "/home/airflow/.local/lib/python3.8/site-packages/airflow/models/dagbag.py", line 342, in parse
    loader.exec_module(new_module)
  File "<frozen importlib._bootstrap_external>", line 843, in exec_module
  File "<frozen importlib._bootstrap>", line 219, in _call_with_frames_removed
  File "/opt/airflow/dags/spark_to_elastic_dag.py", line 2, in <module>
    from airflow.providers.apache.spark.operators.spark_submit import SparkSubmitOperator
ModuleNotFoundError: No module named 'airflow.providers.apache'
[2025-12-24T15:45:23.786+0000] {processor.py:841} WARNING - No viable dags retrieved from /opt/airflow/dags/spark_to_elastic_dag.py
[2025-12-24T15:45:23.815+0000] {processor.py:179} INFO - Processing /opt/airflow/dags/spark_to_elastic_dag.py took 0.051 seconds
[2025-12-24T15:45:53.964+0000] {processor.py:157} INFO - Started process (PID=1026) to work on /opt/airflow/dags/spark_to_elastic_dag.py
[2025-12-24T15:45:53.966+0000] {processor.py:829} INFO - Processing file /opt/airflow/dags/spark_to_elastic_dag.py for tasks to queue
[2025-12-24T15:45:53.967+0000] {logging_mixin.py:154} INFO - [2025-12-24T15:45:53.967+0000] {dagbag.py:536} INFO - Filling up the DagBag from /opt/airflow/dags/spark_to_elastic_dag.py
[2025-12-24T15:45:53.990+0000] {logging_mixin.py:154} INFO - [2025-12-24T15:45:53.985+0000] {dagbag.py:346} ERROR - Failed to import: /opt/airflow/dags/spark_to_elastic_dag.py
Traceback (most recent call last):
  File "/home/airflow/.local/lib/python3.8/site-packages/airflow/models/dagbag.py", line 342, in parse
    loader.exec_module(new_module)
  File "<frozen importlib._bootstrap_external>", line 843, in exec_module
  File "<frozen importlib._bootstrap>", line 219, in _call_with_frames_removed
  File "/opt/airflow/dags/spark_to_elastic_dag.py", line 2, in <module>
    from airflow.providers.apache.spark.operators.spark_submit import SparkSubmitOperator
ModuleNotFoundError: No module named 'airflow.providers.apache'
[2025-12-24T15:45:53.992+0000] {processor.py:841} WARNING - No viable dags retrieved from /opt/airflow/dags/spark_to_elastic_dag.py
[2025-12-24T15:45:54.027+0000] {processor.py:179} INFO - Processing /opt/airflow/dags/spark_to_elastic_dag.py took 0.068 seconds
[2025-12-24T15:46:24.402+0000] {processor.py:157} INFO - Started process (PID=1042) to work on /opt/airflow/dags/spark_to_elastic_dag.py
[2025-12-24T15:46:24.403+0000] {processor.py:829} INFO - Processing file /opt/airflow/dags/spark_to_elastic_dag.py for tasks to queue
[2025-12-24T15:46:24.404+0000] {logging_mixin.py:154} INFO - [2025-12-24T15:46:24.404+0000] {dagbag.py:536} INFO - Filling up the DagBag from /opt/airflow/dags/spark_to_elastic_dag.py
[2025-12-24T15:46:24.416+0000] {logging_mixin.py:154} INFO - [2025-12-24T15:46:24.413+0000] {dagbag.py:346} ERROR - Failed to import: /opt/airflow/dags/spark_to_elastic_dag.py
Traceback (most recent call last):
  File "/home/airflow/.local/lib/python3.8/site-packages/airflow/models/dagbag.py", line 342, in parse
    loader.exec_module(new_module)
  File "<frozen importlib._bootstrap_external>", line 843, in exec_module
  File "<frozen importlib._bootstrap>", line 219, in _call_with_frames_removed
  File "/opt/airflow/dags/spark_to_elastic_dag.py", line 2, in <module>
    from airflow.providers.apache.spark.operators.spark_submit import SparkSubmitOperator
ModuleNotFoundError: No module named 'airflow.providers.apache'
[2025-12-24T15:46:24.417+0000] {processor.py:841} WARNING - No viable dags retrieved from /opt/airflow/dags/spark_to_elastic_dag.py
[2025-12-24T15:46:24.443+0000] {processor.py:179} INFO - Processing /opt/airflow/dags/spark_to_elastic_dag.py took 0.044 seconds
[2025-12-24T15:46:54.981+0000] {processor.py:157} INFO - Started process (PID=1058) to work on /opt/airflow/dags/spark_to_elastic_dag.py
[2025-12-24T15:46:54.982+0000] {processor.py:829} INFO - Processing file /opt/airflow/dags/spark_to_elastic_dag.py for tasks to queue
[2025-12-24T15:46:54.983+0000] {logging_mixin.py:154} INFO - [2025-12-24T15:46:54.983+0000] {dagbag.py:536} INFO - Filling up the DagBag from /opt/airflow/dags/spark_to_elastic_dag.py
[2025-12-24T15:46:54.999+0000] {logging_mixin.py:154} INFO - [2025-12-24T15:46:54.996+0000] {dagbag.py:346} ERROR - Failed to import: /opt/airflow/dags/spark_to_elastic_dag.py
Traceback (most recent call last):
  File "/home/airflow/.local/lib/python3.8/site-packages/airflow/models/dagbag.py", line 342, in parse
    loader.exec_module(new_module)
  File "<frozen importlib._bootstrap_external>", line 843, in exec_module
  File "<frozen importlib._bootstrap>", line 219, in _call_with_frames_removed
  File "/opt/airflow/dags/spark_to_elastic_dag.py", line 2, in <module>
    from airflow.providers.apache.spark.operators.spark_submit import SparkSubmitOperator
ModuleNotFoundError: No module named 'airflow.providers.apache'
[2025-12-24T15:46:55.000+0000] {processor.py:841} WARNING - No viable dags retrieved from /opt/airflow/dags/spark_to_elastic_dag.py
[2025-12-24T15:46:55.026+0000] {processor.py:179} INFO - Processing /opt/airflow/dags/spark_to_elastic_dag.py took 0.048 seconds
[2025-12-24T15:47:25.474+0000] {processor.py:157} INFO - Started process (PID=1074) to work on /opt/airflow/dags/spark_to_elastic_dag.py
[2025-12-24T15:47:25.475+0000] {processor.py:829} INFO - Processing file /opt/airflow/dags/spark_to_elastic_dag.py for tasks to queue
[2025-12-24T15:47:25.476+0000] {logging_mixin.py:154} INFO - [2025-12-24T15:47:25.476+0000] {dagbag.py:536} INFO - Filling up the DagBag from /opt/airflow/dags/spark_to_elastic_dag.py
[2025-12-24T15:47:25.487+0000] {logging_mixin.py:154} INFO - [2025-12-24T15:47:25.485+0000] {dagbag.py:346} ERROR - Failed to import: /opt/airflow/dags/spark_to_elastic_dag.py
Traceback (most recent call last):
  File "/home/airflow/.local/lib/python3.8/site-packages/airflow/models/dagbag.py", line 342, in parse
    loader.exec_module(new_module)
  File "<frozen importlib._bootstrap_external>", line 843, in exec_module
  File "<frozen importlib._bootstrap>", line 219, in _call_with_frames_removed
  File "/opt/airflow/dags/spark_to_elastic_dag.py", line 2, in <module>
    from airflow.providers.apache.spark.operators.spark_submit import SparkSubmitOperator
ModuleNotFoundError: No module named 'airflow.providers.apache'
[2025-12-24T15:47:25.488+0000] {processor.py:841} WARNING - No viable dags retrieved from /opt/airflow/dags/spark_to_elastic_dag.py
[2025-12-24T15:47:25.514+0000] {processor.py:179} INFO - Processing /opt/airflow/dags/spark_to_elastic_dag.py took 0.042 seconds
[2025-12-24T15:47:56.034+0000] {processor.py:157} INFO - Started process (PID=1090) to work on /opt/airflow/dags/spark_to_elastic_dag.py
[2025-12-24T15:47:56.035+0000] {processor.py:829} INFO - Processing file /opt/airflow/dags/spark_to_elastic_dag.py for tasks to queue
[2025-12-24T15:47:56.036+0000] {logging_mixin.py:154} INFO - [2025-12-24T15:47:56.036+0000] {dagbag.py:536} INFO - Filling up the DagBag from /opt/airflow/dags/spark_to_elastic_dag.py
[2025-12-24T15:47:56.047+0000] {logging_mixin.py:154} INFO - [2025-12-24T15:47:56.045+0000] {dagbag.py:346} ERROR - Failed to import: /opt/airflow/dags/spark_to_elastic_dag.py
Traceback (most recent call last):
  File "/home/airflow/.local/lib/python3.8/site-packages/airflow/models/dagbag.py", line 342, in parse
    loader.exec_module(new_module)
  File "<frozen importlib._bootstrap_external>", line 843, in exec_module
  File "<frozen importlib._bootstrap>", line 219, in _call_with_frames_removed
  File "/opt/airflow/dags/spark_to_elastic_dag.py", line 2, in <module>
    from airflow.providers.apache.spark.operators.spark_submit import SparkSubmitOperator
ModuleNotFoundError: No module named 'airflow.providers.apache'
[2025-12-24T15:47:56.048+0000] {processor.py:841} WARNING - No viable dags retrieved from /opt/airflow/dags/spark_to_elastic_dag.py
[2025-12-24T15:47:56.067+0000] {processor.py:179} INFO - Processing /opt/airflow/dags/spark_to_elastic_dag.py took 0.035 seconds
[2025-12-24T15:48:26.530+0000] {processor.py:157} INFO - Started process (PID=1106) to work on /opt/airflow/dags/spark_to_elastic_dag.py
[2025-12-24T15:48:26.531+0000] {processor.py:829} INFO - Processing file /opt/airflow/dags/spark_to_elastic_dag.py for tasks to queue
[2025-12-24T15:48:26.532+0000] {logging_mixin.py:154} INFO - [2025-12-24T15:48:26.532+0000] {dagbag.py:536} INFO - Filling up the DagBag from /opt/airflow/dags/spark_to_elastic_dag.py
[2025-12-24T15:48:26.554+0000] {logging_mixin.py:154} INFO - [2025-12-24T15:48:26.550+0000] {dagbag.py:346} ERROR - Failed to import: /opt/airflow/dags/spark_to_elastic_dag.py
Traceback (most recent call last):
  File "/home/airflow/.local/lib/python3.8/site-packages/airflow/models/dagbag.py", line 342, in parse
    loader.exec_module(new_module)
  File "<frozen importlib._bootstrap_external>", line 843, in exec_module
  File "<frozen importlib._bootstrap>", line 219, in _call_with_frames_removed
  File "/opt/airflow/dags/spark_to_elastic_dag.py", line 2, in <module>
    from airflow.providers.apache.spark.operators.spark_submit import SparkSubmitOperator
ModuleNotFoundError: No module named 'airflow.providers.apache'
[2025-12-24T15:48:26.556+0000] {processor.py:841} WARNING - No viable dags retrieved from /opt/airflow/dags/spark_to_elastic_dag.py
[2025-12-24T15:48:26.585+0000] {processor.py:179} INFO - Processing /opt/airflow/dags/spark_to_elastic_dag.py took 0.059 seconds
[2025-12-24T15:48:57.121+0000] {processor.py:157} INFO - Started process (PID=1122) to work on /opt/airflow/dags/spark_to_elastic_dag.py
[2025-12-24T15:48:57.122+0000] {processor.py:829} INFO - Processing file /opt/airflow/dags/spark_to_elastic_dag.py for tasks to queue
[2025-12-24T15:48:57.123+0000] {logging_mixin.py:154} INFO - [2025-12-24T15:48:57.123+0000] {dagbag.py:536} INFO - Filling up the DagBag from /opt/airflow/dags/spark_to_elastic_dag.py
[2025-12-24T15:48:57.140+0000] {logging_mixin.py:154} INFO - [2025-12-24T15:48:57.138+0000] {dagbag.py:346} ERROR - Failed to import: /opt/airflow/dags/spark_to_elastic_dag.py
Traceback (most recent call last):
  File "/home/airflow/.local/lib/python3.8/site-packages/airflow/models/dagbag.py", line 342, in parse
    loader.exec_module(new_module)
  File "<frozen importlib._bootstrap_external>", line 843, in exec_module
  File "<frozen importlib._bootstrap>", line 219, in _call_with_frames_removed
  File "/opt/airflow/dags/spark_to_elastic_dag.py", line 2, in <module>
    from airflow.providers.apache.spark.operators.spark_submit import SparkSubmitOperator
ModuleNotFoundError: No module named 'airflow.providers.apache'
[2025-12-24T15:48:57.141+0000] {processor.py:841} WARNING - No viable dags retrieved from /opt/airflow/dags/spark_to_elastic_dag.py
[2025-12-24T15:48:57.168+0000] {processor.py:179} INFO - Processing /opt/airflow/dags/spark_to_elastic_dag.py took 0.050 seconds
[2025-12-24T15:49:27.658+0000] {processor.py:157} INFO - Started process (PID=1138) to work on /opt/airflow/dags/spark_to_elastic_dag.py
[2025-12-24T15:49:27.659+0000] {processor.py:829} INFO - Processing file /opt/airflow/dags/spark_to_elastic_dag.py for tasks to queue
[2025-12-24T15:49:27.660+0000] {logging_mixin.py:154} INFO - [2025-12-24T15:49:27.659+0000] {dagbag.py:536} INFO - Filling up the DagBag from /opt/airflow/dags/spark_to_elastic_dag.py
[2025-12-24T15:49:27.675+0000] {logging_mixin.py:154} INFO - [2025-12-24T15:49:27.672+0000] {dagbag.py:346} ERROR - Failed to import: /opt/airflow/dags/spark_to_elastic_dag.py
Traceback (most recent call last):
  File "/home/airflow/.local/lib/python3.8/site-packages/airflow/models/dagbag.py", line 342, in parse
    loader.exec_module(new_module)
  File "<frozen importlib._bootstrap_external>", line 843, in exec_module
  File "<frozen importlib._bootstrap>", line 219, in _call_with_frames_removed
  File "/opt/airflow/dags/spark_to_elastic_dag.py", line 2, in <module>
    from airflow.providers.apache.spark.operators.spark_submit import SparkSubmitOperator
ModuleNotFoundError: No module named 'airflow.providers.apache'
[2025-12-24T15:49:27.676+0000] {processor.py:841} WARNING - No viable dags retrieved from /opt/airflow/dags/spark_to_elastic_dag.py
[2025-12-24T15:49:27.702+0000] {processor.py:179} INFO - Processing /opt/airflow/dags/spark_to_elastic_dag.py took 0.048 seconds
[2025-12-24T15:49:58.150+0000] {processor.py:157} INFO - Started process (PID=1154) to work on /opt/airflow/dags/spark_to_elastic_dag.py
[2025-12-24T15:49:58.151+0000] {processor.py:829} INFO - Processing file /opt/airflow/dags/spark_to_elastic_dag.py for tasks to queue
[2025-12-24T15:49:58.152+0000] {logging_mixin.py:154} INFO - [2025-12-24T15:49:58.152+0000] {dagbag.py:536} INFO - Filling up the DagBag from /opt/airflow/dags/spark_to_elastic_dag.py
[2025-12-24T15:49:58.171+0000] {logging_mixin.py:154} INFO - [2025-12-24T15:49:58.167+0000] {dagbag.py:346} ERROR - Failed to import: /opt/airflow/dags/spark_to_elastic_dag.py
Traceback (most recent call last):
  File "/home/airflow/.local/lib/python3.8/site-packages/airflow/models/dagbag.py", line 342, in parse
    loader.exec_module(new_module)
  File "<frozen importlib._bootstrap_external>", line 843, in exec_module
  File "<frozen importlib._bootstrap>", line 219, in _call_with_frames_removed
  File "/opt/airflow/dags/spark_to_elastic_dag.py", line 2, in <module>
    from airflow.providers.apache.spark.operators.spark_submit import SparkSubmitOperator
ModuleNotFoundError: No module named 'airflow.providers.apache'
[2025-12-24T15:49:58.173+0000] {processor.py:841} WARNING - No viable dags retrieved from /opt/airflow/dags/spark_to_elastic_dag.py
[2025-12-24T15:49:58.199+0000] {processor.py:179} INFO - Processing /opt/airflow/dags/spark_to_elastic_dag.py took 0.053 seconds
[2025-12-24T15:50:28.596+0000] {processor.py:157} INFO - Started process (PID=1170) to work on /opt/airflow/dags/spark_to_elastic_dag.py
[2025-12-24T15:50:28.597+0000] {processor.py:829} INFO - Processing file /opt/airflow/dags/spark_to_elastic_dag.py for tasks to queue
[2025-12-24T15:50:28.598+0000] {logging_mixin.py:154} INFO - [2025-12-24T15:50:28.598+0000] {dagbag.py:536} INFO - Filling up the DagBag from /opt/airflow/dags/spark_to_elastic_dag.py
[2025-12-24T15:50:28.615+0000] {logging_mixin.py:154} INFO - [2025-12-24T15:50:28.611+0000] {dagbag.py:346} ERROR - Failed to import: /opt/airflow/dags/spark_to_elastic_dag.py
Traceback (most recent call last):
  File "/home/airflow/.local/lib/python3.8/site-packages/airflow/models/dagbag.py", line 342, in parse
    loader.exec_module(new_module)
  File "<frozen importlib._bootstrap_external>", line 843, in exec_module
  File "<frozen importlib._bootstrap>", line 219, in _call_with_frames_removed
  File "/opt/airflow/dags/spark_to_elastic_dag.py", line 2, in <module>
    from airflow.providers.apache.spark.operators.spark_submit import SparkSubmitOperator
ModuleNotFoundError: No module named 'airflow.providers.apache'
[2025-12-24T15:50:28.617+0000] {processor.py:841} WARNING - No viable dags retrieved from /opt/airflow/dags/spark_to_elastic_dag.py
[2025-12-24T15:50:28.636+0000] {processor.py:179} INFO - Processing /opt/airflow/dags/spark_to_elastic_dag.py took 0.042 seconds
[2025-12-24T15:50:58.895+0000] {processor.py:157} INFO - Started process (PID=1186) to work on /opt/airflow/dags/spark_to_elastic_dag.py
[2025-12-24T15:50:58.896+0000] {processor.py:829} INFO - Processing file /opt/airflow/dags/spark_to_elastic_dag.py for tasks to queue
[2025-12-24T15:50:58.897+0000] {logging_mixin.py:154} INFO - [2025-12-24T15:50:58.897+0000] {dagbag.py:536} INFO - Filling up the DagBag from /opt/airflow/dags/spark_to_elastic_dag.py
[2025-12-24T15:50:58.910+0000] {logging_mixin.py:154} INFO - [2025-12-24T15:50:58.907+0000] {dagbag.py:346} ERROR - Failed to import: /opt/airflow/dags/spark_to_elastic_dag.py
Traceback (most recent call last):
  File "/home/airflow/.local/lib/python3.8/site-packages/airflow/models/dagbag.py", line 342, in parse
    loader.exec_module(new_module)
  File "<frozen importlib._bootstrap_external>", line 843, in exec_module
  File "<frozen importlib._bootstrap>", line 219, in _call_with_frames_removed
  File "/opt/airflow/dags/spark_to_elastic_dag.py", line 2, in <module>
    from airflow.providers.apache.spark.operators.spark_submit import SparkSubmitOperator
ModuleNotFoundError: No module named 'airflow.providers.apache'
[2025-12-24T15:50:58.911+0000] {processor.py:841} WARNING - No viable dags retrieved from /opt/airflow/dags/spark_to_elastic_dag.py
[2025-12-24T15:50:58.933+0000] {processor.py:179} INFO - Processing /opt/airflow/dags/spark_to_elastic_dag.py took 0.041 seconds
[2025-12-24T15:51:29.347+0000] {processor.py:157} INFO - Started process (PID=1202) to work on /opt/airflow/dags/spark_to_elastic_dag.py
[2025-12-24T15:51:29.349+0000] {processor.py:829} INFO - Processing file /opt/airflow/dags/spark_to_elastic_dag.py for tasks to queue
[2025-12-24T15:51:29.350+0000] {logging_mixin.py:154} INFO - [2025-12-24T15:51:29.350+0000] {dagbag.py:536} INFO - Filling up the DagBag from /opt/airflow/dags/spark_to_elastic_dag.py
[2025-12-24T15:51:29.378+0000] {logging_mixin.py:154} INFO - [2025-12-24T15:51:29.374+0000] {dagbag.py:346} ERROR - Failed to import: /opt/airflow/dags/spark_to_elastic_dag.py
Traceback (most recent call last):
  File "/home/airflow/.local/lib/python3.8/site-packages/airflow/models/dagbag.py", line 342, in parse
    loader.exec_module(new_module)
  File "<frozen importlib._bootstrap_external>", line 843, in exec_module
  File "<frozen importlib._bootstrap>", line 219, in _call_with_frames_removed
  File "/opt/airflow/dags/spark_to_elastic_dag.py", line 2, in <module>
    from airflow.providers.apache.spark.operators.spark_submit import SparkSubmitOperator
ModuleNotFoundError: No module named 'airflow.providers.apache'
[2025-12-24T15:51:29.379+0000] {processor.py:841} WARNING - No viable dags retrieved from /opt/airflow/dags/spark_to_elastic_dag.py
[2025-12-24T15:51:29.408+0000] {processor.py:179} INFO - Processing /opt/airflow/dags/spark_to_elastic_dag.py took 0.065 seconds
[2025-12-24T15:51:59.936+0000] {processor.py:157} INFO - Started process (PID=1218) to work on /opt/airflow/dags/spark_to_elastic_dag.py
[2025-12-24T15:51:59.937+0000] {processor.py:829} INFO - Processing file /opt/airflow/dags/spark_to_elastic_dag.py for tasks to queue
[2025-12-24T15:51:59.938+0000] {logging_mixin.py:154} INFO - [2025-12-24T15:51:59.938+0000] {dagbag.py:536} INFO - Filling up the DagBag from /opt/airflow/dags/spark_to_elastic_dag.py
[2025-12-24T15:51:59.951+0000] {logging_mixin.py:154} INFO - [2025-12-24T15:51:59.948+0000] {dagbag.py:346} ERROR - Failed to import: /opt/airflow/dags/spark_to_elastic_dag.py
Traceback (most recent call last):
  File "/home/airflow/.local/lib/python3.8/site-packages/airflow/models/dagbag.py", line 342, in parse
    loader.exec_module(new_module)
  File "<frozen importlib._bootstrap_external>", line 843, in exec_module
  File "<frozen importlib._bootstrap>", line 219, in _call_with_frames_removed
  File "/opt/airflow/dags/spark_to_elastic_dag.py", line 2, in <module>
    from airflow.providers.apache.spark.operators.spark_submit import SparkSubmitOperator
ModuleNotFoundError: No module named 'airflow.providers.apache'
[2025-12-24T15:51:59.952+0000] {processor.py:841} WARNING - No viable dags retrieved from /opt/airflow/dags/spark_to_elastic_dag.py
[2025-12-24T15:51:59.980+0000] {processor.py:179} INFO - Processing /opt/airflow/dags/spark_to_elastic_dag.py took 0.047 seconds
[2025-12-24T15:52:30.464+0000] {processor.py:157} INFO - Started process (PID=1234) to work on /opt/airflow/dags/spark_to_elastic_dag.py
[2025-12-24T15:52:30.465+0000] {processor.py:829} INFO - Processing file /opt/airflow/dags/spark_to_elastic_dag.py for tasks to queue
[2025-12-24T15:52:30.467+0000] {logging_mixin.py:154} INFO - [2025-12-24T15:52:30.466+0000] {dagbag.py:536} INFO - Filling up the DagBag from /opt/airflow/dags/spark_to_elastic_dag.py
[2025-12-24T15:52:30.489+0000] {logging_mixin.py:154} INFO - [2025-12-24T15:52:30.484+0000] {dagbag.py:346} ERROR - Failed to import: /opt/airflow/dags/spark_to_elastic_dag.py
Traceback (most recent call last):
  File "/home/airflow/.local/lib/python3.8/site-packages/airflow/models/dagbag.py", line 342, in parse
    loader.exec_module(new_module)
  File "<frozen importlib._bootstrap_external>", line 843, in exec_module
  File "<frozen importlib._bootstrap>", line 219, in _call_with_frames_removed
  File "/opt/airflow/dags/spark_to_elastic_dag.py", line 2, in <module>
    from airflow.providers.apache.spark.operators.spark_submit import SparkSubmitOperator
ModuleNotFoundError: No module named 'airflow.providers.apache'
[2025-12-24T15:52:30.491+0000] {processor.py:841} WARNING - No viable dags retrieved from /opt/airflow/dags/spark_to_elastic_dag.py
[2025-12-24T15:52:30.523+0000] {processor.py:179} INFO - Processing /opt/airflow/dags/spark_to_elastic_dag.py took 0.063 seconds
[2025-12-24T15:53:00.986+0000] {processor.py:157} INFO - Started process (PID=1250) to work on /opt/airflow/dags/spark_to_elastic_dag.py
[2025-12-24T15:53:00.987+0000] {processor.py:829} INFO - Processing file /opt/airflow/dags/spark_to_elastic_dag.py for tasks to queue
[2025-12-24T15:53:00.987+0000] {logging_mixin.py:154} INFO - [2025-12-24T15:53:00.987+0000] {dagbag.py:536} INFO - Filling up the DagBag from /opt/airflow/dags/spark_to_elastic_dag.py
[2025-12-24T15:53:01.001+0000] {logging_mixin.py:154} INFO - [2025-12-24T15:53:00.998+0000] {dagbag.py:346} ERROR - Failed to import: /opt/airflow/dags/spark_to_elastic_dag.py
Traceback (most recent call last):
  File "/home/airflow/.local/lib/python3.8/site-packages/airflow/models/dagbag.py", line 342, in parse
    loader.exec_module(new_module)
  File "<frozen importlib._bootstrap_external>", line 843, in exec_module
  File "<frozen importlib._bootstrap>", line 219, in _call_with_frames_removed
  File "/opt/airflow/dags/spark_to_elastic_dag.py", line 2, in <module>
    from airflow.providers.apache.spark.operators.spark_submit import SparkSubmitOperator
ModuleNotFoundError: No module named 'airflow.providers.apache'
[2025-12-24T15:53:01.002+0000] {processor.py:841} WARNING - No viable dags retrieved from /opt/airflow/dags/spark_to_elastic_dag.py
[2025-12-24T15:53:01.021+0000] {processor.py:179} INFO - Processing /opt/airflow/dags/spark_to_elastic_dag.py took 0.039 seconds
[2025-12-24T15:53:31.489+0000] {processor.py:157} INFO - Started process (PID=1266) to work on /opt/airflow/dags/spark_to_elastic_dag.py
[2025-12-24T15:53:31.490+0000] {processor.py:829} INFO - Processing file /opt/airflow/dags/spark_to_elastic_dag.py for tasks to queue
[2025-12-24T15:53:31.491+0000] {logging_mixin.py:154} INFO - [2025-12-24T15:53:31.491+0000] {dagbag.py:536} INFO - Filling up the DagBag from /opt/airflow/dags/spark_to_elastic_dag.py
[2025-12-24T15:53:31.512+0000] {logging_mixin.py:154} INFO - [2025-12-24T15:53:31.507+0000] {dagbag.py:346} ERROR - Failed to import: /opt/airflow/dags/spark_to_elastic_dag.py
Traceback (most recent call last):
  File "/home/airflow/.local/lib/python3.8/site-packages/airflow/models/dagbag.py", line 342, in parse
    loader.exec_module(new_module)
  File "<frozen importlib._bootstrap_external>", line 843, in exec_module
  File "<frozen importlib._bootstrap>", line 219, in _call_with_frames_removed
  File "/opt/airflow/dags/spark_to_elastic_dag.py", line 2, in <module>
    from airflow.providers.apache.spark.operators.spark_submit import SparkSubmitOperator
ModuleNotFoundError: No module named 'airflow.providers.apache'
[2025-12-24T15:53:31.513+0000] {processor.py:841} WARNING - No viable dags retrieved from /opt/airflow/dags/spark_to_elastic_dag.py
[2025-12-24T15:53:31.533+0000] {processor.py:179} INFO - Processing /opt/airflow/dags/spark_to_elastic_dag.py took 0.047 seconds
[2025-12-24T15:54:01.936+0000] {processor.py:157} INFO - Started process (PID=1282) to work on /opt/airflow/dags/spark_to_elastic_dag.py
[2025-12-24T15:54:01.938+0000] {processor.py:829} INFO - Processing file /opt/airflow/dags/spark_to_elastic_dag.py for tasks to queue
[2025-12-24T15:54:01.939+0000] {logging_mixin.py:154} INFO - [2025-12-24T15:54:01.939+0000] {dagbag.py:536} INFO - Filling up the DagBag from /opt/airflow/dags/spark_to_elastic_dag.py
[2025-12-24T15:54:01.961+0000] {logging_mixin.py:154} INFO - [2025-12-24T15:54:01.956+0000] {dagbag.py:346} ERROR - Failed to import: /opt/airflow/dags/spark_to_elastic_dag.py
Traceback (most recent call last):
  File "/home/airflow/.local/lib/python3.8/site-packages/airflow/models/dagbag.py", line 342, in parse
    loader.exec_module(new_module)
  File "<frozen importlib._bootstrap_external>", line 843, in exec_module
  File "<frozen importlib._bootstrap>", line 219, in _call_with_frames_removed
  File "/opt/airflow/dags/spark_to_elastic_dag.py", line 2, in <module>
    from airflow.providers.apache.spark.operators.spark_submit import SparkSubmitOperator
ModuleNotFoundError: No module named 'airflow.providers.apache'
[2025-12-24T15:54:01.963+0000] {processor.py:841} WARNING - No viable dags retrieved from /opt/airflow/dags/spark_to_elastic_dag.py
[2025-12-24T15:54:01.986+0000] {processor.py:179} INFO - Processing /opt/airflow/dags/spark_to_elastic_dag.py took 0.054 seconds
[2025-12-24T15:54:32.397+0000] {processor.py:157} INFO - Started process (PID=1298) to work on /opt/airflow/dags/spark_to_elastic_dag.py
[2025-12-24T15:54:32.398+0000] {processor.py:829} INFO - Processing file /opt/airflow/dags/spark_to_elastic_dag.py for tasks to queue
[2025-12-24T15:54:32.399+0000] {logging_mixin.py:154} INFO - [2025-12-24T15:54:32.399+0000] {dagbag.py:536} INFO - Filling up the DagBag from /opt/airflow/dags/spark_to_elastic_dag.py
[2025-12-24T15:54:32.413+0000] {logging_mixin.py:154} INFO - [2025-12-24T15:54:32.410+0000] {dagbag.py:346} ERROR - Failed to import: /opt/airflow/dags/spark_to_elastic_dag.py
Traceback (most recent call last):
  File "/home/airflow/.local/lib/python3.8/site-packages/airflow/models/dagbag.py", line 342, in parse
    loader.exec_module(new_module)
  File "<frozen importlib._bootstrap_external>", line 843, in exec_module
  File "<frozen importlib._bootstrap>", line 219, in _call_with_frames_removed
  File "/opt/airflow/dags/spark_to_elastic_dag.py", line 2, in <module>
    from airflow.providers.apache.spark.operators.spark_submit import SparkSubmitOperator
ModuleNotFoundError: No module named 'airflow.providers.apache'
[2025-12-24T15:54:32.414+0000] {processor.py:841} WARNING - No viable dags retrieved from /opt/airflow/dags/spark_to_elastic_dag.py
[2025-12-24T15:54:32.436+0000] {processor.py:179} INFO - Processing /opt/airflow/dags/spark_to_elastic_dag.py took 0.044 seconds
[2025-12-24T15:55:02.795+0000] {processor.py:157} INFO - Started process (PID=1314) to work on /opt/airflow/dags/spark_to_elastic_dag.py
[2025-12-24T15:55:02.796+0000] {processor.py:829} INFO - Processing file /opt/airflow/dags/spark_to_elastic_dag.py for tasks to queue
[2025-12-24T15:55:02.797+0000] {logging_mixin.py:154} INFO - [2025-12-24T15:55:02.797+0000] {dagbag.py:536} INFO - Filling up the DagBag from /opt/airflow/dags/spark_to_elastic_dag.py
[2025-12-24T15:55:02.812+0000] {logging_mixin.py:154} INFO - [2025-12-24T15:55:02.809+0000] {dagbag.py:346} ERROR - Failed to import: /opt/airflow/dags/spark_to_elastic_dag.py
Traceback (most recent call last):
  File "/home/airflow/.local/lib/python3.8/site-packages/airflow/models/dagbag.py", line 342, in parse
    loader.exec_module(new_module)
  File "<frozen importlib._bootstrap_external>", line 843, in exec_module
  File "<frozen importlib._bootstrap>", line 219, in _call_with_frames_removed
  File "/opt/airflow/dags/spark_to_elastic_dag.py", line 2, in <module>
    from airflow.providers.apache.spark.operators.spark_submit import SparkSubmitOperator
ModuleNotFoundError: No module named 'airflow.providers.apache'
[2025-12-24T15:55:02.814+0000] {processor.py:841} WARNING - No viable dags retrieved from /opt/airflow/dags/spark_to_elastic_dag.py
[2025-12-24T15:55:02.832+0000] {processor.py:179} INFO - Processing /opt/airflow/dags/spark_to_elastic_dag.py took 0.041 seconds
[2025-12-24T15:55:33.227+0000] {processor.py:157} INFO - Started process (PID=1330) to work on /opt/airflow/dags/spark_to_elastic_dag.py
[2025-12-24T15:55:33.228+0000] {processor.py:829} INFO - Processing file /opt/airflow/dags/spark_to_elastic_dag.py for tasks to queue
[2025-12-24T15:55:33.228+0000] {logging_mixin.py:154} INFO - [2025-12-24T15:55:33.228+0000] {dagbag.py:536} INFO - Filling up the DagBag from /opt/airflow/dags/spark_to_elastic_dag.py
[2025-12-24T15:55:33.240+0000] {logging_mixin.py:154} INFO - [2025-12-24T15:55:33.237+0000] {dagbag.py:346} ERROR - Failed to import: /opt/airflow/dags/spark_to_elastic_dag.py
Traceback (most recent call last):
  File "/home/airflow/.local/lib/python3.8/site-packages/airflow/models/dagbag.py", line 342, in parse
    loader.exec_module(new_module)
  File "<frozen importlib._bootstrap_external>", line 843, in exec_module
  File "<frozen importlib._bootstrap>", line 219, in _call_with_frames_removed
  File "/opt/airflow/dags/spark_to_elastic_dag.py", line 2, in <module>
    from airflow.providers.apache.spark.operators.spark_submit import SparkSubmitOperator
ModuleNotFoundError: No module named 'airflow.providers.apache'
[2025-12-24T15:55:33.241+0000] {processor.py:841} WARNING - No viable dags retrieved from /opt/airflow/dags/spark_to_elastic_dag.py
[2025-12-24T15:55:33.264+0000] {processor.py:179} INFO - Processing /opt/airflow/dags/spark_to_elastic_dag.py took 0.040 seconds
[2025-12-24T15:56:03.653+0000] {processor.py:157} INFO - Started process (PID=1346) to work on /opt/airflow/dags/spark_to_elastic_dag.py
[2025-12-24T15:56:03.654+0000] {processor.py:829} INFO - Processing file /opt/airflow/dags/spark_to_elastic_dag.py for tasks to queue
[2025-12-24T15:56:03.656+0000] {logging_mixin.py:154} INFO - [2025-12-24T15:56:03.655+0000] {dagbag.py:536} INFO - Filling up the DagBag from /opt/airflow/dags/spark_to_elastic_dag.py
[2025-12-24T15:56:03.674+0000] {logging_mixin.py:154} INFO - [2025-12-24T15:56:03.670+0000] {dagbag.py:346} ERROR - Failed to import: /opt/airflow/dags/spark_to_elastic_dag.py
Traceback (most recent call last):
  File "/home/airflow/.local/lib/python3.8/site-packages/airflow/models/dagbag.py", line 342, in parse
    loader.exec_module(new_module)
  File "<frozen importlib._bootstrap_external>", line 843, in exec_module
  File "<frozen importlib._bootstrap>", line 219, in _call_with_frames_removed
  File "/opt/airflow/dags/spark_to_elastic_dag.py", line 2, in <module>
    from airflow.providers.apache.spark.operators.spark_submit import SparkSubmitOperator
ModuleNotFoundError: No module named 'airflow.providers.apache'
[2025-12-24T15:56:03.676+0000] {processor.py:841} WARNING - No viable dags retrieved from /opt/airflow/dags/spark_to_elastic_dag.py
[2025-12-24T15:56:03.708+0000] {processor.py:179} INFO - Processing /opt/airflow/dags/spark_to_elastic_dag.py took 0.066 seconds
[2025-12-24T15:56:34.153+0000] {processor.py:157} INFO - Started process (PID=1362) to work on /opt/airflow/dags/spark_to_elastic_dag.py
[2025-12-24T15:56:34.154+0000] {processor.py:829} INFO - Processing file /opt/airflow/dags/spark_to_elastic_dag.py for tasks to queue
[2025-12-24T15:56:34.155+0000] {logging_mixin.py:154} INFO - [2025-12-24T15:56:34.155+0000] {dagbag.py:536} INFO - Filling up the DagBag from /opt/airflow/dags/spark_to_elastic_dag.py
[2025-12-24T15:56:34.172+0000] {logging_mixin.py:154} INFO - [2025-12-24T15:56:34.169+0000] {dagbag.py:346} ERROR - Failed to import: /opt/airflow/dags/spark_to_elastic_dag.py
Traceback (most recent call last):
  File "/home/airflow/.local/lib/python3.8/site-packages/airflow/models/dagbag.py", line 342, in parse
    loader.exec_module(new_module)
  File "<frozen importlib._bootstrap_external>", line 843, in exec_module
  File "<frozen importlib._bootstrap>", line 219, in _call_with_frames_removed
  File "/opt/airflow/dags/spark_to_elastic_dag.py", line 2, in <module>
    from airflow.providers.apache.spark.operators.spark_submit import SparkSubmitOperator
ModuleNotFoundError: No module named 'airflow.providers.apache'
[2025-12-24T15:56:34.174+0000] {processor.py:841} WARNING - No viable dags retrieved from /opt/airflow/dags/spark_to_elastic_dag.py
[2025-12-24T15:56:34.192+0000] {processor.py:179} INFO - Processing /opt/airflow/dags/spark_to_elastic_dag.py took 0.043 seconds
[2025-12-24T15:57:04.565+0000] {processor.py:157} INFO - Started process (PID=1378) to work on /opt/airflow/dags/spark_to_elastic_dag.py
[2025-12-24T15:57:04.566+0000] {processor.py:829} INFO - Processing file /opt/airflow/dags/spark_to_elastic_dag.py for tasks to queue
[2025-12-24T15:57:04.567+0000] {logging_mixin.py:154} INFO - [2025-12-24T15:57:04.566+0000] {dagbag.py:536} INFO - Filling up the DagBag from /opt/airflow/dags/spark_to_elastic_dag.py
[2025-12-24T15:57:04.578+0000] {logging_mixin.py:154} INFO - [2025-12-24T15:57:04.575+0000] {dagbag.py:346} ERROR - Failed to import: /opt/airflow/dags/spark_to_elastic_dag.py
Traceback (most recent call last):
  File "/home/airflow/.local/lib/python3.8/site-packages/airflow/models/dagbag.py", line 342, in parse
    loader.exec_module(new_module)
  File "<frozen importlib._bootstrap_external>", line 843, in exec_module
  File "<frozen importlib._bootstrap>", line 219, in _call_with_frames_removed
  File "/opt/airflow/dags/spark_to_elastic_dag.py", line 2, in <module>
    from airflow.providers.apache.spark.operators.spark_submit import SparkSubmitOperator
ModuleNotFoundError: No module named 'airflow.providers.apache'
[2025-12-24T15:57:04.579+0000] {processor.py:841} WARNING - No viable dags retrieved from /opt/airflow/dags/spark_to_elastic_dag.py
[2025-12-24T15:57:04.606+0000] {processor.py:179} INFO - Processing /opt/airflow/dags/spark_to_elastic_dag.py took 0.044 seconds
[2025-12-24T15:57:35.084+0000] {processor.py:157} INFO - Started process (PID=1394) to work on /opt/airflow/dags/spark_to_elastic_dag.py
[2025-12-24T15:57:35.086+0000] {processor.py:829} INFO - Processing file /opt/airflow/dags/spark_to_elastic_dag.py for tasks to queue
[2025-12-24T15:57:35.089+0000] {logging_mixin.py:154} INFO - [2025-12-24T15:57:35.088+0000] {dagbag.py:536} INFO - Filling up the DagBag from /opt/airflow/dags/spark_to_elastic_dag.py
[2025-12-24T15:57:35.125+0000] {logging_mixin.py:154} INFO - [2025-12-24T15:57:35.116+0000] {dagbag.py:346} ERROR - Failed to import: /opt/airflow/dags/spark_to_elastic_dag.py
Traceback (most recent call last):
  File "/home/airflow/.local/lib/python3.8/site-packages/airflow/models/dagbag.py", line 342, in parse
    loader.exec_module(new_module)
  File "<frozen importlib._bootstrap_external>", line 843, in exec_module
  File "<frozen importlib._bootstrap>", line 219, in _call_with_frames_removed
  File "/opt/airflow/dags/spark_to_elastic_dag.py", line 2, in <module>
    from airflow.providers.apache.spark.operators.spark_submit import SparkSubmitOperator
ModuleNotFoundError: No module named 'airflow.providers.apache'
[2025-12-24T15:57:35.128+0000] {processor.py:841} WARNING - No viable dags retrieved from /opt/airflow/dags/spark_to_elastic_dag.py
[2025-12-24T15:57:35.186+0000] {processor.py:179} INFO - Processing /opt/airflow/dags/spark_to_elastic_dag.py took 0.114 seconds
[2025-12-24T15:58:05.563+0000] {processor.py:157} INFO - Started process (PID=1410) to work on /opt/airflow/dags/spark_to_elastic_dag.py
[2025-12-24T15:58:05.564+0000] {processor.py:829} INFO - Processing file /opt/airflow/dags/spark_to_elastic_dag.py for tasks to queue
[2025-12-24T15:58:05.565+0000] {logging_mixin.py:154} INFO - [2025-12-24T15:58:05.564+0000] {dagbag.py:536} INFO - Filling up the DagBag from /opt/airflow/dags/spark_to_elastic_dag.py
[2025-12-24T15:58:05.579+0000] {logging_mixin.py:154} INFO - [2025-12-24T15:58:05.576+0000] {dagbag.py:346} ERROR - Failed to import: /opt/airflow/dags/spark_to_elastic_dag.py
Traceback (most recent call last):
  File "/home/airflow/.local/lib/python3.8/site-packages/airflow/models/dagbag.py", line 342, in parse
    loader.exec_module(new_module)
  File "<frozen importlib._bootstrap_external>", line 843, in exec_module
  File "<frozen importlib._bootstrap>", line 219, in _call_with_frames_removed
  File "/opt/airflow/dags/spark_to_elastic_dag.py", line 2, in <module>
    from airflow.providers.apache.spark.operators.spark_submit import SparkSubmitOperator
ModuleNotFoundError: No module named 'airflow.providers.apache'
[2025-12-24T15:58:05.581+0000] {processor.py:841} WARNING - No viable dags retrieved from /opt/airflow/dags/spark_to_elastic_dag.py
[2025-12-24T15:58:05.602+0000] {processor.py:179} INFO - Processing /opt/airflow/dags/spark_to_elastic_dag.py took 0.042 seconds
[2025-12-24T15:58:35.960+0000] {processor.py:157} INFO - Started process (PID=1426) to work on /opt/airflow/dags/spark_to_elastic_dag.py
[2025-12-24T15:58:35.961+0000] {processor.py:829} INFO - Processing file /opt/airflow/dags/spark_to_elastic_dag.py for tasks to queue
[2025-12-24T15:58:35.962+0000] {logging_mixin.py:154} INFO - [2025-12-24T15:58:35.962+0000] {dagbag.py:536} INFO - Filling up the DagBag from /opt/airflow/dags/spark_to_elastic_dag.py
[2025-12-24T15:58:35.975+0000] {logging_mixin.py:154} INFO - [2025-12-24T15:58:35.972+0000] {dagbag.py:346} ERROR - Failed to import: /opt/airflow/dags/spark_to_elastic_dag.py
Traceback (most recent call last):
  File "/home/airflow/.local/lib/python3.8/site-packages/airflow/models/dagbag.py", line 342, in parse
    loader.exec_module(new_module)
  File "<frozen importlib._bootstrap_external>", line 843, in exec_module
  File "<frozen importlib._bootstrap>", line 219, in _call_with_frames_removed
  File "/opt/airflow/dags/spark_to_elastic_dag.py", line 2, in <module>
    from airflow.providers.apache.spark.operators.spark_submit import SparkSubmitOperator
ModuleNotFoundError: No module named 'airflow.providers.apache'
[2025-12-24T15:58:35.976+0000] {processor.py:841} WARNING - No viable dags retrieved from /opt/airflow/dags/spark_to_elastic_dag.py
[2025-12-24T15:58:36.003+0000] {processor.py:179} INFO - Processing /opt/airflow/dags/spark_to_elastic_dag.py took 0.046 seconds
[2025-12-24T15:59:06.438+0000] {processor.py:157} INFO - Started process (PID=1442) to work on /opt/airflow/dags/spark_to_elastic_dag.py
[2025-12-24T15:59:06.439+0000] {processor.py:829} INFO - Processing file /opt/airflow/dags/spark_to_elastic_dag.py for tasks to queue
[2025-12-24T15:59:06.440+0000] {logging_mixin.py:154} INFO - [2025-12-24T15:59:06.439+0000] {dagbag.py:536} INFO - Filling up the DagBag from /opt/airflow/dags/spark_to_elastic_dag.py
[2025-12-24T15:59:06.451+0000] {logging_mixin.py:154} INFO - [2025-12-24T15:59:06.448+0000] {dagbag.py:346} ERROR - Failed to import: /opt/airflow/dags/spark_to_elastic_dag.py
Traceback (most recent call last):
  File "/home/airflow/.local/lib/python3.8/site-packages/airflow/models/dagbag.py", line 342, in parse
    loader.exec_module(new_module)
  File "<frozen importlib._bootstrap_external>", line 843, in exec_module
  File "<frozen importlib._bootstrap>", line 219, in _call_with_frames_removed
  File "/opt/airflow/dags/spark_to_elastic_dag.py", line 2, in <module>
    from airflow.providers.apache.spark.operators.spark_submit import SparkSubmitOperator
ModuleNotFoundError: No module named 'airflow.providers.apache'
[2025-12-24T15:59:06.452+0000] {processor.py:841} WARNING - No viable dags retrieved from /opt/airflow/dags/spark_to_elastic_dag.py
[2025-12-24T15:59:06.470+0000] {processor.py:179} INFO - Processing /opt/airflow/dags/spark_to_elastic_dag.py took 0.035 seconds
[2025-12-24T15:59:36.938+0000] {processor.py:157} INFO - Started process (PID=1458) to work on /opt/airflow/dags/spark_to_elastic_dag.py
[2025-12-24T15:59:36.939+0000] {processor.py:829} INFO - Processing file /opt/airflow/dags/spark_to_elastic_dag.py for tasks to queue
[2025-12-24T15:59:36.940+0000] {logging_mixin.py:154} INFO - [2025-12-24T15:59:36.940+0000] {dagbag.py:536} INFO - Filling up the DagBag from /opt/airflow/dags/spark_to_elastic_dag.py
[2025-12-24T15:59:36.969+0000] {logging_mixin.py:154} INFO - [2025-12-24T15:59:36.965+0000] {dagbag.py:346} ERROR - Failed to import: /opt/airflow/dags/spark_to_elastic_dag.py
Traceback (most recent call last):
  File "/home/airflow/.local/lib/python3.8/site-packages/airflow/models/dagbag.py", line 342, in parse
    loader.exec_module(new_module)
  File "<frozen importlib._bootstrap_external>", line 843, in exec_module
  File "<frozen importlib._bootstrap>", line 219, in _call_with_frames_removed
  File "/opt/airflow/dags/spark_to_elastic_dag.py", line 2, in <module>
    from airflow.providers.apache.spark.operators.spark_submit import SparkSubmitOperator
ModuleNotFoundError: No module named 'airflow.providers.apache'
[2025-12-24T15:59:36.971+0000] {processor.py:841} WARNING - No viable dags retrieved from /opt/airflow/dags/spark_to_elastic_dag.py
[2025-12-24T15:59:36.997+0000] {processor.py:179} INFO - Processing /opt/airflow/dags/spark_to_elastic_dag.py took 0.064 seconds
[2025-12-24T16:00:07.482+0000] {processor.py:157} INFO - Started process (PID=1474) to work on /opt/airflow/dags/spark_to_elastic_dag.py
[2025-12-24T16:00:07.483+0000] {processor.py:829} INFO - Processing file /opt/airflow/dags/spark_to_elastic_dag.py for tasks to queue
[2025-12-24T16:00:07.484+0000] {logging_mixin.py:154} INFO - [2025-12-24T16:00:07.484+0000] {dagbag.py:536} INFO - Filling up the DagBag from /opt/airflow/dags/spark_to_elastic_dag.py
[2025-12-24T16:00:07.494+0000] {logging_mixin.py:154} INFO - [2025-12-24T16:00:07.492+0000] {dagbag.py:346} ERROR - Failed to import: /opt/airflow/dags/spark_to_elastic_dag.py
Traceback (most recent call last):
  File "/home/airflow/.local/lib/python3.8/site-packages/airflow/models/dagbag.py", line 342, in parse
    loader.exec_module(new_module)
  File "<frozen importlib._bootstrap_external>", line 843, in exec_module
  File "<frozen importlib._bootstrap>", line 219, in _call_with_frames_removed
  File "/opt/airflow/dags/spark_to_elastic_dag.py", line 2, in <module>
    from airflow.providers.apache.spark.operators.spark_submit import SparkSubmitOperator
ModuleNotFoundError: No module named 'airflow.providers.apache'
[2025-12-24T16:00:07.495+0000] {processor.py:841} WARNING - No viable dags retrieved from /opt/airflow/dags/spark_to_elastic_dag.py
[2025-12-24T16:00:07.515+0000] {processor.py:179} INFO - Processing /opt/airflow/dags/spark_to_elastic_dag.py took 0.037 seconds
[2025-12-24T16:00:37.579+0000] {processor.py:157} INFO - Started process (PID=1490) to work on /opt/airflow/dags/spark_to_elastic_dag.py
[2025-12-24T16:00:37.580+0000] {processor.py:829} INFO - Processing file /opt/airflow/dags/spark_to_elastic_dag.py for tasks to queue
[2025-12-24T16:00:37.582+0000] {logging_mixin.py:154} INFO - [2025-12-24T16:00:37.581+0000] {dagbag.py:536} INFO - Filling up the DagBag from /opt/airflow/dags/spark_to_elastic_dag.py
[2025-12-24T16:00:37.609+0000] {logging_mixin.py:154} INFO - [2025-12-24T16:00:37.603+0000] {dagbag.py:346} ERROR - Failed to import: /opt/airflow/dags/spark_to_elastic_dag.py
Traceback (most recent call last):
  File "/home/airflow/.local/lib/python3.8/site-packages/airflow/models/dagbag.py", line 342, in parse
    loader.exec_module(new_module)
  File "<frozen importlib._bootstrap_external>", line 843, in exec_module
  File "<frozen importlib._bootstrap>", line 219, in _call_with_frames_removed
  File "/opt/airflow/dags/spark_to_elastic_dag.py", line 2, in <module>
    from airflow.providers.apache.spark.operators.spark_submit import SparkSubmitOperator
ModuleNotFoundError: No module named 'airflow.providers.apache'
[2025-12-24T16:00:37.611+0000] {processor.py:841} WARNING - No viable dags retrieved from /opt/airflow/dags/spark_to_elastic_dag.py
[2025-12-24T16:00:37.641+0000] {processor.py:179} INFO - Processing /opt/airflow/dags/spark_to_elastic_dag.py took 0.070 seconds
[2025-12-24T16:01:08.173+0000] {processor.py:157} INFO - Started process (PID=1506) to work on /opt/airflow/dags/spark_to_elastic_dag.py
[2025-12-24T16:01:08.174+0000] {processor.py:829} INFO - Processing file /opt/airflow/dags/spark_to_elastic_dag.py for tasks to queue
[2025-12-24T16:01:08.175+0000] {logging_mixin.py:154} INFO - [2025-12-24T16:01:08.174+0000] {dagbag.py:536} INFO - Filling up the DagBag from /opt/airflow/dags/spark_to_elastic_dag.py
[2025-12-24T16:01:08.188+0000] {logging_mixin.py:154} INFO - [2025-12-24T16:01:08.185+0000] {dagbag.py:346} ERROR - Failed to import: /opt/airflow/dags/spark_to_elastic_dag.py
Traceback (most recent call last):
  File "/home/airflow/.local/lib/python3.8/site-packages/airflow/models/dagbag.py", line 342, in parse
    loader.exec_module(new_module)
  File "<frozen importlib._bootstrap_external>", line 843, in exec_module
  File "<frozen importlib._bootstrap>", line 219, in _call_with_frames_removed
  File "/opt/airflow/dags/spark_to_elastic_dag.py", line 2, in <module>
    from airflow.providers.apache.spark.operators.spark_submit import SparkSubmitOperator
ModuleNotFoundError: No module named 'airflow.providers.apache'
[2025-12-24T16:01:08.189+0000] {processor.py:841} WARNING - No viable dags retrieved from /opt/airflow/dags/spark_to_elastic_dag.py
[2025-12-24T16:01:08.208+0000] {processor.py:179} INFO - Processing /opt/airflow/dags/spark_to_elastic_dag.py took 0.039 seconds
[2025-12-24T16:01:38.785+0000] {processor.py:157} INFO - Started process (PID=1522) to work on /opt/airflow/dags/spark_to_elastic_dag.py
[2025-12-24T16:01:38.787+0000] {processor.py:829} INFO - Processing file /opt/airflow/dags/spark_to_elastic_dag.py for tasks to queue
[2025-12-24T16:01:38.789+0000] {logging_mixin.py:154} INFO - [2025-12-24T16:01:38.788+0000] {dagbag.py:536} INFO - Filling up the DagBag from /opt/airflow/dags/spark_to_elastic_dag.py
[2025-12-24T16:01:38.809+0000] {logging_mixin.py:154} INFO - [2025-12-24T16:01:38.805+0000] {dagbag.py:346} ERROR - Failed to import: /opt/airflow/dags/spark_to_elastic_dag.py
Traceback (most recent call last):
  File "/home/airflow/.local/lib/python3.8/site-packages/airflow/models/dagbag.py", line 342, in parse
    loader.exec_module(new_module)
  File "<frozen importlib._bootstrap_external>", line 843, in exec_module
  File "<frozen importlib._bootstrap>", line 219, in _call_with_frames_removed
  File "/opt/airflow/dags/spark_to_elastic_dag.py", line 2, in <module>
    from airflow.providers.apache.spark.operators.spark_submit import SparkSubmitOperator
ModuleNotFoundError: No module named 'airflow.providers.apache'
[2025-12-24T16:01:38.810+0000] {processor.py:841} WARNING - No viable dags retrieved from /opt/airflow/dags/spark_to_elastic_dag.py
[2025-12-24T16:01:38.841+0000] {processor.py:179} INFO - Processing /opt/airflow/dags/spark_to_elastic_dag.py took 0.060 seconds
[2025-12-24T16:02:09.306+0000] {processor.py:157} INFO - Started process (PID=1538) to work on /opt/airflow/dags/spark_to_elastic_dag.py
[2025-12-24T16:02:09.307+0000] {processor.py:829} INFO - Processing file /opt/airflow/dags/spark_to_elastic_dag.py for tasks to queue
[2025-12-24T16:02:09.308+0000] {logging_mixin.py:154} INFO - [2025-12-24T16:02:09.307+0000] {dagbag.py:536} INFO - Filling up the DagBag from /opt/airflow/dags/spark_to_elastic_dag.py
[2025-12-24T16:02:09.318+0000] {logging_mixin.py:154} INFO - [2025-12-24T16:02:09.316+0000] {dagbag.py:346} ERROR - Failed to import: /opt/airflow/dags/spark_to_elastic_dag.py
Traceback (most recent call last):
  File "/home/airflow/.local/lib/python3.8/site-packages/airflow/models/dagbag.py", line 342, in parse
    loader.exec_module(new_module)
  File "<frozen importlib._bootstrap_external>", line 843, in exec_module
  File "<frozen importlib._bootstrap>", line 219, in _call_with_frames_removed
  File "/opt/airflow/dags/spark_to_elastic_dag.py", line 2, in <module>
    from airflow.providers.apache.spark.operators.spark_submit import SparkSubmitOperator
ModuleNotFoundError: No module named 'airflow.providers.apache'
[2025-12-24T16:02:09.319+0000] {processor.py:841} WARNING - No viable dags retrieved from /opt/airflow/dags/spark_to_elastic_dag.py
[2025-12-24T16:02:09.344+0000] {processor.py:179} INFO - Processing /opt/airflow/dags/spark_to_elastic_dag.py took 0.041 seconds
[2025-12-24T16:02:39.825+0000] {processor.py:157} INFO - Started process (PID=1554) to work on /opt/airflow/dags/spark_to_elastic_dag.py
[2025-12-24T16:02:39.826+0000] {processor.py:829} INFO - Processing file /opt/airflow/dags/spark_to_elastic_dag.py for tasks to queue
[2025-12-24T16:02:39.828+0000] {logging_mixin.py:154} INFO - [2025-12-24T16:02:39.827+0000] {dagbag.py:536} INFO - Filling up the DagBag from /opt/airflow/dags/spark_to_elastic_dag.py
[2025-12-24T16:02:39.844+0000] {logging_mixin.py:154} INFO - [2025-12-24T16:02:39.841+0000] {dagbag.py:346} ERROR - Failed to import: /opt/airflow/dags/spark_to_elastic_dag.py
Traceback (most recent call last):
  File "/home/airflow/.local/lib/python3.8/site-packages/airflow/models/dagbag.py", line 342, in parse
    loader.exec_module(new_module)
  File "<frozen importlib._bootstrap_external>", line 843, in exec_module
  File "<frozen importlib._bootstrap>", line 219, in _call_with_frames_removed
  File "/opt/airflow/dags/spark_to_elastic_dag.py", line 2, in <module>
    from airflow.providers.apache.spark.operators.spark_submit import SparkSubmitOperator
ModuleNotFoundError: No module named 'airflow.providers.apache'
[2025-12-24T16:02:39.846+0000] {processor.py:841} WARNING - No viable dags retrieved from /opt/airflow/dags/spark_to_elastic_dag.py
[2025-12-24T16:02:39.867+0000] {processor.py:179} INFO - Processing /opt/airflow/dags/spark_to_elastic_dag.py took 0.046 seconds
[2025-12-24T16:16:21.039+0000] {processor.py:157} INFO - Started process (PID=176) to work on /opt/airflow/dags/spark_to_elastic_dag.py
[2025-12-24T16:16:21.042+0000] {processor.py:829} INFO - Processing file /opt/airflow/dags/spark_to_elastic_dag.py for tasks to queue
[2025-12-24T16:16:21.045+0000] {logging_mixin.py:154} INFO - [2025-12-24T16:16:21.044+0000] {dagbag.py:536} INFO - Filling up the DagBag from /opt/airflow/dags/spark_to_elastic_dag.py
[2025-12-24T16:16:21.089+0000] {logging_mixin.py:154} INFO - [2025-12-24T16:16:21.080+0000] {dagbag.py:346} ERROR - Failed to import: /opt/airflow/dags/spark_to_elastic_dag.py
Traceback (most recent call last):
  File "/home/airflow/.local/lib/python3.8/site-packages/airflow/models/dagbag.py", line 342, in parse
    loader.exec_module(new_module)
  File "<frozen importlib._bootstrap_external>", line 843, in exec_module
  File "<frozen importlib._bootstrap>", line 219, in _call_with_frames_removed
  File "/opt/airflow/dags/spark_to_elastic_dag.py", line 2, in <module>
    from airflow.providers.apache.spark.operators.spark_submit import SparkSubmitOperator
ModuleNotFoundError: No module named 'airflow.providers.apache'
[2025-12-24T16:16:21.093+0000] {processor.py:841} WARNING - No viable dags retrieved from /opt/airflow/dags/spark_to_elastic_dag.py
[2025-12-24T16:16:21.132+0000] {processor.py:179} INFO - Processing /opt/airflow/dags/spark_to_elastic_dag.py took 0.099 seconds
[2025-12-24T16:16:51.214+0000] {processor.py:157} INFO - Started process (PID=187) to work on /opt/airflow/dags/spark_to_elastic_dag.py
[2025-12-24T16:16:51.216+0000] {processor.py:829} INFO - Processing file /opt/airflow/dags/spark_to_elastic_dag.py for tasks to queue
[2025-12-24T16:16:51.217+0000] {logging_mixin.py:154} INFO - [2025-12-24T16:16:51.217+0000] {dagbag.py:536} INFO - Filling up the DagBag from /opt/airflow/dags/spark_to_elastic_dag.py
[2025-12-24T16:16:51.232+0000] {logging_mixin.py:154} INFO - [2025-12-24T16:16:51.229+0000] {dagbag.py:346} ERROR - Failed to import: /opt/airflow/dags/spark_to_elastic_dag.py
Traceback (most recent call last):
  File "/home/airflow/.local/lib/python3.8/site-packages/airflow/models/dagbag.py", line 342, in parse
    loader.exec_module(new_module)
  File "<frozen importlib._bootstrap_external>", line 843, in exec_module
  File "<frozen importlib._bootstrap>", line 219, in _call_with_frames_removed
  File "/opt/airflow/dags/spark_to_elastic_dag.py", line 2, in <module>
    from airflow.providers.apache.spark.operators.spark_submit import SparkSubmitOperator
ModuleNotFoundError: No module named 'airflow.providers.apache'
[2025-12-24T16:16:51.234+0000] {processor.py:841} WARNING - No viable dags retrieved from /opt/airflow/dags/spark_to_elastic_dag.py
[2025-12-24T16:16:51.270+0000] {processor.py:179} INFO - Processing /opt/airflow/dags/spark_to_elastic_dag.py took 0.061 seconds
[2025-12-24T16:17:21.810+0000] {processor.py:157} INFO - Started process (PID=203) to work on /opt/airflow/dags/spark_to_elastic_dag.py
[2025-12-24T16:17:21.811+0000] {processor.py:829} INFO - Processing file /opt/airflow/dags/spark_to_elastic_dag.py for tasks to queue
[2025-12-24T16:17:21.812+0000] {logging_mixin.py:154} INFO - [2025-12-24T16:17:21.812+0000] {dagbag.py:536} INFO - Filling up the DagBag from /opt/airflow/dags/spark_to_elastic_dag.py
[2025-12-24T16:17:21.828+0000] {logging_mixin.py:154} INFO - [2025-12-24T16:17:21.825+0000] {dagbag.py:346} ERROR - Failed to import: /opt/airflow/dags/spark_to_elastic_dag.py
Traceback (most recent call last):
  File "/home/airflow/.local/lib/python3.8/site-packages/airflow/models/dagbag.py", line 342, in parse
    loader.exec_module(new_module)
  File "<frozen importlib._bootstrap_external>", line 843, in exec_module
  File "<frozen importlib._bootstrap>", line 219, in _call_with_frames_removed
  File "/opt/airflow/dags/spark_to_elastic_dag.py", line 2, in <module>
    from airflow.providers.apache.spark.operators.spark_submit import SparkSubmitOperator
ModuleNotFoundError: No module named 'airflow.providers.apache'
[2025-12-24T16:17:21.829+0000] {processor.py:841} WARNING - No viable dags retrieved from /opt/airflow/dags/spark_to_elastic_dag.py
[2025-12-24T16:17:21.851+0000] {processor.py:179} INFO - Processing /opt/airflow/dags/spark_to_elastic_dag.py took 0.046 seconds
[2025-12-24T16:17:52.262+0000] {processor.py:157} INFO - Started process (PID=219) to work on /opt/airflow/dags/spark_to_elastic_dag.py
[2025-12-24T16:17:52.263+0000] {processor.py:829} INFO - Processing file /opt/airflow/dags/spark_to_elastic_dag.py for tasks to queue
[2025-12-24T16:17:52.264+0000] {logging_mixin.py:154} INFO - [2025-12-24T16:17:52.264+0000] {dagbag.py:536} INFO - Filling up the DagBag from /opt/airflow/dags/spark_to_elastic_dag.py
[2025-12-24T16:17:52.286+0000] {logging_mixin.py:154} INFO - [2025-12-24T16:17:52.281+0000] {dagbag.py:346} ERROR - Failed to import: /opt/airflow/dags/spark_to_elastic_dag.py
Traceback (most recent call last):
  File "/home/airflow/.local/lib/python3.8/site-packages/airflow/models/dagbag.py", line 342, in parse
    loader.exec_module(new_module)
  File "<frozen importlib._bootstrap_external>", line 843, in exec_module
  File "<frozen importlib._bootstrap>", line 219, in _call_with_frames_removed
  File "/opt/airflow/dags/spark_to_elastic_dag.py", line 2, in <module>
    from airflow.providers.apache.spark.operators.spark_submit import SparkSubmitOperator
ModuleNotFoundError: No module named 'airflow.providers.apache'
[2025-12-24T16:17:52.289+0000] {processor.py:841} WARNING - No viable dags retrieved from /opt/airflow/dags/spark_to_elastic_dag.py
[2025-12-24T16:17:52.319+0000] {processor.py:179} INFO - Processing /opt/airflow/dags/spark_to_elastic_dag.py took 0.062 seconds
[2025-12-24T16:18:22.621+0000] {processor.py:157} INFO - Started process (PID=235) to work on /opt/airflow/dags/spark_to_elastic_dag.py
[2025-12-24T16:18:22.622+0000] {processor.py:829} INFO - Processing file /opt/airflow/dags/spark_to_elastic_dag.py for tasks to queue
[2025-12-24T16:18:22.624+0000] {logging_mixin.py:154} INFO - [2025-12-24T16:18:22.623+0000] {dagbag.py:536} INFO - Filling up the DagBag from /opt/airflow/dags/spark_to_elastic_dag.py
[2025-12-24T16:18:22.659+0000] {logging_mixin.py:154} INFO - [2025-12-24T16:18:22.653+0000] {dagbag.py:346} ERROR - Failed to import: /opt/airflow/dags/spark_to_elastic_dag.py
Traceback (most recent call last):
  File "/home/airflow/.local/lib/python3.8/site-packages/airflow/models/dagbag.py", line 342, in parse
    loader.exec_module(new_module)
  File "<frozen importlib._bootstrap_external>", line 843, in exec_module
  File "<frozen importlib._bootstrap>", line 219, in _call_with_frames_removed
  File "/opt/airflow/dags/spark_to_elastic_dag.py", line 2, in <module>
    from airflow.providers.apache.spark.operators.spark_submit import SparkSubmitOperator
ModuleNotFoundError: No module named 'airflow.providers.apache'
[2025-12-24T16:18:22.662+0000] {processor.py:841} WARNING - No viable dags retrieved from /opt/airflow/dags/spark_to_elastic_dag.py
[2025-12-24T16:18:22.693+0000] {processor.py:179} INFO - Processing /opt/airflow/dags/spark_to_elastic_dag.py took 0.078 seconds
[2025-12-24T16:18:53.174+0000] {processor.py:157} INFO - Started process (PID=251) to work on /opt/airflow/dags/spark_to_elastic_dag.py
[2025-12-24T16:18:53.175+0000] {processor.py:829} INFO - Processing file /opt/airflow/dags/spark_to_elastic_dag.py for tasks to queue
[2025-12-24T16:18:53.176+0000] {logging_mixin.py:154} INFO - [2025-12-24T16:18:53.176+0000] {dagbag.py:536} INFO - Filling up the DagBag from /opt/airflow/dags/spark_to_elastic_dag.py
[2025-12-24T16:18:53.188+0000] {logging_mixin.py:154} INFO - [2025-12-24T16:18:53.185+0000] {dagbag.py:346} ERROR - Failed to import: /opt/airflow/dags/spark_to_elastic_dag.py
Traceback (most recent call last):
  File "/home/airflow/.local/lib/python3.8/site-packages/airflow/models/dagbag.py", line 342, in parse
    loader.exec_module(new_module)
  File "<frozen importlib._bootstrap_external>", line 843, in exec_module
  File "<frozen importlib._bootstrap>", line 219, in _call_with_frames_removed
  File "/opt/airflow/dags/spark_to_elastic_dag.py", line 2, in <module>
    from airflow.providers.apache.spark.operators.spark_submit import SparkSubmitOperator
ModuleNotFoundError: No module named 'airflow.providers.apache'
[2025-12-24T16:18:53.189+0000] {processor.py:841} WARNING - No viable dags retrieved from /opt/airflow/dags/spark_to_elastic_dag.py
[2025-12-24T16:18:53.215+0000] {processor.py:179} INFO - Processing /opt/airflow/dags/spark_to_elastic_dag.py took 0.044 seconds
[2025-12-24T16:19:23.692+0000] {processor.py:157} INFO - Started process (PID=267) to work on /opt/airflow/dags/spark_to_elastic_dag.py
[2025-12-24T16:19:23.693+0000] {processor.py:829} INFO - Processing file /opt/airflow/dags/spark_to_elastic_dag.py for tasks to queue
[2025-12-24T16:19:23.694+0000] {logging_mixin.py:154} INFO - [2025-12-24T16:19:23.694+0000] {dagbag.py:536} INFO - Filling up the DagBag from /opt/airflow/dags/spark_to_elastic_dag.py
[2025-12-24T16:19:23.707+0000] {logging_mixin.py:154} INFO - [2025-12-24T16:19:23.704+0000] {dagbag.py:346} ERROR - Failed to import: /opt/airflow/dags/spark_to_elastic_dag.py
Traceback (most recent call last):
  File "/home/airflow/.local/lib/python3.8/site-packages/airflow/models/dagbag.py", line 342, in parse
    loader.exec_module(new_module)
  File "<frozen importlib._bootstrap_external>", line 843, in exec_module
  File "<frozen importlib._bootstrap>", line 219, in _call_with_frames_removed
  File "/opt/airflow/dags/spark_to_elastic_dag.py", line 2, in <module>
    from airflow.providers.apache.spark.operators.spark_submit import SparkSubmitOperator
ModuleNotFoundError: No module named 'airflow.providers.apache'
[2025-12-24T16:19:23.709+0000] {processor.py:841} WARNING - No viable dags retrieved from /opt/airflow/dags/spark_to_elastic_dag.py
[2025-12-24T16:19:23.726+0000] {processor.py:179} INFO - Processing /opt/airflow/dags/spark_to_elastic_dag.py took 0.037 seconds
[2025-12-24T16:19:54.208+0000] {processor.py:157} INFO - Started process (PID=283) to work on /opt/airflow/dags/spark_to_elastic_dag.py
[2025-12-24T16:19:54.209+0000] {processor.py:829} INFO - Processing file /opt/airflow/dags/spark_to_elastic_dag.py for tasks to queue
[2025-12-24T16:19:54.211+0000] {logging_mixin.py:154} INFO - [2025-12-24T16:19:54.210+0000] {dagbag.py:536} INFO - Filling up the DagBag from /opt/airflow/dags/spark_to_elastic_dag.py
[2025-12-24T16:19:54.234+0000] {logging_mixin.py:154} INFO - [2025-12-24T16:19:54.230+0000] {dagbag.py:346} ERROR - Failed to import: /opt/airflow/dags/spark_to_elastic_dag.py
Traceback (most recent call last):
  File "/home/airflow/.local/lib/python3.8/site-packages/airflow/models/dagbag.py", line 342, in parse
    loader.exec_module(new_module)
  File "<frozen importlib._bootstrap_external>", line 843, in exec_module
  File "<frozen importlib._bootstrap>", line 219, in _call_with_frames_removed
  File "/opt/airflow/dags/spark_to_elastic_dag.py", line 2, in <module>
    from airflow.providers.apache.spark.operators.spark_submit import SparkSubmitOperator
ModuleNotFoundError: No module named 'airflow.providers.apache'
[2025-12-24T16:19:54.236+0000] {processor.py:841} WARNING - No viable dags retrieved from /opt/airflow/dags/spark_to_elastic_dag.py
[2025-12-24T16:19:54.265+0000] {processor.py:179} INFO - Processing /opt/airflow/dags/spark_to_elastic_dag.py took 0.065 seconds
[2025-12-24T16:20:24.715+0000] {processor.py:157} INFO - Started process (PID=299) to work on /opt/airflow/dags/spark_to_elastic_dag.py
[2025-12-24T16:20:24.716+0000] {processor.py:829} INFO - Processing file /opt/airflow/dags/spark_to_elastic_dag.py for tasks to queue
[2025-12-24T16:20:24.717+0000] {logging_mixin.py:154} INFO - [2025-12-24T16:20:24.717+0000] {dagbag.py:536} INFO - Filling up the DagBag from /opt/airflow/dags/spark_to_elastic_dag.py
[2025-12-24T16:20:24.733+0000] {logging_mixin.py:154} INFO - [2025-12-24T16:20:24.729+0000] {dagbag.py:346} ERROR - Failed to import: /opt/airflow/dags/spark_to_elastic_dag.py
Traceback (most recent call last):
  File "/home/airflow/.local/lib/python3.8/site-packages/airflow/models/dagbag.py", line 342, in parse
    loader.exec_module(new_module)
  File "<frozen importlib._bootstrap_external>", line 843, in exec_module
  File "<frozen importlib._bootstrap>", line 219, in _call_with_frames_removed
  File "/opt/airflow/dags/spark_to_elastic_dag.py", line 2, in <module>
    from airflow.providers.apache.spark.operators.spark_submit import SparkSubmitOperator
ModuleNotFoundError: No module named 'airflow.providers.apache'
[2025-12-24T16:20:24.735+0000] {processor.py:841} WARNING - No viable dags retrieved from /opt/airflow/dags/spark_to_elastic_dag.py
[2025-12-24T16:20:24.756+0000] {processor.py:179} INFO - Processing /opt/airflow/dags/spark_to_elastic_dag.py took 0.044 seconds
[2025-12-24T16:20:55.209+0000] {processor.py:157} INFO - Started process (PID=315) to work on /opt/airflow/dags/spark_to_elastic_dag.py
[2025-12-24T16:20:55.210+0000] {processor.py:829} INFO - Processing file /opt/airflow/dags/spark_to_elastic_dag.py for tasks to queue
[2025-12-24T16:20:55.210+0000] {logging_mixin.py:154} INFO - [2025-12-24T16:20:55.210+0000] {dagbag.py:536} INFO - Filling up the DagBag from /opt/airflow/dags/spark_to_elastic_dag.py
[2025-12-24T16:20:55.223+0000] {logging_mixin.py:154} INFO - [2025-12-24T16:20:55.220+0000] {dagbag.py:346} ERROR - Failed to import: /opt/airflow/dags/spark_to_elastic_dag.py
Traceback (most recent call last):
  File "/home/airflow/.local/lib/python3.8/site-packages/airflow/models/dagbag.py", line 342, in parse
    loader.exec_module(new_module)
  File "<frozen importlib._bootstrap_external>", line 843, in exec_module
  File "<frozen importlib._bootstrap>", line 219, in _call_with_frames_removed
  File "/opt/airflow/dags/spark_to_elastic_dag.py", line 2, in <module>
    from airflow.providers.apache.spark.operators.spark_submit import SparkSubmitOperator
ModuleNotFoundError: No module named 'airflow.providers.apache'
[2025-12-24T16:20:55.224+0000] {processor.py:841} WARNING - No viable dags retrieved from /opt/airflow/dags/spark_to_elastic_dag.py
[2025-12-24T16:20:55.241+0000] {processor.py:179} INFO - Processing /opt/airflow/dags/spark_to_elastic_dag.py took 0.036 seconds
[2025-12-24T16:21:25.739+0000] {processor.py:157} INFO - Started process (PID=331) to work on /opt/airflow/dags/spark_to_elastic_dag.py
[2025-12-24T16:21:25.740+0000] {processor.py:829} INFO - Processing file /opt/airflow/dags/spark_to_elastic_dag.py for tasks to queue
[2025-12-24T16:21:25.741+0000] {logging_mixin.py:154} INFO - [2025-12-24T16:21:25.741+0000] {dagbag.py:536} INFO - Filling up the DagBag from /opt/airflow/dags/spark_to_elastic_dag.py
[2025-12-24T16:21:25.753+0000] {logging_mixin.py:154} INFO - [2025-12-24T16:21:25.750+0000] {dagbag.py:346} ERROR - Failed to import: /opt/airflow/dags/spark_to_elastic_dag.py
Traceback (most recent call last):
  File "/home/airflow/.local/lib/python3.8/site-packages/airflow/models/dagbag.py", line 342, in parse
    loader.exec_module(new_module)
  File "<frozen importlib._bootstrap_external>", line 843, in exec_module
  File "<frozen importlib._bootstrap>", line 219, in _call_with_frames_removed
  File "/opt/airflow/dags/spark_to_elastic_dag.py", line 2, in <module>
    from airflow.providers.apache.spark.operators.spark_submit import SparkSubmitOperator
ModuleNotFoundError: No module named 'airflow.providers.apache'
[2025-12-24T16:21:25.754+0000] {processor.py:841} WARNING - No viable dags retrieved from /opt/airflow/dags/spark_to_elastic_dag.py
[2025-12-24T16:21:25.772+0000] {processor.py:179} INFO - Processing /opt/airflow/dags/spark_to_elastic_dag.py took 0.036 seconds
[2025-12-24T16:21:56.242+0000] {processor.py:157} INFO - Started process (PID=347) to work on /opt/airflow/dags/spark_to_elastic_dag.py
[2025-12-24T16:21:56.243+0000] {processor.py:829} INFO - Processing file /opt/airflow/dags/spark_to_elastic_dag.py for tasks to queue
[2025-12-24T16:21:56.244+0000] {logging_mixin.py:154} INFO - [2025-12-24T16:21:56.243+0000] {dagbag.py:536} INFO - Filling up the DagBag from /opt/airflow/dags/spark_to_elastic_dag.py
[2025-12-24T16:21:56.255+0000] {logging_mixin.py:154} INFO - [2025-12-24T16:21:56.252+0000] {dagbag.py:346} ERROR - Failed to import: /opt/airflow/dags/spark_to_elastic_dag.py
Traceback (most recent call last):
  File "/home/airflow/.local/lib/python3.8/site-packages/airflow/models/dagbag.py", line 342, in parse
    loader.exec_module(new_module)
  File "<frozen importlib._bootstrap_external>", line 843, in exec_module
  File "<frozen importlib._bootstrap>", line 219, in _call_with_frames_removed
  File "/opt/airflow/dags/spark_to_elastic_dag.py", line 2, in <module>
    from airflow.providers.apache.spark.operators.spark_submit import SparkSubmitOperator
ModuleNotFoundError: No module named 'airflow.providers.apache'
[2025-12-24T16:21:56.256+0000] {processor.py:841} WARNING - No viable dags retrieved from /opt/airflow/dags/spark_to_elastic_dag.py
[2025-12-24T16:21:56.282+0000] {processor.py:179} INFO - Processing /opt/airflow/dags/spark_to_elastic_dag.py took 0.044 seconds
[2025-12-24T16:22:26.754+0000] {processor.py:157} INFO - Started process (PID=363) to work on /opt/airflow/dags/spark_to_elastic_dag.py
[2025-12-24T16:22:26.755+0000] {processor.py:829} INFO - Processing file /opt/airflow/dags/spark_to_elastic_dag.py for tasks to queue
[2025-12-24T16:22:26.756+0000] {logging_mixin.py:154} INFO - [2025-12-24T16:22:26.756+0000] {dagbag.py:536} INFO - Filling up the DagBag from /opt/airflow/dags/spark_to_elastic_dag.py
[2025-12-24T16:22:26.775+0000] {logging_mixin.py:154} INFO - [2025-12-24T16:22:26.771+0000] {dagbag.py:346} ERROR - Failed to import: /opt/airflow/dags/spark_to_elastic_dag.py
Traceback (most recent call last):
  File "/home/airflow/.local/lib/python3.8/site-packages/airflow/models/dagbag.py", line 342, in parse
    loader.exec_module(new_module)
  File "<frozen importlib._bootstrap_external>", line 843, in exec_module
  File "<frozen importlib._bootstrap>", line 219, in _call_with_frames_removed
  File "/opt/airflow/dags/spark_to_elastic_dag.py", line 2, in <module>
    from airflow.providers.apache.spark.operators.spark_submit import SparkSubmitOperator
ModuleNotFoundError: No module named 'airflow.providers.apache'
[2025-12-24T16:22:26.777+0000] {processor.py:841} WARNING - No viable dags retrieved from /opt/airflow/dags/spark_to_elastic_dag.py
[2025-12-24T16:22:26.798+0000] {processor.py:179} INFO - Processing /opt/airflow/dags/spark_to_elastic_dag.py took 0.048 seconds
[2025-12-24T16:22:57.199+0000] {processor.py:157} INFO - Started process (PID=379) to work on /opt/airflow/dags/spark_to_elastic_dag.py
[2025-12-24T16:22:57.201+0000] {processor.py:829} INFO - Processing file /opt/airflow/dags/spark_to_elastic_dag.py for tasks to queue
[2025-12-24T16:22:57.202+0000] {logging_mixin.py:154} INFO - [2025-12-24T16:22:57.202+0000] {dagbag.py:536} INFO - Filling up the DagBag from /opt/airflow/dags/spark_to_elastic_dag.py
[2025-12-24T16:22:57.216+0000] {logging_mixin.py:154} INFO - [2025-12-24T16:22:57.213+0000] {dagbag.py:346} ERROR - Failed to import: /opt/airflow/dags/spark_to_elastic_dag.py
Traceback (most recent call last):
  File "/home/airflow/.local/lib/python3.8/site-packages/airflow/models/dagbag.py", line 342, in parse
    loader.exec_module(new_module)
  File "<frozen importlib._bootstrap_external>", line 843, in exec_module
  File "<frozen importlib._bootstrap>", line 219, in _call_with_frames_removed
  File "/opt/airflow/dags/spark_to_elastic_dag.py", line 2, in <module>
    from airflow.providers.apache.spark.operators.spark_submit import SparkSubmitOperator
ModuleNotFoundError: No module named 'airflow.providers.apache'
[2025-12-24T16:22:57.217+0000] {processor.py:841} WARNING - No viable dags retrieved from /opt/airflow/dags/spark_to_elastic_dag.py
[2025-12-24T16:22:57.241+0000] {processor.py:179} INFO - Processing /opt/airflow/dags/spark_to_elastic_dag.py took 0.045 seconds
[2025-12-24T16:23:27.636+0000] {processor.py:157} INFO - Started process (PID=395) to work on /opt/airflow/dags/spark_to_elastic_dag.py
[2025-12-24T16:23:27.637+0000] {processor.py:829} INFO - Processing file /opt/airflow/dags/spark_to_elastic_dag.py for tasks to queue
[2025-12-24T16:23:27.638+0000] {logging_mixin.py:154} INFO - [2025-12-24T16:23:27.638+0000] {dagbag.py:536} INFO - Filling up the DagBag from /opt/airflow/dags/spark_to_elastic_dag.py
[2025-12-24T16:23:27.653+0000] {logging_mixin.py:154} INFO - [2025-12-24T16:23:27.649+0000] {dagbag.py:346} ERROR - Failed to import: /opt/airflow/dags/spark_to_elastic_dag.py
Traceback (most recent call last):
  File "/home/airflow/.local/lib/python3.8/site-packages/airflow/models/dagbag.py", line 342, in parse
    loader.exec_module(new_module)
  File "<frozen importlib._bootstrap_external>", line 843, in exec_module
  File "<frozen importlib._bootstrap>", line 219, in _call_with_frames_removed
  File "/opt/airflow/dags/spark_to_elastic_dag.py", line 2, in <module>
    from airflow.providers.apache.spark.operators.spark_submit import SparkSubmitOperator
ModuleNotFoundError: No module named 'airflow.providers.apache'
[2025-12-24T16:23:27.654+0000] {processor.py:841} WARNING - No viable dags retrieved from /opt/airflow/dags/spark_to_elastic_dag.py
[2025-12-24T16:23:27.681+0000] {processor.py:179} INFO - Processing /opt/airflow/dags/spark_to_elastic_dag.py took 0.049 seconds
[2025-12-24T16:24:44.668+0000] {processor.py:157} INFO - Started process (PID=176) to work on /opt/airflow/dags/spark_to_elastic_dag.py
[2025-12-24T16:24:44.674+0000] {processor.py:829} INFO - Processing file /opt/airflow/dags/spark_to_elastic_dag.py for tasks to queue
[2025-12-24T16:24:44.678+0000] {logging_mixin.py:154} INFO - [2025-12-24T16:24:44.677+0000] {dagbag.py:536} INFO - Filling up the DagBag from /opt/airflow/dags/spark_to_elastic_dag.py
[2025-12-24T16:24:44.736+0000] {logging_mixin.py:154} INFO - [2025-12-24T16:24:44.725+0000] {dagbag.py:346} ERROR - Failed to import: /opt/airflow/dags/spark_to_elastic_dag.py
Traceback (most recent call last):
  File "/home/airflow/.local/lib/python3.8/site-packages/airflow/models/dagbag.py", line 342, in parse
    loader.exec_module(new_module)
  File "<frozen importlib._bootstrap_external>", line 843, in exec_module
  File "<frozen importlib._bootstrap>", line 219, in _call_with_frames_removed
  File "/opt/airflow/dags/spark_to_elastic_dag.py", line 2, in <module>
    from airflow.providers.apache.spark.operators.spark_submit import SparkSubmitOperator
ModuleNotFoundError: No module named 'airflow.providers.apache'
[2025-12-24T16:24:44.740+0000] {processor.py:841} WARNING - No viable dags retrieved from /opt/airflow/dags/spark_to_elastic_dag.py
[2025-12-24T16:24:44.839+0000] {processor.py:179} INFO - Processing /opt/airflow/dags/spark_to_elastic_dag.py took 0.186 seconds
[2025-12-24T16:25:15.110+0000] {processor.py:157} INFO - Started process (PID=186) to work on /opt/airflow/dags/spark_to_elastic_dag.py
[2025-12-24T16:25:15.111+0000] {processor.py:829} INFO - Processing file /opt/airflow/dags/spark_to_elastic_dag.py for tasks to queue
[2025-12-24T16:25:15.112+0000] {logging_mixin.py:154} INFO - [2025-12-24T16:25:15.112+0000] {dagbag.py:536} INFO - Filling up the DagBag from /opt/airflow/dags/spark_to_elastic_dag.py
[2025-12-24T16:25:15.127+0000] {logging_mixin.py:154} INFO - [2025-12-24T16:25:15.124+0000] {dagbag.py:346} ERROR - Failed to import: /opt/airflow/dags/spark_to_elastic_dag.py
Traceback (most recent call last):
  File "/home/airflow/.local/lib/python3.8/site-packages/airflow/models/dagbag.py", line 342, in parse
    loader.exec_module(new_module)
  File "<frozen importlib._bootstrap_external>", line 843, in exec_module
  File "<frozen importlib._bootstrap>", line 219, in _call_with_frames_removed
  File "/opt/airflow/dags/spark_to_elastic_dag.py", line 2, in <module>
    from airflow.providers.apache.spark.operators.spark_submit import SparkSubmitOperator
ModuleNotFoundError: No module named 'airflow.providers.apache'
[2025-12-24T16:25:15.129+0000] {processor.py:841} WARNING - No viable dags retrieved from /opt/airflow/dags/spark_to_elastic_dag.py
[2025-12-24T16:25:15.153+0000] {processor.py:179} INFO - Processing /opt/airflow/dags/spark_to_elastic_dag.py took 0.046 seconds
[2025-12-24T16:25:45.567+0000] {processor.py:157} INFO - Started process (PID=202) to work on /opt/airflow/dags/spark_to_elastic_dag.py
[2025-12-24T16:25:45.569+0000] {processor.py:829} INFO - Processing file /opt/airflow/dags/spark_to_elastic_dag.py for tasks to queue
[2025-12-24T16:25:45.570+0000] {logging_mixin.py:154} INFO - [2025-12-24T16:25:45.569+0000] {dagbag.py:536} INFO - Filling up the DagBag from /opt/airflow/dags/spark_to_elastic_dag.py
[2025-12-24T16:25:45.585+0000] {logging_mixin.py:154} INFO - [2025-12-24T16:25:45.581+0000] {dagbag.py:346} ERROR - Failed to import: /opt/airflow/dags/spark_to_elastic_dag.py
Traceback (most recent call last):
  File "/home/airflow/.local/lib/python3.8/site-packages/airflow/models/dagbag.py", line 342, in parse
    loader.exec_module(new_module)
  File "<frozen importlib._bootstrap_external>", line 843, in exec_module
  File "<frozen importlib._bootstrap>", line 219, in _call_with_frames_removed
  File "/opt/airflow/dags/spark_to_elastic_dag.py", line 2, in <module>
    from airflow.providers.apache.spark.operators.spark_submit import SparkSubmitOperator
ModuleNotFoundError: No module named 'airflow.providers.apache'
[2025-12-24T16:25:45.586+0000] {processor.py:841} WARNING - No viable dags retrieved from /opt/airflow/dags/spark_to_elastic_dag.py
[2025-12-24T16:25:45.606+0000] {processor.py:179} INFO - Processing /opt/airflow/dags/spark_to_elastic_dag.py took 0.043 seconds
[2025-12-24T16:26:16.070+0000] {processor.py:157} INFO - Started process (PID=218) to work on /opt/airflow/dags/spark_to_elastic_dag.py
[2025-12-24T16:26:16.071+0000] {processor.py:829} INFO - Processing file /opt/airflow/dags/spark_to_elastic_dag.py for tasks to queue
[2025-12-24T16:26:16.072+0000] {logging_mixin.py:154} INFO - [2025-12-24T16:26:16.071+0000] {dagbag.py:536} INFO - Filling up the DagBag from /opt/airflow/dags/spark_to_elastic_dag.py
[2025-12-24T16:26:16.083+0000] {logging_mixin.py:154} INFO - [2025-12-24T16:26:16.081+0000] {dagbag.py:346} ERROR - Failed to import: /opt/airflow/dags/spark_to_elastic_dag.py
Traceback (most recent call last):
  File "/home/airflow/.local/lib/python3.8/site-packages/airflow/models/dagbag.py", line 342, in parse
    loader.exec_module(new_module)
  File "<frozen importlib._bootstrap_external>", line 843, in exec_module
  File "<frozen importlib._bootstrap>", line 219, in _call_with_frames_removed
  File "/opt/airflow/dags/spark_to_elastic_dag.py", line 2, in <module>
    from airflow.providers.apache.spark.operators.spark_submit import SparkSubmitOperator
ModuleNotFoundError: No module named 'airflow.providers.apache'
[2025-12-24T16:26:16.084+0000] {processor.py:841} WARNING - No viable dags retrieved from /opt/airflow/dags/spark_to_elastic_dag.py
[2025-12-24T16:26:16.112+0000] {processor.py:179} INFO - Processing /opt/airflow/dags/spark_to_elastic_dag.py took 0.045 seconds
[2025-12-24T16:26:46.623+0000] {processor.py:157} INFO - Started process (PID=234) to work on /opt/airflow/dags/spark_to_elastic_dag.py
[2025-12-24T16:26:46.625+0000] {processor.py:829} INFO - Processing file /opt/airflow/dags/spark_to_elastic_dag.py for tasks to queue
[2025-12-24T16:26:46.626+0000] {logging_mixin.py:154} INFO - [2025-12-24T16:26:46.626+0000] {dagbag.py:536} INFO - Filling up the DagBag from /opt/airflow/dags/spark_to_elastic_dag.py
[2025-12-24T16:26:46.645+0000] {logging_mixin.py:154} INFO - [2025-12-24T16:26:46.640+0000] {dagbag.py:346} ERROR - Failed to import: /opt/airflow/dags/spark_to_elastic_dag.py
Traceback (most recent call last):
  File "/home/airflow/.local/lib/python3.8/site-packages/airflow/models/dagbag.py", line 342, in parse
    loader.exec_module(new_module)
  File "<frozen importlib._bootstrap_external>", line 843, in exec_module
  File "<frozen importlib._bootstrap>", line 219, in _call_with_frames_removed
  File "/opt/airflow/dags/spark_to_elastic_dag.py", line 2, in <module>
    from airflow.providers.apache.spark.operators.spark_submit import SparkSubmitOperator
ModuleNotFoundError: No module named 'airflow.providers.apache'
[2025-12-24T16:26:46.647+0000] {processor.py:841} WARNING - No viable dags retrieved from /opt/airflow/dags/spark_to_elastic_dag.py
[2025-12-24T16:26:46.673+0000] {processor.py:179} INFO - Processing /opt/airflow/dags/spark_to_elastic_dag.py took 0.056 seconds
[2025-12-24T16:27:17.168+0000] {processor.py:157} INFO - Started process (PID=250) to work on /opt/airflow/dags/spark_to_elastic_dag.py
[2025-12-24T16:27:17.170+0000] {processor.py:829} INFO - Processing file /opt/airflow/dags/spark_to_elastic_dag.py for tasks to queue
[2025-12-24T16:27:17.173+0000] {logging_mixin.py:154} INFO - [2025-12-24T16:27:17.172+0000] {dagbag.py:536} INFO - Filling up the DagBag from /opt/airflow/dags/spark_to_elastic_dag.py
[2025-12-24T16:27:17.201+0000] {logging_mixin.py:154} INFO - [2025-12-24T16:27:17.195+0000] {dagbag.py:346} ERROR - Failed to import: /opt/airflow/dags/spark_to_elastic_dag.py
Traceback (most recent call last):
  File "/home/airflow/.local/lib/python3.8/site-packages/airflow/models/dagbag.py", line 342, in parse
    loader.exec_module(new_module)
  File "<frozen importlib._bootstrap_external>", line 843, in exec_module
  File "<frozen importlib._bootstrap>", line 219, in _call_with_frames_removed
  File "/opt/airflow/dags/spark_to_elastic_dag.py", line 2, in <module>
    from airflow.providers.apache.spark.operators.spark_submit import SparkSubmitOperator
ModuleNotFoundError: No module named 'airflow.providers.apache'
[2025-12-24T16:27:17.203+0000] {processor.py:841} WARNING - No viable dags retrieved from /opt/airflow/dags/spark_to_elastic_dag.py
[2025-12-24T16:27:17.241+0000] {processor.py:179} INFO - Processing /opt/airflow/dags/spark_to_elastic_dag.py took 0.080 seconds
[2025-12-24T16:27:47.709+0000] {processor.py:157} INFO - Started process (PID=266) to work on /opt/airflow/dags/spark_to_elastic_dag.py
[2025-12-24T16:27:47.710+0000] {processor.py:829} INFO - Processing file /opt/airflow/dags/spark_to_elastic_dag.py for tasks to queue
[2025-12-24T16:27:47.711+0000] {logging_mixin.py:154} INFO - [2025-12-24T16:27:47.711+0000] {dagbag.py:536} INFO - Filling up the DagBag from /opt/airflow/dags/spark_to_elastic_dag.py
[2025-12-24T16:27:47.727+0000] {logging_mixin.py:154} INFO - [2025-12-24T16:27:47.724+0000] {dagbag.py:346} ERROR - Failed to import: /opt/airflow/dags/spark_to_elastic_dag.py
Traceback (most recent call last):
  File "/home/airflow/.local/lib/python3.8/site-packages/airflow/models/dagbag.py", line 342, in parse
    loader.exec_module(new_module)
  File "<frozen importlib._bootstrap_external>", line 843, in exec_module
  File "<frozen importlib._bootstrap>", line 219, in _call_with_frames_removed
  File "/opt/airflow/dags/spark_to_elastic_dag.py", line 2, in <module>
    from airflow.providers.apache.spark.operators.spark_submit import SparkSubmitOperator
ModuleNotFoundError: No module named 'airflow.providers.apache'
[2025-12-24T16:27:47.729+0000] {processor.py:841} WARNING - No viable dags retrieved from /opt/airflow/dags/spark_to_elastic_dag.py
[2025-12-24T16:27:47.759+0000] {processor.py:179} INFO - Processing /opt/airflow/dags/spark_to_elastic_dag.py took 0.053 seconds
[2025-12-24T16:28:18.276+0000] {processor.py:157} INFO - Started process (PID=282) to work on /opt/airflow/dags/spark_to_elastic_dag.py
[2025-12-24T16:28:18.277+0000] {processor.py:829} INFO - Processing file /opt/airflow/dags/spark_to_elastic_dag.py for tasks to queue
[2025-12-24T16:28:18.278+0000] {logging_mixin.py:154} INFO - [2025-12-24T16:28:18.278+0000] {dagbag.py:536} INFO - Filling up the DagBag from /opt/airflow/dags/spark_to_elastic_dag.py
[2025-12-24T16:28:18.299+0000] {logging_mixin.py:154} INFO - [2025-12-24T16:28:18.294+0000] {dagbag.py:346} ERROR - Failed to import: /opt/airflow/dags/spark_to_elastic_dag.py
Traceback (most recent call last):
  File "/home/airflow/.local/lib/python3.8/site-packages/airflow/models/dagbag.py", line 342, in parse
    loader.exec_module(new_module)
  File "<frozen importlib._bootstrap_external>", line 843, in exec_module
  File "<frozen importlib._bootstrap>", line 219, in _call_with_frames_removed
  File "/opt/airflow/dags/spark_to_elastic_dag.py", line 2, in <module>
    from airflow.providers.apache.spark.operators.spark_submit import SparkSubmitOperator
ModuleNotFoundError: No module named 'airflow.providers.apache'
[2025-12-24T16:28:18.301+0000] {processor.py:841} WARNING - No viable dags retrieved from /opt/airflow/dags/spark_to_elastic_dag.py
[2025-12-24T16:28:18.340+0000] {processor.py:179} INFO - Processing /opt/airflow/dags/spark_to_elastic_dag.py took 0.067 seconds
